,AG,Mouse#,Recording,distance,trajectory,mouse,cell_num,channel,pos,src,data_direc,group,average_shuffling,isif_sdf_threshold,mu,sigma,cell_dir,trials,bin_width,classifications,classification_vals,baseline_length,baseline_start,trial_length,trial_start,trial_percentile,average_percentile,in_bin_threshold,ex_bin_threshold,con_in_bin_threshold,con_ex_bin_threshold,trial_excitation_areas,trial_inhibition_areas,class_dict,baseline_freq,baseline_cv,baseline_avg_isi,baseline_first_spike,baseline_last_spike,stim_freq,stim_cv,stim_avg_isi,stim_first_spike,stim_last_spike,isif_inhibition,average_classification_val,avg_bin_results,pre_exp_freq,pre_exp_cv,pre_exp_avg_isi,post_exp_freq,post_exp_cv,post_exp_avg_isi,excitation_threshold,inhibition_threshold,neural_response,neural_response_val
0,AG7499,5,02-17-22,1.7,5,6-OHDA,55,9,left,/Users/johnparker/paper_repos/Aristieta_Parker_Gao_Gittis_Rubin_2024_D1_GPe/data/d1_msns/pre_processed_data/6-OHDA_D1-MSNs_cell_body_stim/Neuron_0055,/Users/johnparker/paper_repos/Aristieta_Parker_Gao_Gittis_Rubin_2024_D1_GPe/data/d1_msns/pre_processed_data/6-OHDA_D1-MSNs_cell_body_stim,6-OHDA_D1-MSNs_cell_body_stim,True,25,250,0.025,/Users/johnparker/paper_repos/Aristieta_Parker_Gao_Gittis_Rubin_2024_D1_GPe/data/d1_msns/processed_data/6-OHDA_D1-MSNs_cell_body_stim/Neuron_0055,10,0.05,"['adapting inhibition', 'no effect', 'biphasic IE', 'biphasic IE', 'biphasic IE', 'biphasic IE', 'biphasic IE', 'adapting inhibition', 'partial inhibition', 'biphasic IE']",[1 3 5 5 5 5 5 1 2 5],1.0,1.0,1.0,0.0,99,90,3,3,2,2,[0.17599488 0.18179521 0.2122871  ... 5.26541186 5.31568247 5.4466395 ],[0.15865293 0.17599488 0.21161487 ... 5.26388482 5.31568247 5.4466395 ],"{'complete inhibition': 0, 'adapting inhibition': 1, 'partial inhibition': 2, 'no effect': 3, 'excitation': 4, 'biphasic IE': 5, 'biphasic EI': 6}",47.7,0.41309248313926494,0.022063687795507186,0.013184999999991476,0.9879049999999914,46.4,0.7371630681895711,0.020915187055906687,0.0840999999999866,0.9826324999999898,False,3.7,"[1.  0.8 0.4 0.1 0.1 0.4 0.7 0.8 0.8 1.2 1.6 0.8 0.2 0.4 0.8 0.6 0.7 1.2
 0.9 0.2]",38.0350056544063,0.746804986630638,0.026271721311475413,30.933169756019957,1.6098595093520398,0.025482307692307696,3.4758813169713396,1.4293312439475576,biphasic IE,5
1,AG7499,5,02-17-22,1.7,5,6-OHDA,52,13,left,/Users/johnparker/paper_repos/Aristieta_Parker_Gao_Gittis_Rubin_2024_D1_GPe/data/d1_msns/pre_processed_data/6-OHDA_D1-MSNs_cell_body_stim/Neuron_0052,/Users/johnparker/paper_repos/Aristieta_Parker_Gao_Gittis_Rubin_2024_D1_GPe/data/d1_msns/pre_processed_data/6-OHDA_D1-MSNs_cell_body_stim,6-OHDA_D1-MSNs_cell_body_stim,True,25,250,0.025,/Users/johnparker/paper_repos/Aristieta_Parker_Gao_Gittis_Rubin_2024_D1_GPe/data/d1_msns/processed_data/6-OHDA_D1-MSNs_cell_body_stim/Neuron_0052,10,0.05,"['excitation', 'biphasic IE', 'excitation', 'no effect', 'no effect', 'no effect', 'excitation', 'excitation', 'excitation', 'excitation']",[4 5 4 3 3 3 4 4 4 4],1.0,1.0,1.0,0.0,99,90,3,3,2,2,"[7.34033424e-229 7.34033424e-229 1.21337844e-201 ... 3.42409055e+000
 3.48270147e+000 3.49247976e+000]",[0.00115034 0.00148012 0.0015219  ... 0.04289665 0.04289665 0.04289665],"{'complete inhibition': 0, 'adapting inhibition': 1, 'partial inhibition': 2, 'no effect': 3, 'excitation': 4, 'biphasic IE': 5, 'biphasic EI': 6}",12.4,0.9859908020864994,0.10025126698975007,0.11481750000000304,0.9188450000000004,27.9,0.9068790160111238,0.03625203578414394,0.0483075000000035,0.9756950000000074,True,3.8,"[0.3 0.1 0.2 0.  0.  0.2 0.6 0.4 0.4 0.4 1.2 0.6 0.8 1.  0.8 1.  1.  1.
 0.6 0.8]",10.218562995322696,1.0562278283513673,0.09787040302267003,8.549702204629291,1.7569665907616074,0.11722876506024088,1.4493511847414964,0.02261360353172274,excitation,4
2,AG8020,4,06-23-22,1.7,6,6-OHDA,64,16,left,/Users/johnparker/paper_repos/Aristieta_Parker_Gao_Gittis_Rubin_2024_D1_GPe/data/d1_msns/pre_processed_data/6-OHDA_D1-MSNs_cell_body_stim/Neuron_0064,/Users/johnparker/paper_repos/Aristieta_Parker_Gao_Gittis_Rubin_2024_D1_GPe/data/d1_msns/pre_processed_data/6-OHDA_D1-MSNs_cell_body_stim,6-OHDA_D1-MSNs_cell_body_stim,True,25,250,0.025,/Users/johnparker/paper_repos/Aristieta_Parker_Gao_Gittis_Rubin_2024_D1_GPe/data/d1_msns/processed_data/6-OHDA_D1-MSNs_cell_body_stim/Neuron_0064,10,0.05,"['excitation', 'excitation', 'excitation', 'excitation', 'excitation', 'excitation', 'no effect', 'excitation', 'no effect', 'excitation']",[4 4 4 4 4 4 3 4 3 4],1.0,1.0,1.0,0.0,99,90,3,3,2,2,[0.01840022 0.02700558 0.06036124 ... 5.02855452 5.0542917  5.2109241 ],[0.00064416 0.00066582 0.00071458 ... 0.00618507 0.00623516 0.00739012],"{'complete inhibition': 0, 'adapting inhibition': 1, 'partial inhibition': 2, 'no effect': 3, 'excitation': 4, 'biphasic IE': 5, 'biphasic EI': 6}",43.5,0.6792034658729544,0.023986925309900944,0.019327500000009223,0.9841800000000042,74.5,0.6788454612036394,0.015751290698256655,0.010692499999999683,0.9929249999999946,True,3.8,"[0.2 1.6 0.6 0.6 1.  1.  1.2 0.8 0.6 1.  0.8 1.  1.  1.  1.  1.  1.  1.
 1.2 0.6]",47.39165473856406,0.6050692386359905,0.021101713922979264,15.356179158096475,0.9440042561505578,0.06512614379084969,3.2331020591658994,0.002367842954719185,excitation,4
3,AG8020,4,06-23-22,1.7,6,6-OHDA,63,12,left,/Users/johnparker/paper_repos/Aristieta_Parker_Gao_Gittis_Rubin_2024_D1_GPe/data/d1_msns/pre_processed_data/6-OHDA_D1-MSNs_cell_body_stim/Neuron_0063,/Users/johnparker/paper_repos/Aristieta_Parker_Gao_Gittis_Rubin_2024_D1_GPe/data/d1_msns/pre_processed_data/6-OHDA_D1-MSNs_cell_body_stim,6-OHDA_D1-MSNs_cell_body_stim,True,25,250,0.025,/Users/johnparker/paper_repos/Aristieta_Parker_Gao_Gittis_Rubin_2024_D1_GPe/data/d1_msns/processed_data/6-OHDA_D1-MSNs_cell_body_stim/Neuron_0063,10,0.05,"['partial inhibition', 'biphasic EI', 'excitation', 'biphasic EI', 'excitation', 'no effect', 'no effect', 'no effect', 'partial inhibition', 'biphasic EI']",[2 6 4 6 4 3 3 3 2 6],1.0,1.0,1.0,0.0,99,90,3,3,2,2,"[2.43836545e-12 2.43836545e-12 2.43836545e-12 ... 3.14027843e+00
 3.14851892e+00 3.36684634e+00]",[0.00116231 0.00125549 0.0012811  ... 0.01267673 0.01281476 0.01293544],"{'complete inhibition': 0, 'adapting inhibition': 1, 'partial inhibition': 2, 'no effect': 3, 'excitation': 4, 'biphasic IE': 5, 'biphasic EI': 6}",20.8,0.7520952239811801,0.04866677815315744,0.05955500000000598,0.9783050000000089,19.2,1.005650748427556,0.04748161627832898,0.031162500000013436,0.8181450000000069,True,3.9,"[0.9 0.7 0.3 0.5 0.9 0.3 0.4 0.6 0.3 0.4 0.4 0.6 0.6 0.4 0.6 0.5 0.5 0.5
 0.7 0.6]",19.606192188796808,0.874711292572738,0.05081115660184237,12.469377854224554,0.9199530174306445,0.08005688405797103,1.7807564467300958,0.0052978531203607985,partial inhibition,2
4,AG7499,4,02-15-22,1.7,5,6-OHDA,37,1,left,/Users/johnparker/paper_repos/Aristieta_Parker_Gao_Gittis_Rubin_2024_D1_GPe/data/d1_msns/pre_processed_data/6-OHDA_D1-MSNs_cell_body_stim/Neuron_0037,/Users/johnparker/paper_repos/Aristieta_Parker_Gao_Gittis_Rubin_2024_D1_GPe/data/d1_msns/pre_processed_data/6-OHDA_D1-MSNs_cell_body_stim,6-OHDA_D1-MSNs_cell_body_stim,True,25,250,0.025,/Users/johnparker/paper_repos/Aristieta_Parker_Gao_Gittis_Rubin_2024_D1_GPe/data/d1_msns/processed_data/6-OHDA_D1-MSNs_cell_body_stim/Neuron_0037,10,0.05,"['complete inhibition', 'complete inhibition', 'complete inhibition', 'complete inhibition', 'complete inhibition', 'complete inhibition', 'complete inhibition', 'complete inhibition', 'complete inhibition', 'complete inhibition']",[0 0 0 0 0 0 0 0 0 0],1.0,1.0,1.0,0.0,99,90,3,3,2,2,[],[],"{'complete inhibition': 0, 'adapting inhibition': 1, 'partial inhibition': 2, 'no effect': 3, 'excitation': 4, 'biphasic IE': 5, 'biphasic EI': 6}",6.6,0.9533973469061504,0.11443704761904785,0.14504499999999892,0.7659100000000002,0.4,0.0,0.0037599999999997635,0.7043374999999976,0.7080974999999974,True,0.0,[1. 1. 1. 1. 1. 1. 1. 1. 1. 1. 1. 1. 1. 1. 1. 1. 1. 1. 1. 1.],4.771800200107751,1.3099848184409666,0.2086754054054054,6.234126067882706,1.4142742918620383,0.15722830578512384,,,complete inhibition,0
5,AG7960,2,06-16-22,1.4,3,6-OHDA,8,7,left,/Users/johnparker/paper_repos/Aristieta_Parker_Gao_Gittis_Rubin_2024_D1_GPe/data/d1_msns/pre_processed_data/6-OHDA_D1-MSNs_cell_body_stim/Neuron_0008,/Users/johnparker/paper_repos/Aristieta_Parker_Gao_Gittis_Rubin_2024_D1_GPe/data/d1_msns/pre_processed_data/6-OHDA_D1-MSNs_cell_body_stim,6-OHDA_D1-MSNs_cell_body_stim,True,25,250,0.025,/Users/johnparker/paper_repos/Aristieta_Parker_Gao_Gittis_Rubin_2024_D1_GPe/data/d1_msns/processed_data/6-OHDA_D1-MSNs_cell_body_stim/Neuron_0008,10,0.05,"['biphasic IE', 'biphasic IE', 'excitation', 'excitation', 'partial inhibition', 'biphasic IE', 'excitation', 'excitation', 'excitation', 'excitation']",[5 5 4 4 2 5 4 4 4 4],1.0,1.0,1.0,0.0,99,90,3,3,2,2,"[2.40099309e-165 2.40099309e-165 2.40099309e-165 ... 2.94010058e+000
 3.03642000e+000 3.48321270e+000]",[0.        0.        0.        ... 0.0325976 0.0325976 0.0325976],"{'complete inhibition': 0, 'adapting inhibition': 1, 'partial inhibition': 2, 'no effect': 3, 'excitation': 4, 'biphasic IE': 5, 'biphasic EI': 6}",15.0,0.5741925795232949,0.09738188389825041,0.16494999999999252,0.8929299999999956,42.5,0.8975003166489748,0.02536530632400652,0.05833499999999958,0.982042499999995,True,4.1,"[0.6 0.5 0.2 0.8 0.6 0.8 0.6 1.  1.2 1.8 1.4 1.2 1.6 2.  2.  1.8 2.  2.
 1.9 1.3]",19.448442575018504,1.1147940553911948,0.05096289225941423,26.03286827439781,2.2208662587954335,0.0383926953125,1.7199125679685696,0.01078260610025174,excitation,4
6,AG7499,4,02-15-22,1.4,1,6-OHDA,30,9,right,/Users/johnparker/paper_repos/Aristieta_Parker_Gao_Gittis_Rubin_2024_D1_GPe/data/d1_msns/pre_processed_data/6-OHDA_D1-MSNs_cell_body_stim/Neuron_0030,/Users/johnparker/paper_repos/Aristieta_Parker_Gao_Gittis_Rubin_2024_D1_GPe/data/d1_msns/pre_processed_data/6-OHDA_D1-MSNs_cell_body_stim,6-OHDA_D1-MSNs_cell_body_stim,True,25,250,0.025,/Users/johnparker/paper_repos/Aristieta_Parker_Gao_Gittis_Rubin_2024_D1_GPe/data/d1_msns/processed_data/6-OHDA_D1-MSNs_cell_body_stim/Neuron_0030,10,0.05,"['complete inhibition', 'complete inhibition', 'complete inhibition', 'complete inhibition', 'complete inhibition', 'complete inhibition', 'complete inhibition', 'complete inhibition', 'complete inhibition', 'complete inhibition']",[0 0 0 0 0 0 0 0 0 0],1.0,1.0,1.0,0.0,99,90,3,3,2,2,[],[],"{'complete inhibition': 0, 'adapting inhibition': 1, 'partial inhibition': 2, 'no effect': 3, 'excitation': 4, 'biphasic IE': 5, 'biphasic EI': 6}",25.9,0.8503660939653882,0.04148982232964478,0.05816999999999055,0.9356224999999924,0.0,0.0,0.0,1.0,1.0,True,0.0,[1. 1. 1. 1. 1. 1. 1. 1. 1. 1. 1. 1. 1. 1. 1. 1. 1. 1. 1. 1.],32.293224506349645,0.740244503272815,0.030973409269442267,22.661022534283035,0.7712909562092395,0.033809182530795005,,,complete inhibition,0
7,AG7960,2,06-16-22,1.1,6,6-OHDA,6,8,right,/Users/johnparker/paper_repos/Aristieta_Parker_Gao_Gittis_Rubin_2024_D1_GPe/data/d1_msns/pre_processed_data/6-OHDA_D1-MSNs_cell_body_stim/Neuron_0006,/Users/johnparker/paper_repos/Aristieta_Parker_Gao_Gittis_Rubin_2024_D1_GPe/data/d1_msns/pre_processed_data/6-OHDA_D1-MSNs_cell_body_stim,6-OHDA_D1-MSNs_cell_body_stim,True,25,250,0.025,/Users/johnparker/paper_repos/Aristieta_Parker_Gao_Gittis_Rubin_2024_D1_GPe/data/d1_msns/processed_data/6-OHDA_D1-MSNs_cell_body_stim/Neuron_0006,10,0.05,"['complete inhibition', 'complete inhibition', 'complete inhibition', 'complete inhibition', 'complete inhibition', 'complete inhibition', 'complete inhibition', 'complete inhibition', 'complete inhibition', 'complete inhibition']",[0 0 0 0 0 0 0 0 0 0],1.0,1.0,1.0,0.0,99,90,3,3,2,2,[],[],"{'complete inhibition': 0, 'adapting inhibition': 1, 'partial inhibition': 2, 'no effect': 3, 'excitation': 4, 'biphasic IE': 5, 'biphasic EI': 6}",26.2,0.5886147340685403,0.03956196428414554,0.02661749999999543,0.9791624999999889,0.2,0.0,0.0,0.8009199999999964,0.8009199999999964,True,0.0,[1. 1. 1. 1. 1. 1. 1. 1. 1. 1. 1. 1. 1. 1. 1. 1. 1. 1. 1. 1.],21.78744478395206,0.6800013518437474,0.04592488457987073,21.84774214036521,0.6867291022585078,0.04383793738489866,,,complete inhibition,0
8,AG7499,4,02-15-22,1.7,5,6-OHDA,39,5,left,/Users/johnparker/paper_repos/Aristieta_Parker_Gao_Gittis_Rubin_2024_D1_GPe/data/d1_msns/pre_processed_data/6-OHDA_D1-MSNs_cell_body_stim/Neuron_0039,/Users/johnparker/paper_repos/Aristieta_Parker_Gao_Gittis_Rubin_2024_D1_GPe/data/d1_msns/pre_processed_data/6-OHDA_D1-MSNs_cell_body_stim,6-OHDA_D1-MSNs_cell_body_stim,True,25,250,0.025,/Users/johnparker/paper_repos/Aristieta_Parker_Gao_Gittis_Rubin_2024_D1_GPe/data/d1_msns/processed_data/6-OHDA_D1-MSNs_cell_body_stim/Neuron_0039,10,0.05,"['complete inhibition', 'complete inhibition', 'complete inhibition', 'complete inhibition', 'complete inhibition', 'complete inhibition', 'complete inhibition', 'complete inhibition', 'complete inhibition', 'complete inhibition']",[0 0 0 0 0 0 0 0 0 0],1.0,1.0,1.0,0.0,99,90,3,3,2,2,[],[],"{'complete inhibition': 0, 'adapting inhibition': 1, 'partial inhibition': 2, 'no effect': 3, 'excitation': 4, 'biphasic IE': 5, 'biphasic EI': 6}",18.5,0.5825854039951215,0.050908592051929394,0.044039999999996124,0.8804199999999959,0.1,0.0,0.0,0.9002574999999979,0.9002574999999979,True,0.0,[1. 1. 1. 1. 1. 1. 1. 1. 1. 1. 1. 1. 1. 1. 1. 1. 1. 1. 1. 1.],20.248330763797064,2.2252777999284863,0.049430393401015224,9.18745553034138,1.030137532222886,0.1013586134453783,,,complete inhibition,0
9,AG7960,2,06-16-22,1.7,4,6-OHDA,1,12,left,/Users/johnparker/paper_repos/Aristieta_Parker_Gao_Gittis_Rubin_2024_D1_GPe/data/d1_msns/pre_processed_data/6-OHDA_D1-MSNs_cell_body_stim/Neuron_0001,/Users/johnparker/paper_repos/Aristieta_Parker_Gao_Gittis_Rubin_2024_D1_GPe/data/d1_msns/pre_processed_data/6-OHDA_D1-MSNs_cell_body_stim,6-OHDA_D1-MSNs_cell_body_stim,True,25,250,0.025,/Users/johnparker/paper_repos/Aristieta_Parker_Gao_Gittis_Rubin_2024_D1_GPe/data/d1_msns/processed_data/6-OHDA_D1-MSNs_cell_body_stim/Neuron_0001,10,0.05,"['no effect', 'partial inhibition', 'no effect', 'excitation', 'excitation', 'excitation', 'no effect', 'adapting inhibition', 'excitation', 'excitation']",[3 2 3 4 4 4 3 1 4 4],1.0,1.0,1.0,0.0,99,90,3,3,2,2,"[4.39129836e-08 4.44805318e-06 4.20362846e-05 ... 3.81014213e+00
 3.99136331e+00 4.83166429e+00]",[0.00102766 0.00104417 0.00108228 ... 0.00915177 0.00919179 0.00939167],"{'complete inhibition': 0, 'adapting inhibition': 1, 'partial inhibition': 2, 'no effect': 3, 'excitation': 4, 'biphasic IE': 5, 'biphasic EI': 6}",26.7,0.7367094258433802,0.0380293305799127,0.03233249999999828,0.9689824999999892,33.8,0.8340067781678895,0.030773056390513177,0.03993999999999431,0.9742074999999965,True,3.2,"[0.4 0.5 0.4 0.2 0.6 0.6 0.6 0.4 0.2 0.4 0.  0.  0.2 0.5 0.5 0.3 0.5 0.3
 0.3 0.4]",18.235349600455173,1.054662180341583,0.054770183741648104,28.27594810126197,0.7866347901061006,0.035381119885139964,2.1108257643335815,0.003976581492521922,no effect,3
10,AG8020,4,06-23-22,1.7,6,6-OHDA,62,10,left,/Users/johnparker/paper_repos/Aristieta_Parker_Gao_Gittis_Rubin_2024_D1_GPe/data/d1_msns/pre_processed_data/6-OHDA_D1-MSNs_cell_body_stim/Neuron_0062,/Users/johnparker/paper_repos/Aristieta_Parker_Gao_Gittis_Rubin_2024_D1_GPe/data/d1_msns/pre_processed_data/6-OHDA_D1-MSNs_cell_body_stim,6-OHDA_D1-MSNs_cell_body_stim,True,25,250,0.025,/Users/johnparker/paper_repos/Aristieta_Parker_Gao_Gittis_Rubin_2024_D1_GPe/data/d1_msns/processed_data/6-OHDA_D1-MSNs_cell_body_stim/Neuron_0062,10,0.05,"['complete inhibition', 'complete inhibition', 'complete inhibition', 'complete inhibition', 'complete inhibition', 'complete inhibition', 'complete inhibition', 'complete inhibition', 'complete inhibition', 'complete inhibition']",[0 0 0 0 0 0 0 0 0 0],1.0,1.0,1.0,0.0,99,90,3,3,2,2,[],[],"{'complete inhibition': 0, 'adapting inhibition': 1, 'partial inhibition': 2, 'no effect': 3, 'excitation': 4, 'biphasic IE': 5, 'biphasic EI': 6}",28.9,0.7226851595440035,0.03502091641825519,0.03262250000000009,0.9768074999999975,1.1,0.19257776192476048,0.1648337500000018,0.4958999999999996,0.7335450000000016,True,0.0,[1. 1. 1. 1. 1. 1. 1. 1. 1. 1. 1. 1. 1. 1. 1. 1. 1. 1. 1. 1.],33.04914728031039,0.7771267540117069,0.030262848410757943,27.330966372573407,0.9959765070385689,0.03272894736842105,,,complete inhibition,0
11,AG8020,4,06-23-22,1.4,1,6-OHDA,65,10,right,/Users/johnparker/paper_repos/Aristieta_Parker_Gao_Gittis_Rubin_2024_D1_GPe/data/d1_msns/pre_processed_data/6-OHDA_D1-MSNs_cell_body_stim/Neuron_0065,/Users/johnparker/paper_repos/Aristieta_Parker_Gao_Gittis_Rubin_2024_D1_GPe/data/d1_msns/pre_processed_data/6-OHDA_D1-MSNs_cell_body_stim,6-OHDA_D1-MSNs_cell_body_stim,True,25,250,0.025,/Users/johnparker/paper_repos/Aristieta_Parker_Gao_Gittis_Rubin_2024_D1_GPe/data/d1_msns/processed_data/6-OHDA_D1-MSNs_cell_body_stim/Neuron_0065,10,0.05,"['excitation', 'excitation', 'excitation', 'excitation', 'excitation', 'excitation', 'excitation', 'excitation', 'excitation', 'biphasic EI']",[4 4 4 4 4 4 4 4 4 6],1.0,1.0,1.0,0.0,99,90,3,3,2,2,[0.01548762 0.07791732 0.07876762 ... 4.21945444 4.26229461 4.66930971],[0.01806406 0.032827   0.07598017 ... 4.19857963 4.21945444 4.66930971],"{'complete inhibition': 0, 'adapting inhibition': 1, 'partial inhibition': 2, 'no effect': 3, 'excitation': 4, 'biphasic IE': 5, 'biphasic EI': 6}",41.4,0.4084212846771257,0.024412126751662544,0.021599999999995134,0.9842299999999937,70.5,0.7807228679432603,0.014914274333707409,0.01366249999999738,0.9568150000000017,False,4.2,"[0.6 2.  1.8 2.  1.4 1.  1.4 1.4 1.  1.5 1.7 1.2 1.2 1.4 1.3 1.1 1.3 1.1
 1.1 0.9]",30.856937625988625,0.6655634343638857,0.032421128608923884,14.325712681442587,1.253235084842347,0.06933780056577091,2.7881546075459944,1.2164158030846783,excitation,4
12,AG7499,5,02-17-22,1.7,5,6-OHDA,53,15,left,/Users/johnparker/paper_repos/Aristieta_Parker_Gao_Gittis_Rubin_2024_D1_GPe/data/d1_msns/pre_processed_data/6-OHDA_D1-MSNs_cell_body_stim/Neuron_0053,/Users/johnparker/paper_repos/Aristieta_Parker_Gao_Gittis_Rubin_2024_D1_GPe/data/d1_msns/pre_processed_data/6-OHDA_D1-MSNs_cell_body_stim,6-OHDA_D1-MSNs_cell_body_stim,True,25,250,0.025,/Users/johnparker/paper_repos/Aristieta_Parker_Gao_Gittis_Rubin_2024_D1_GPe/data/d1_msns/processed_data/6-OHDA_D1-MSNs_cell_body_stim/Neuron_0053,10,0.05,"['biphasic EI', 'no effect', 'no effect', 'excitation', 'partial inhibition', 'no effect', 'no effect', 'no effect', 'no effect', 'partial inhibition']",[6 3 3 4 2 3 3 3 3 2],1.0,1.0,1.0,0.0,99,90,3,3,2,2,"[4.20126170e-26 4.20126170e-26 9.40894085e-18 ... 3.61612678e+00
 3.61661375e+00 3.65425736e+00]",[0.00106099 0.0012343  0.00126367 ... 0.01556208 0.01564815 0.01564815],"{'complete inhibition': 0, 'adapting inhibition': 1, 'partial inhibition': 2, 'no effect': 3, 'excitation': 4, 'biphasic IE': 5, 'biphasic EI': 6}",20.3,0.8645115203728947,0.0537547305701551,0.03913499999999885,0.9662650000000099,23.8,0.9073805164069226,0.042153956508700144,0.04683999999999742,0.9461400000000048,True,3.2,"[0.2 0.1 0.1 0.2 0.2 0.  0.2 0.  0.  0.  0.  0.  0.2 0.2 0.3 0.1 0.3 0.1
 0.7 0.7]",8.472677860443442,1.1326167321588685,0.11804901215805473,20.18037817669256,0.900166472041539,0.04920726114649675,1.878225121847434,0.006998608230628865,no effect,3
13,AG7499,5,02-17-22,1.7,5,6-OHDA,54,2,left,/Users/johnparker/paper_repos/Aristieta_Parker_Gao_Gittis_Rubin_2024_D1_GPe/data/d1_msns/pre_processed_data/6-OHDA_D1-MSNs_cell_body_stim/Neuron_0054,/Users/johnparker/paper_repos/Aristieta_Parker_Gao_Gittis_Rubin_2024_D1_GPe/data/d1_msns/pre_processed_data/6-OHDA_D1-MSNs_cell_body_stim,6-OHDA_D1-MSNs_cell_body_stim,True,25,250,0.025,/Users/johnparker/paper_repos/Aristieta_Parker_Gao_Gittis_Rubin_2024_D1_GPe/data/d1_msns/processed_data/6-OHDA_D1-MSNs_cell_body_stim/Neuron_0054,10,0.05,"['biphasic IE', 'biphasic IE', 'adapting inhibition', 'adapting inhibition', 'biphasic IE', 'adapting inhibition', 'biphasic IE', 'biphasic IE', 'adapting inhibition', 'biphasic IE']",[5 5 1 1 5 1 5 5 1 5],1.0,1.0,1.0,0.0,99,90,3,3,2,2,"[7.58092895e-05 3.72403355e-02 1.03764525e-01 ... 5.44883048e+00
 6.03077265e+00 7.89471515e+00]",[0.00047046 0.00051985 0.00051994 ... 0.0054794  0.00551065 0.00574148],"{'complete inhibition': 0, 'adapting inhibition': 1, 'partial inhibition': 2, 'no effect': 3, 'excitation': 4, 'biphasic IE': 5, 'biphasic EI': 6}",50.8,0.406845727913992,0.02283357460368314,0.017219999999996106,0.9905725000000054,50.9,0.6556002449475443,0.018363775266400286,0.08759499999999605,0.9906599999999969,True,3.4,"[1.  1.  0.8 0.7 0.5 0.5 1.  1.2 1.3 1.1 0.9 0.7 0.  0.6 0.6 0.6 0.5 0.7
 0.7 0.5]",33.42856537665867,0.7804654540908706,0.02990595695618755,38.512172092924736,1.2257637534168102,0.02597326551034022,3.6748225052303574,0.002087734191949322,adapting inhibition,1
14,AG7960,2,06-16-22,1.4,3,6-OHDA,7,10,left,/Users/johnparker/paper_repos/Aristieta_Parker_Gao_Gittis_Rubin_2024_D1_GPe/data/d1_msns/pre_processed_data/6-OHDA_D1-MSNs_cell_body_stim/Neuron_0007,/Users/johnparker/paper_repos/Aristieta_Parker_Gao_Gittis_Rubin_2024_D1_GPe/data/d1_msns/pre_processed_data/6-OHDA_D1-MSNs_cell_body_stim,6-OHDA_D1-MSNs_cell_body_stim,True,25,250,0.025,/Users/johnparker/paper_repos/Aristieta_Parker_Gao_Gittis_Rubin_2024_D1_GPe/data/d1_msns/processed_data/6-OHDA_D1-MSNs_cell_body_stim/Neuron_0007,10,0.05,"['excitation', 'no effect', 'no effect', 'excitation', 'excitation', 'no effect', 'no effect', 'no effect', 'excitation', 'excitation']",[4 3 3 4 4 3 3 3 4 4],1.0,1.0,1.0,0.0,99,90,3,3,2,2,"[5.63613166e-60 5.63613200e-60 2.47333287e-47 ... 3.57316250e+00
 3.58897306e+00 3.71789393e+00]",[0.000871   0.00097069 0.00113463 ... 0.02289289 0.02289289 0.02289289],"{'complete inhibition': 0, 'adapting inhibition': 1, 'partial inhibition': 2, 'no effect': 3, 'excitation': 4, 'biphasic IE': 5, 'biphasic EI': 6}",18.0,1.3024324142881092,0.04968989256898993,0.08730749999998792,0.9084949999999928,27.2,1.0050162431416307,0.0384247750384857,0.031644999999988245,0.9831699999999778,True,3.5,"[0.3 0.6 0.4 0.6 0.2 0.  0.  0.  0.4 0.  0.2 0.4 0.  0.2 0.  0.  0.2 0.4
 0.2 0.1]",21.73681389098359,0.9231057863793365,0.04600644736842105,12.852646530581582,1.4198853097515702,0.07321294529262092,1.9896619588230426,0.01269590090089881,no effect,3
15,AG7499,4,02-15-22,1.7,5,6-OHDA,38,2,left,/Users/johnparker/paper_repos/Aristieta_Parker_Gao_Gittis_Rubin_2024_D1_GPe/data/d1_msns/pre_processed_data/6-OHDA_D1-MSNs_cell_body_stim/Neuron_0038,/Users/johnparker/paper_repos/Aristieta_Parker_Gao_Gittis_Rubin_2024_D1_GPe/data/d1_msns/pre_processed_data/6-OHDA_D1-MSNs_cell_body_stim,6-OHDA_D1-MSNs_cell_body_stim,True,25,250,0.025,/Users/johnparker/paper_repos/Aristieta_Parker_Gao_Gittis_Rubin_2024_D1_GPe/data/d1_msns/processed_data/6-OHDA_D1-MSNs_cell_body_stim/Neuron_0038,10,0.05,"['complete inhibition', 'complete inhibition', 'complete inhibition', 'complete inhibition', 'complete inhibition', 'complete inhibition', 'complete inhibition', 'complete inhibition', 'complete inhibition', 'complete inhibition']",[0 0 0 0 0 0 0 0 0 0],1.0,1.0,1.0,0.0,99,90,3,3,2,2,[],[],"{'complete inhibition': 0, 'adapting inhibition': 1, 'partial inhibition': 2, 'no effect': 3, 'excitation': 4, 'biphasic IE': 5, 'biphasic EI': 6}",28.9,0.6582932208117447,0.03579848043215139,0.02229749999999555,0.9868250000000003,0.7,0.0,0.003927500000003192,0.6801000000000016,0.6840275000000048,True,0.0,[1. 1. 1. 1. 1. 1. 1. 1. 1. 1. 1. 1. 1. 1. 1. 1. 1. 1. 1. 1.],26.116626901665,0.7832049023392219,0.03830580137659783,17.36832653480079,2.1786116233643353,0.05764696745562133,,,complete inhibition,0
16,AG7499,4,02-15-22,1.4,4,6-OHDA,31,12,left,/Users/johnparker/paper_repos/Aristieta_Parker_Gao_Gittis_Rubin_2024_D1_GPe/data/d1_msns/pre_processed_data/6-OHDA_D1-MSNs_cell_body_stim/Neuron_0031,/Users/johnparker/paper_repos/Aristieta_Parker_Gao_Gittis_Rubin_2024_D1_GPe/data/d1_msns/pre_processed_data/6-OHDA_D1-MSNs_cell_body_stim,6-OHDA_D1-MSNs_cell_body_stim,True,25,250,0.025,/Users/johnparker/paper_repos/Aristieta_Parker_Gao_Gittis_Rubin_2024_D1_GPe/data/d1_msns/processed_data/6-OHDA_D1-MSNs_cell_body_stim/Neuron_0031,10,0.05,"['complete inhibition', 'complete inhibition', 'complete inhibition', 'complete inhibition', 'complete inhibition', 'complete inhibition', 'complete inhibition', 'complete inhibition', 'complete inhibition', 'complete inhibition']",[0 0 0 0 0 0 0 0 0 0],1.0,1.0,1.0,0.0,99,90,3,3,2,2,[],[],"{'complete inhibition': 0, 'adapting inhibition': 1, 'partial inhibition': 2, 'no effect': 3, 'excitation': 4, 'biphasic IE': 5, 'biphasic EI': 6}",48.8,0.39358813984005697,0.0205388149522452,0.018417499999996777,0.9898274999999934,1.9,0.23424375757880292,0.3456920833333309,0.4121874999999989,0.9074499999999972,False,0.0,[1. 1. 1. 1. 1. 1. 1. 1. 1. 1. 1. 1. 1. 1. 1. 1. 1. 1. 1. 1.],50.75437239836128,0.42583345414559415,0.019696094966268812,34.80149393705063,0.9089730512641389,0.02871898183194553,,,complete inhibition,0
17,AG7499,4,02-15-22,1.7,2,6-OHDA,36,8,right,/Users/johnparker/paper_repos/Aristieta_Parker_Gao_Gittis_Rubin_2024_D1_GPe/data/d1_msns/pre_processed_data/6-OHDA_D1-MSNs_cell_body_stim/Neuron_0036,/Users/johnparker/paper_repos/Aristieta_Parker_Gao_Gittis_Rubin_2024_D1_GPe/data/d1_msns/pre_processed_data/6-OHDA_D1-MSNs_cell_body_stim,6-OHDA_D1-MSNs_cell_body_stim,True,25,250,0.025,/Users/johnparker/paper_repos/Aristieta_Parker_Gao_Gittis_Rubin_2024_D1_GPe/data/d1_msns/processed_data/6-OHDA_D1-MSNs_cell_body_stim/Neuron_0036,10,0.05,"['no effect', 'excitation', 'no effect', 'biphasic EI', 'no effect', 'biphasic EI', 'no effect', 'no effect', 'partial inhibition', 'partial inhibition']",[3 4 3 6 3 6 3 3 2 2],1.0,1.0,1.0,0.0,99,90,3,3,2,2,"[1.19017036e-146 1.19017036e-146 1.19017036e-146 ... 5.47287764e+000
 5.68728473e+000 5.71295591e+000]",[0.00060645 0.00066277 0.00066934 ... 0.03474349 0.03474349 0.03474349],"{'complete inhibition': 0, 'adapting inhibition': 1, 'partial inhibition': 2, 'no effect': 3, 'excitation': 4, 'biphasic IE': 5, 'biphasic EI': 6}",15.8,0.9419614733979598,0.07939558413669705,0.07602000000000331,0.8963375000000091,19.2,0.9413138985347947,0.06482756395566153,0.043355000000002517,0.9384625000000077,True,3.5,"[0.4 1.  0.6 0.6 0.  0.2 0.4 0.2 0.1 0.2 0.2 0.2 0.2 0.2 0.1 0.1 0.2 0.2
 0.5 0.7]",22.36416395015591,1.265229056499931,0.04471067006554989,8.952176253701419,1.0185980540397346,0.0863998633879782,1.7404176883358116,0.01621927594486162,excitation,4
18,AG7960,2,06-16-22,1.4,3,6-OHDA,9,9cell2,left,/Users/johnparker/paper_repos/Aristieta_Parker_Gao_Gittis_Rubin_2024_D1_GPe/data/d1_msns/pre_processed_data/6-OHDA_D1-MSNs_cell_body_stim/Neuron_0009,/Users/johnparker/paper_repos/Aristieta_Parker_Gao_Gittis_Rubin_2024_D1_GPe/data/d1_msns/pre_processed_data/6-OHDA_D1-MSNs_cell_body_stim,6-OHDA_D1-MSNs_cell_body_stim,True,25,250,0.025,/Users/johnparker/paper_repos/Aristieta_Parker_Gao_Gittis_Rubin_2024_D1_GPe/data/d1_msns/processed_data/6-OHDA_D1-MSNs_cell_body_stim/Neuron_0009,10,0.05,"['adapting inhibition', 'no effect', 'adapting inhibition', 'no effect', 'excitation', 'no effect', 'no effect', 'no effect', 'no effect', 'adapting inhibition']",[1 3 1 3 4 3 3 3 3 1],1.0,1.0,1.0,0.0,99,90,3,3,2,2,"[2.78555467e-79 3.90586113e-67 3.90586335e-67 ... 4.61428761e+00
 5.03217842e+00 5.36121845e+00]",[0.00085039 0.00085438 0.00090767 ... 0.01899525 0.01899525 0.01899525],"{'complete inhibition': 0, 'adapting inhibition': 1, 'partial inhibition': 2, 'no effect': 3, 'excitation': 4, 'biphasic IE': 5, 'biphasic EI': 6}",20.6,1.5733889159835335,0.04277396638996252,0.09205249999999268,0.907242500000001,29.2,1.1006852137049807,0.03285266853657117,0.05236999999998062,0.968827499999987,True,2.5,"[0.5 0.5 0.3 0.  0.  0.  0.  0.  0.  0.  0.2 0.2 0.4 0.  0.  0.  0.  0.
 0.  0.2]",24.398797861104043,1.3369492004451786,0.04098965170797053,17.539698060793672,1.6590025960021346,0.053695177073625325,2.5687033581764496,0.010865471136325284,no effect,3
19,AG7960,2,06-16-22,1.7,5,6-OHDA,14,8,right,/Users/johnparker/paper_repos/Aristieta_Parker_Gao_Gittis_Rubin_2024_D1_GPe/data/d1_msns/pre_processed_data/6-OHDA_D1-MSNs_cell_body_stim/Neuron_0014,/Users/johnparker/paper_repos/Aristieta_Parker_Gao_Gittis_Rubin_2024_D1_GPe/data/d1_msns/pre_processed_data/6-OHDA_D1-MSNs_cell_body_stim,6-OHDA_D1-MSNs_cell_body_stim,True,25,250,0.025,/Users/johnparker/paper_repos/Aristieta_Parker_Gao_Gittis_Rubin_2024_D1_GPe/data/d1_msns/processed_data/6-OHDA_D1-MSNs_cell_body_stim/Neuron_0014,10,0.05,"['partial inhibition', 'no effect', 'complete inhibition', 'complete inhibition', 'biphasic EI', 'no effect', 'biphasic IE', 'partial inhibition', 'biphasic EI', 'adapting inhibition']",[2 3 0 0 6 3 5 2 6 1],1.0,1.0,1.0,0.0,99,90,3,3,2,2,"[1.99264057e-197 1.99264057e-197 1.99264057e-197 ... 1.58586890e+000
 1.70352679e+000 1.75568129e+000]",[0.         0.         0.         ... 0.02361987 0.02361987 0.02361987],"{'complete inhibition': 0, 'adapting inhibition': 1, 'partial inhibition': 2, 'no effect': 3, 'excitation': 4, 'biphasic IE': 5, 'biphasic EI': 6}",8.7,0.5549627934144421,0.13080417929293148,0.07739749999999787,0.8680475000000036,9.2,0.7510110374927,0.11843850815850913,0.12635499999998245,0.8973424999999914,True,2.8,"[0.6 0.8 0.8 0.7 0.9 0.5 0.5 0.7 0.4 0.4 0.3 0.5 0.5 0.9 0.9 0.7 0.5 0.8
 0.6 0.7]",8.607106694941415,1.1083484550138927,0.11606299765807963,7.219512391317682,0.8752320467210373,0.13789406424581013,0.9297758708651923,0.013256164164163635,no effect,3
20,AG7960,2,06-16-22,1.7,5,6-OHDA,13,5cell2,right,/Users/johnparker/paper_repos/Aristieta_Parker_Gao_Gittis_Rubin_2024_D1_GPe/data/d1_msns/pre_processed_data/6-OHDA_D1-MSNs_cell_body_stim/Neuron_0013,/Users/johnparker/paper_repos/Aristieta_Parker_Gao_Gittis_Rubin_2024_D1_GPe/data/d1_msns/pre_processed_data/6-OHDA_D1-MSNs_cell_body_stim,6-OHDA_D1-MSNs_cell_body_stim,True,25,250,0.025,/Users/johnparker/paper_repos/Aristieta_Parker_Gao_Gittis_Rubin_2024_D1_GPe/data/d1_msns/processed_data/6-OHDA_D1-MSNs_cell_body_stim/Neuron_0013,10,0.05,"['complete inhibition', 'biphasic IE', 'adapting inhibition', 'adapting inhibition', 'adapting inhibition', 'adapting inhibition', 'adapting inhibition', 'adapting inhibition', 'adapting inhibition', 'adapting inhibition']",[0 5 1 1 1 1 1 1 1 1],1.0,1.0,1.0,0.0,99,90,3,3,2,2,"[1.13695228e-79 3.38000020e-66 4.29652187e-64 ... 2.39279659e+00
 2.49400399e+00 2.61167706e+00]",[0.00123686 0.00148636 0.0014881  ... 0.02396146 0.02396146 0.02396146],"{'complete inhibition': 0, 'adapting inhibition': 1, 'partial inhibition': 2, 'no effect': 3, 'excitation': 4, 'biphasic IE': 5, 'biphasic EI': 6}",14.3,0.8232724426683558,0.06778027186337052,0.044149999999992674,0.9093849999999953,11.2,0.6433845846021052,0.08629670535714275,0.3121475000000039,0.9420100000000062,True,1.3,"[1.  1.  1.  1.  0.8 0.8 0.5 0.4 0.2 0.2 0.1 0.3 0.3 0.3 0.3 0.3 0.3 0.2
 0.2 0.2]",9.109858254225376,0.9295978418465262,0.10974153761061947,21.919967984780705,0.8055082575080376,0.04562160238751146,1.4725950285398348,0.00991754662642514,adapting inhibition,1
21,AG7499,4,02-15-22,1.1,3,6-OHDA,25,7,right,/Users/johnparker/paper_repos/Aristieta_Parker_Gao_Gittis_Rubin_2024_D1_GPe/data/d1_msns/pre_processed_data/6-OHDA_D1-MSNs_cell_body_stim/Neuron_0025,/Users/johnparker/paper_repos/Aristieta_Parker_Gao_Gittis_Rubin_2024_D1_GPe/data/d1_msns/pre_processed_data/6-OHDA_D1-MSNs_cell_body_stim,6-OHDA_D1-MSNs_cell_body_stim,True,25,250,0.025,/Users/johnparker/paper_repos/Aristieta_Parker_Gao_Gittis_Rubin_2024_D1_GPe/data/d1_msns/processed_data/6-OHDA_D1-MSNs_cell_body_stim/Neuron_0025,10,0.05,"['complete inhibition', 'complete inhibition', 'complete inhibition', 'complete inhibition', 'complete inhibition', 'complete inhibition', 'complete inhibition', 'complete inhibition', 'complete inhibition', 'complete inhibition']",[0 0 0 0 0 0 0 0 0 0],1.0,1.0,1.0,0.0,99,90,3,3,2,2,[],[],"{'complete inhibition': 0, 'adapting inhibition': 1, 'partial inhibition': 2, 'no effect': 3, 'excitation': 4, 'biphasic IE': 5, 'biphasic EI': 6}",30.9,0.6353138142833783,0.03388013139873118,0.01538749999999709,0.9819774999999964,0.3,0.0,0.0,0.7010249999999928,0.7010249999999928,True,0.0,[1. 1. 1. 1. 1. 1. 1. 1. 1. 1. 1. 1. 1. 1. 1. 1. 1. 1. 1. 1.],16.483794175466876,0.781666426111638,0.06072062992125986,22.60042220284138,1.3797845385027316,0.04225737657864523,,,complete inhibition,0
22,AG7499,4,02-15-22,1.1,6,6-OHDA,22,15,left,/Users/johnparker/paper_repos/Aristieta_Parker_Gao_Gittis_Rubin_2024_D1_GPe/data/d1_msns/pre_processed_data/6-OHDA_D1-MSNs_cell_body_stim/Neuron_0022,/Users/johnparker/paper_repos/Aristieta_Parker_Gao_Gittis_Rubin_2024_D1_GPe/data/d1_msns/pre_processed_data/6-OHDA_D1-MSNs_cell_body_stim,6-OHDA_D1-MSNs_cell_body_stim,True,25,250,0.025,/Users/johnparker/paper_repos/Aristieta_Parker_Gao_Gittis_Rubin_2024_D1_GPe/data/d1_msns/processed_data/6-OHDA_D1-MSNs_cell_body_stim/Neuron_0022,10,0.05,"['adapting inhibition', 'complete inhibition', 'adapting inhibition', 'adapting inhibition', 'complete inhibition', 'adapting inhibition', 'adapting inhibition', 'adapting inhibition', 'adapting inhibition', 'adapting inhibition']",[1 0 1 1 0 1 1 1 1 1],1.0,1.0,1.0,0.0,99,90,3,3,2,2,"[1.84030634e-03 7.25543280e-03 2.00911400e-02 ... 5.14429050e+00
 5.25652265e+00 5.86920397e+00]","[5.64879583e-03 2.30793473e-02 9.08136452e-02 ... 5.13816152e+00
 5.33932496e+00 5.73193044e+00]","{'complete inhibition': 0, 'adapting inhibition': 1, 'partial inhibition': 2, 'no effect': 3, 'excitation': 4, 'biphasic IE': 5, 'biphasic EI': 6}",56.1,0.6901733270036576,0.017808624234005133,0.017162500000006985,0.9755925000000026,24.4,0.8469673800006758,0.0749949898642183,0.052562500000006195,0.9868900000000025,False,0.8,"[0.5 0.9 0.9 0.5 0.6 0.6 0.7 0.6 0.2 0.3 0.2 0.2 0.2 0.2 0.2 0.2 0.2 0.2
 0.2 0.2]",50.606034699458085,0.8431631668467875,0.01974395812310797,55.25066319935792,0.7911304296327705,0.018094535582255097,3.98026948081907,1.4031472790547788,adapting inhibition,1
23,AG7960,5,07-21-22,1.4,5,6-OHDA,82,4,left,/Users/johnparker/paper_repos/Aristieta_Parker_Gao_Gittis_Rubin_2024_D1_GPe/data/d1_msns/pre_processed_data/6-OHDA_D1-MSNs_cell_body_stim/Neuron_0082,/Users/johnparker/paper_repos/Aristieta_Parker_Gao_Gittis_Rubin_2024_D1_GPe/data/d1_msns/pre_processed_data/6-OHDA_D1-MSNs_cell_body_stim,6-OHDA_D1-MSNs_cell_body_stim,True,25,250,0.025,/Users/johnparker/paper_repos/Aristieta_Parker_Gao_Gittis_Rubin_2024_D1_GPe/data/d1_msns/processed_data/6-OHDA_D1-MSNs_cell_body_stim/Neuron_0082,9,0.05,"['partial inhibition', 'partial inhibition', 'no effect', 'no effect', 'no effect', 'no effect', 'no effect', 'partial inhibition', 'no effect']",[2 2 3 3 3 3 3 2 3],1.0,1.0,1.0,0.0,99,90,3,3,2,2,"[1.85948175e-34 5.30277669e-26 1.89216683e-25 ... 2.55085710e+00
 2.65663222e+00 3.29006864e+00]",[0.00168695 0.0017515  0.00192939 ... 0.017754   0.017754   0.017754  ],"{'complete inhibition': 0, 'adapting inhibition': 1, 'partial inhibition': 2, 'no effect': 3, 'excitation': 4, 'biphasic IE': 5, 'biphasic EI': 6}",13.0,0.7904862699428791,0.07461309570059466,0.06835277777778496,0.9340888888888862,15.11111111111111,0.8434570751778175,0.063877212248535,0.055541666666670944,0.9408972222222158,True,2.6666666666666665,"[0.55555556 0.22222222 0.22222222 0.         0.22222222 0.
 0.         0.22222222 0.22222222 0.         0.         0.
 0.         0.         0.         0.         0.         0.11111111
 0.33333333 0.44444444]",13.95765702618485,0.7536549514544427,0.0715701094890511,9.135551027342562,0.8283114004931589,0.10899341517857129,1.2974349597147248,0.009223099789122247,excitation,4
24,AG7960,5,07-21-22,1.7,6,6-OHDA,76,2,right,/Users/johnparker/paper_repos/Aristieta_Parker_Gao_Gittis_Rubin_2024_D1_GPe/data/d1_msns/pre_processed_data/6-OHDA_D1-MSNs_cell_body_stim/Neuron_0076,/Users/johnparker/paper_repos/Aristieta_Parker_Gao_Gittis_Rubin_2024_D1_GPe/data/d1_msns/pre_processed_data/6-OHDA_D1-MSNs_cell_body_stim,6-OHDA_D1-MSNs_cell_body_stim,True,25,250,0.025,/Users/johnparker/paper_repos/Aristieta_Parker_Gao_Gittis_Rubin_2024_D1_GPe/data/d1_msns/processed_data/6-OHDA_D1-MSNs_cell_body_stim/Neuron_0076,10,0.05,"['complete inhibition', 'partial inhibition', 'partial inhibition', 'partial inhibition', 'partial inhibition', 'excitation', 'partial inhibition', 'complete inhibition', 'partial inhibition', 'complete inhibition']",[0 2 2 2 2 4 2 0 2 0],1.0,1.0,1.0,0.0,99,90,3,3,2,2,"[1.22106027e-26 1.22106036e-26 1.22107018e-26 ... 2.99050946e+00
 3.27028361e+00 3.37820922e+00]",[0.00090763 0.00093179 0.00094017 ... 0.01623373 0.01623373 0.01623373],"{'complete inhibition': 0, 'adapting inhibition': 1, 'partial inhibition': 2, 'no effect': 3, 'excitation': 4, 'biphasic IE': 5, 'biphasic EI': 6}",16.9,0.7474614335415202,0.07456345358807885,0.0394000000000041,0.9473450000000021,8.0,0.6281461561398133,0.060609793206794715,0.16845,0.6396850000000057,True,1.6,"[0.7 0.5 0.4 0.4 0.4 0.5 0.7 0.9 0.8 0.8 0.8 0.8 0.9 0.9 0.9 0.9 0.9 0.9
 0.9 0.9]",8.741395820823643,1.3198311098418503,0.1144487819025522,13.537022694747726,1.3707259851360487,0.07352260479041904,1.8630877561625894,0.006854798078612993,partial inhibition,2
25,AG7499,5,02-17-22,1.4,4,6-OHDA,49,12,left,/Users/johnparker/paper_repos/Aristieta_Parker_Gao_Gittis_Rubin_2024_D1_GPe/data/d1_msns/pre_processed_data/6-OHDA_D1-MSNs_cell_body_stim/Neuron_0049,/Users/johnparker/paper_repos/Aristieta_Parker_Gao_Gittis_Rubin_2024_D1_GPe/data/d1_msns/pre_processed_data/6-OHDA_D1-MSNs_cell_body_stim,6-OHDA_D1-MSNs_cell_body_stim,True,25,250,0.025,/Users/johnparker/paper_repos/Aristieta_Parker_Gao_Gittis_Rubin_2024_D1_GPe/data/d1_msns/processed_data/6-OHDA_D1-MSNs_cell_body_stim/Neuron_0049,10,0.05,"['excitation', 'excitation', 'excitation', 'excitation', 'excitation', 'excitation', 'excitation', 'excitation', 'excitation', 'excitation']",[4 4 4 4 4 4 4 4 4 4],1.0,1.0,1.0,0.0,99,90,3,3,2,2,"[1.02472079e-05 1.02483280e-05 2.28683833e-04 ... 2.91987432e+00
 2.97138939e+00 3.00818478e+00]",[0.00110146 0.00110262 0.00111216 ... 0.00959957 0.01061054 0.01079456],"{'complete inhibition': 0, 'adapting inhibition': 1, 'partial inhibition': 2, 'no effect': 3, 'excitation': 4, 'biphasic IE': 5, 'biphasic EI': 6}",24.1,0.5641777847834835,0.043777242018398124,0.01758499999999401,0.9811799999999927,46.4,0.6520051062101375,0.02126547926352632,0.036329999999996684,0.9855924999999921,True,4.0,"[0.3 0.4 1.6 1.6 1.4 0.8 1.  0.8 0.8 0.8 0.6 1.4 1.8 1.6 1.6 1.6 1.4 1.4
 1.6 1.4]",15.979183458595513,0.7137609635962738,0.06242315112540193,34.49759510724071,0.6953178725956553,0.028954055059523837,1.7974634927650919,0.004045107996938304,excitation,4
26,AG8020,4,06-23-22,1.1,3,6-OHDA,71,7,right,/Users/johnparker/paper_repos/Aristieta_Parker_Gao_Gittis_Rubin_2024_D1_GPe/data/d1_msns/pre_processed_data/6-OHDA_D1-MSNs_cell_body_stim/Neuron_0071,/Users/johnparker/paper_repos/Aristieta_Parker_Gao_Gittis_Rubin_2024_D1_GPe/data/d1_msns/pre_processed_data/6-OHDA_D1-MSNs_cell_body_stim,6-OHDA_D1-MSNs_cell_body_stim,True,25,250,0.025,/Users/johnparker/paper_repos/Aristieta_Parker_Gao_Gittis_Rubin_2024_D1_GPe/data/d1_msns/processed_data/6-OHDA_D1-MSNs_cell_body_stim/Neuron_0071,10,0.05,"['complete inhibition', 'no effect', 'complete inhibition', 'complete inhibition', 'excitation', 'excitation', 'excitation', 'excitation', 'excitation', 'excitation']",[0 3 0 0 4 4 4 4 4 4],1.0,1.0,1.0,0.0,99,90,3,3,2,2,"[9.04777462e-109 9.04777462e-109 2.30177354e-090 ... 5.02111999e+000
 5.14981964e+000 5.47179895e+000]",[0.00064594 0.00069792 0.00072035 ... 0.03019269 0.03019269 0.03019269],"{'complete inhibition': 0, 'adapting inhibition': 1, 'partial inhibition': 2, 'no effect': 3, 'excitation': 4, 'biphasic IE': 5, 'biphasic EI': 6}",24.2,0.709585072975827,0.08241768598769708,0.09953750000000597,0.821915000000019,38.2,0.7258315673534045,0.1384996813929317,0.06466000000002055,0.9115100000000155,True,2.7,"[0.5 0.3 0.5 0.7 0.7 0.3 0.5 0.7 1.3 0.9 0.7 0.9 0.7 0.9 0.7 0.9 0.7 0.7
 0.5 0.6]",5.519640551230819,1.0502200468005873,0.1805250925925926,58.862587428254855,1.038079677668457,0.01698202665282103,3.273665063970596,0.014047953953954471,no effect,3
27,AG7960,5,07-21-22,1.7,3,6-OHDA,85,4,right,/Users/johnparker/paper_repos/Aristieta_Parker_Gao_Gittis_Rubin_2024_D1_GPe/data/d1_msns/pre_processed_data/6-OHDA_D1-MSNs_cell_body_stim/Neuron_0085,/Users/johnparker/paper_repos/Aristieta_Parker_Gao_Gittis_Rubin_2024_D1_GPe/data/d1_msns/pre_processed_data/6-OHDA_D1-MSNs_cell_body_stim,6-OHDA_D1-MSNs_cell_body_stim,True,25,250,0.025,/Users/johnparker/paper_repos/Aristieta_Parker_Gao_Gittis_Rubin_2024_D1_GPe/data/d1_msns/processed_data/6-OHDA_D1-MSNs_cell_body_stim/Neuron_0085,10,0.05,"['complete inhibition', 'complete inhibition', 'complete inhibition', 'complete inhibition', 'complete inhibition', 'complete inhibition', 'complete inhibition', 'complete inhibition', 'complete inhibition', 'complete inhibition']",[0 0 0 0 0 0 0 0 0 0],1.0,1.0,1.0,0.0,99,90,3,3,2,2,[],[],"{'complete inhibition': 0, 'adapting inhibition': 1, 'partial inhibition': 2, 'no effect': 3, 'excitation': 4, 'biphasic IE': 5, 'biphasic EI': 6}",28.5,0.8753328402936458,0.03655237779875922,0.03866000000000227,0.959842499999997,0.1,0.0,0.0,0.9004800000000003,0.9004800000000003,True,0.0,[1. 1. 1. 1. 1. 1. 1. 1. 1. 1. 1. 1. 1. 1. 1. 1. 1. 1. 1. 1.],23.973115862925148,1.1942002159791227,0.04172117021276595,30.109091946888135,1.3317377084514859,0.029281724254742555,,,complete inhibition,0
28,AG7499,5,02-17-22,1.7,2,6-OHDA,47,1,right,/Users/johnparker/paper_repos/Aristieta_Parker_Gao_Gittis_Rubin_2024_D1_GPe/data/d1_msns/pre_processed_data/6-OHDA_D1-MSNs_cell_body_stim/Neuron_0047,/Users/johnparker/paper_repos/Aristieta_Parker_Gao_Gittis_Rubin_2024_D1_GPe/data/d1_msns/pre_processed_data/6-OHDA_D1-MSNs_cell_body_stim,6-OHDA_D1-MSNs_cell_body_stim,True,25,250,0.025,/Users/johnparker/paper_repos/Aristieta_Parker_Gao_Gittis_Rubin_2024_D1_GPe/data/d1_msns/processed_data/6-OHDA_D1-MSNs_cell_body_stim/Neuron_0047,10,0.05,"['complete inhibition', 'complete inhibition', 'complete inhibition', 'partial inhibition', 'complete inhibition', 'excitation', 'biphasic EI', 'partial inhibition', 'adapting inhibition', 'complete inhibition']",[0 0 0 2 0 4 6 2 1 0],1.0,1.0,1.0,0.0,99,90,3,3,2,2,"[4.28628034e-268 4.28628034e-268 1.52191224e-238 1.52191224e-238
 9.86108821e-211 9.86108821e-211 1.16664969e-184 1.16664969e-184
 2.52202657e-160 2.52202657e-160 9.97118031e-138 9.97118031e-138
 7.21836761e-117 7.21836761e-117 9.58291267e-098 9.58291267e-098
 1.10723954e-094 1.10723954e-094 1.10723954e-094 1.10723954e-094
 1.10723954e-094 1.10723954e-094 1.10723954e-094 1.10723954e-094
 1.10723954e-094 1.10723954e-094 2.33792540e-080 2.33792540e-080
 2.31461229e-078 1.36768953e-077 1.36768953e-077 1.36768953e-077
 1.36768953e-077 1.36768953e-077 1.36768953e-077 1.36768953e-077
 1.36768953e-077 1.36768953e-077 1.36768953e-077 1.05123724e-064
 1.05123724e-064 6.35629155e-063 3.10761182e-062 3.10761182e-062
 3.10761182e-062 3.10761182e-062 3.10761182e-062 3.10761182e-062
 3.10761182e-062 3.10761182e-062 3.10761182e-062 3.10761182e-062
 8.74793382e-051 8.74793382e-051 3.21973121e-049 1.30264623e-048
 1.30264623e-048 1.30264623e-048 1.30264623e-048 1.30264623e-048
 1.30264623e-048 1.30264623e-048 1.30264623e-048 1.30264623e-048
 1.30264623e-048 7.92650431e-044 7.92650431e-044 7.92650431e-044
 7.92650431e-044 7.92650431e-044 7.92650431e-044 7.92650431e-044
 2.66309352e-042 2.66309352e-042 2.74686087e-042 2.74686087e-042
 2.74686087e-042 1.11415060e-041 5.62611189e-040 5.62611189e-040
 1.35539235e-038 1.35539235e-038 3.02062263e-037 7.36814770e-037
 7.36814770e-037 1.01155416e-036 1.01155416e-036 1.01155416e-036
 1.01155416e-036 1.01155416e-036 1.01155416e-036 1.01155416e-036
 1.01155416e-036 1.01155416e-036 1.01155416e-036 3.92058397e-034
 3.92058397e-034 1.32665258e-032 1.32665258e-032 1.32665258e-032
 1.32665258e-032 1.32665258e-032 1.32665258e-032 1.32665258e-032
 1.39096534e-032 5.37582313e-032 5.37582313e-032 5.37582313e-032
 5.37582313e-032 5.37582313e-032 2.32942362e-031 2.32942362e-031
 2.46852015e-031 2.46852015e-031 2.46852015e-031 9.30003391e-031
 2.56901002e-029 2.56901002e-029 3.94534598e-028 3.94534598e-028
 5.28045579e-027 1.12078692e-026 1.12078692e-026 1.46421823e-026
 1.46421823e-026 1.46421823e-026 1.46421825e-026 1.46421825e-026
 1.46421825e-026 1.46421825e-026 1.46421825e-026 1.46421825e-026
 1.46421825e-026 2.19128294e-024 2.19128294e-024 4.15230435e-023
 4.15230435e-023 4.15230435e-023 4.15230435e-023 4.15230435e-023
 4.15230435e-023 4.15230435e-023 4.31938766e-023 1.33117001e-022
 1.33117001e-022 1.33117001e-022 1.33117001e-022 1.33117001e-022
 4.50135091e-022 4.50135091e-022 4.93328968e-022 4.93328968e-022
 4.93328968e-022 1.48344355e-021 2.20085798e-020 2.20085798e-020
 2.18742463e-019 2.18742463e-019 1.73668215e-018 3.20885203e-018
 3.20885203e-018 3.98981059e-018 3.98981059e-018 3.98981059e-018
 3.98981173e-018 3.98981173e-018 3.98981173e-018 3.98981173e-018
 3.98981173e-018 3.98981173e-018 3.98981173e-018 1.31800691e-016
 1.49399995e-016 1.49399995e-016 1.49399995e-016 2.31298168e-016
 2.31298168e-016 2.45977371e-015 2.45977371e-015 2.45977371e-015
 2.45977371e-015 2.45977371e-015 2.45977371e-015 2.45977371e-015
 2.53872192e-015 6.24455921e-015 6.24455921e-015 6.24455921e-015
 6.24455921e-015 6.24455921e-015 8.53445504e-015 1.64953825e-014
 1.64953825e-014 1.90341045e-014 1.90341045e-014 1.90341045e-014
 3.86006598e-014 3.86006598e-014 3.86006598e-014 3.86006598e-014
 4.57446640e-014 3.58861715e-013 3.58861715e-013 2.36076294e-012
 2.36076294e-012 7.43825299e-012 1.09249334e-011 1.75858834e-011
 1.75858834e-011 1.99889930e-011 1.99889930e-011 1.99889930e-011
 1.99889930e-011 1.99889930e-011 1.99889930e-011 1.99889952e-011
 1.99891163e-011 1.99910733e-011 1.99910733e-011 2.08165696e-011
 2.08165696e-011 2.08165696e-011 2.08167058e-011 2.08167058e-011
 2.08167058e-011 2.08167058e-011 2.08167058e-011 2.08167058e-011
 2.08167058e-011 5.84845532e-011 8.29273770e-011 1.73515770e-010
 1.73515770e-010 1.73515770e-010 1.73542743e-010 3.06265162e-010
 3.71707329e-010 3.71707329e-010 3.71707329e-010 4.70233766e-010
 4.70233766e-010 5.33917373e-010 5.62091405e-010 6.97532482e-010
 1.52199240e-009 1.52199240e-009 1.52199305e-009 1.91684951e-009
 1.91684951e-009 1.91684952e-009 1.91684952e-009 2.04615493e-009
 2.06108242e-009 2.06108242e-009 2.06108242e-009 2.40061800e-009
 2.81807879e-009 2.81807879e-009 2.81807879e-009 2.81807879e-009
 2.81807879e-009 2.81807879e-009 2.81807879e-009 2.88587075e-009
 3.45219493e-009 4.22548711e-009 4.23281435e-009 4.87375933e-009
 5.06205963e-009 5.44621107e-009 5.67523691e-009 5.67523691e-009
 5.67523691e-009 5.67523691e-009 5.67523691e-009 6.95884702e-009
 7.17157908e-009 1.17340445e-008 1.17340445e-008 1.46199150e-008
 1.46199150e-008 1.46199150e-008 1.62153444e-008 2.20906881e-008
 2.20906885e-008 2.20906885e-008 2.20906885e-008 2.66209865e-008
 2.81469032e-008 2.82882632e-008 3.21972206e-008 3.21972225e-008
 3.59613287e-008 3.59613287e-008 4.35458922e-008 6.07185862e-008
 6.88621148e-008 1.14396467e-007 1.14396467e-007 1.80280633e-007
 2.15924002e-007 2.25207447e-007 3.42908968e-007 3.42908968e-007
 5.14512289e-007 5.14512289e-007 1.02524093e-006 1.03042230e-006
 1.06654998e-006 1.35697465e-006 1.55521157e-006 1.90601959e-006
 1.90601959e-006 2.00938657e-006 2.01175384e-006 2.08800755e-006
 2.08800755e-006 2.08800756e-006 2.08800756e-006 2.08800760e-006
 2.08800760e-006 2.08802050e-006 2.08829858e-006 2.09049130e-006
 2.09049130e-006 2.14915183e-006 2.14915183e-006 2.14915183e-006
 2.14946591e-006 2.14946591e-006 2.14946591e-006 2.14946591e-006
 2.14946591e-006 2.14946591e-006 2.14946591e-006 2.36559299e-006
 3.59260049e-006 3.74866925e-006 5.32857534e-006 7.14235633e-006
 9.24391070e-006 9.53759375e-006 9.58135260e-006 9.58135279e-006
 9.58135279e-006 9.59827746e-006 1.42306807e-005 1.90660635e-005
 1.90660635e-005 1.90660635e-005 1.91528574e-005 1.91528574e-005
 2.07177238e-005 2.08847632e-005 2.18175633e-005 2.25688717e-005
 2.32165295e-005 2.51238849e-005 2.70207196e-005 2.70207196e-005
 3.87496295e-005 4.15340142e-005 4.29201964e-005 4.29202033e-005
 4.29212251e-005 5.02283309e-005 5.02283309e-005 5.02283964e-005
 5.02283964e-005 5.27702472e-005 5.27702472e-005 5.27702472e-005
 5.91051432e-005 6.52877276e-005 6.52877276e-005 6.52877276e-005
 6.52877276e-005 6.52877276e-005 6.52877276e-005 6.52877276e-005
 6.55185614e-005 6.55186290e-005 6.63172326e-005 7.48660088e-005
 8.23473006e-005 8.23473006e-005 8.58223900e-005 8.68345767e-005
 9.25056820e-005 9.35977617e-005 9.36536775e-005 9.47842227e-005
 1.01806245e-004 1.04664769e-004 1.04664769e-004 1.04664769e-004
 1.04664769e-004 1.04664769e-004 1.18690120e-004 1.22457437e-004
 1.41368079e-004 1.57134616e-004 1.57134645e-004 1.57154452e-004
 1.70126182e-004 1.70126182e-004 1.74940839e-004 2.10533237e-004
 2.17385795e-004 2.36442944e-004 2.36442944e-004 2.36442944e-004
 2.58728065e-004 2.58728712e-004 2.58728712e-004 2.58728712e-004
 2.73659898e-004 2.92626430e-004 3.04487002e-004 3.31373060e-004
 3.31373060e-004 3.42332055e-004 3.42332055e-004 3.42332055e-004
 3.56420732e-004 3.56420732e-004 3.66327594e-004 4.10539762e-004
 4.22417477e-004 5.01619287e-004 5.44328103e-004 5.60524226e-004
 6.44069494e-004 6.54759184e-004 7.55443685e-004 7.55443685e-004
 7.66390189e-004 9.69018912e-004 1.03138013e-003 1.06455355e-003
 1.06455355e-003 1.06455355e-003 1.13411116e-003 1.16481192e-003
 1.17704917e-003 1.17704917e-003 1.51997186e-003 1.51997186e-003
 1.76633902e-003 2.28181203e-003 2.31528779e-003 2.31528780e-003
 2.35293295e-003 2.43046094e-003 2.43046094e-003 3.00937233e-003
 3.01874054e-003 3.08353215e-003 3.28104870e-003 3.30638304e-003
 3.57529087e-003 3.88899523e-003 4.00092105e-003 4.38634787e-003
 4.38634787e-003 4.39924959e-003 4.39924959e-003 4.54272220e-003
 4.60069074e-003 4.64978053e-003 4.64978053e-003 4.64979200e-003
 4.64979200e-003 4.64980835e-003 4.64980835e-003 4.65131324e-003
 4.66351593e-003 4.70968155e-003 4.70968156e-003 4.73189129e-003
 4.73189129e-003 4.73189129e-003 4.74637300e-003 4.74637300e-003
 4.74637300e-003 4.74637300e-003 4.74637300e-003 4.74637300e-003
 4.74637300e-003 4.97149348e-003 5.01503293e-003 5.17968221e-003
 5.18431924e-003 5.64086161e-003 5.70165329e-003 6.53826419e-003
 6.85791528e-003 8.15525763e-003 9.63034501e-003 9.69427114e-003
 9.85290048e-003 1.12815074e-002 1.14822382e-002 1.15128390e-002
 1.15129109e-002 1.15129109e-002 1.17297990e-002 1.34097587e-002
 1.40390176e-002 1.40390176e-002 1.40390176e-002 1.40390190e-002
 1.40390217e-002 1.40398416e-002 1.40398416e-002 1.43335389e-002
 1.43335389e-002 1.44779073e-002 1.45889397e-002 1.65399477e-002
 1.66617625e-002 1.66617625e-002 1.66617625e-002 1.71648458e-002
 1.71648458e-002 1.73622708e-002 1.80323636e-002 1.80323636e-002
 1.88444335e-002 1.91686238e-002 1.94560453e-002 1.94982187e-002
 1.96424528e-002 1.99721645e-002 2.00242701e-002 2.00242702e-002
 2.00242702e-002 2.21765627e-002 2.21765627e-002 2.21765627e-002
 2.46238014e-002 2.50769632e-002 2.51049530e-002 2.62278055e-002
 2.62278055e-002 2.65935478e-002 2.65935671e-002 2.67426930e-002
 2.70257047e-002 2.70266855e-002 2.70585373e-002 2.81576685e-002
 2.81576685e-002 2.94800793e-002 2.94800793e-002 2.94849146e-002
 2.94849146e-002 3.02924878e-002 3.02924878e-002 3.02924878e-002
 3.41049203e-002 3.41098764e-002 3.43307817e-002 3.43482033e-002
 3.43544084e-002 3.43544084e-002 3.43544084e-002 3.43544084e-002
 3.43544084e-002 3.43544084e-002 3.43544084e-002 3.52550619e-002
 3.52550619e-002 3.52553389e-002 3.66708257e-002 3.96145919e-002
 4.16508238e-002 4.24623352e-002 4.24812187e-002 4.32784401e-002
 4.39241295e-002 4.39241295e-002 4.39241295e-002 4.39241295e-002
 4.39241295e-002 4.58040367e-002 4.69740615e-002 4.71669240e-002
 4.77572065e-002 5.44411988e-002 5.44439693e-002 5.46821846e-002
 5.68108088e-002 5.68108088e-002 5.75976614e-002 6.34467894e-002
 6.36121786e-002 7.00548326e-002 7.05498071e-002 7.05736739e-002
 7.05736739e-002 7.05736739e-002 7.25914413e-002 7.63156875e-002
 7.66548409e-002 7.67974376e-002 7.91236017e-002 7.91236017e-002
 7.91236017e-002 8.00094405e-002 8.00094405e-002 8.30021556e-002
 8.30021556e-002 9.00610209e-002 9.11224377e-002 9.11224377e-002
 9.11224377e-002 9.81247298e-002 9.83977680e-002 1.02859269e-001
 1.10909732e-001 1.11203333e-001 1.12018381e-001 1.12018387e-001
 1.14882305e-001 1.20187188e-001 1.20187188e-001 1.36570231e-001
 1.41285651e-001 1.41285651e-001 1.41285651e-001 1.45998986e-001
 1.47354496e-001 1.48023761e-001 1.48023761e-001 1.56612036e-001
 1.66538278e-001 1.66538278e-001 1.94223602e-001 1.95117323e-001
 1.98785597e-001 2.00991859e-001 2.00993291e-001 2.01548638e-001
 2.25246708e-001 2.25546132e-001 2.27535928e-001 2.33151229e-001
 2.34341078e-001 2.42303691e-001 2.52894214e-001 2.56367838e-001
 2.63601134e-001 2.63601134e-001 2.63924605e-001 2.63924605e-001
 2.67564148e-001 2.69950579e-001 2.69950579e-001 2.70118107e-001
 2.70118107e-001 2.70251704e-001 2.70251958e-001 2.71877019e-001
 2.71877019e-001 2.71877019e-001 2.73812527e-001 2.77364511e-001
 2.78671760e-001 2.84136266e-001 2.86501394e-001 2.86501394e-001
 2.86501394e-001 2.86501394e-001 2.86501394e-001 2.86501394e-001
 2.86501394e-001 2.91740457e-001 2.94221521e-001 2.94221521e-001
 2.99302719e-001 3.02425717e-001 3.02426502e-001 3.03343211e-001
 3.15544303e-001 3.15544303e-001 3.36447675e-001 3.49061362e-001
 3.51536575e-001 3.58747173e-001 3.60849005e-001 3.81690099e-001
 3.81886481e-001 3.81893771e-001 3.82249929e-001 3.82249980e-001
 3.88376623e-001 3.96916519e-001 4.02641496e-001 4.09028874e-001
 4.09028874e-001 4.09028874e-001 4.09068854e-001 4.09132601e-001
 4.10899790e-001 4.11658057e-001 4.11658057e-001 4.11830526e-001
 4.13312694e-001 4.14373695e-001 4.25676961e-001 4.31506776e-001
 4.31506776e-001 4.31577400e-001 4.33189544e-001 4.33189544e-001
 4.33189544e-001 4.33206741e-001 4.37437761e-001 4.37437761e-001
 4.44504728e-001 4.44504728e-001 4.46133061e-001 4.50843400e-001
 4.52059676e-001 4.53298513e-001 4.56895494e-001 4.59615283e-001
 4.59615283e-001 4.59615283e-001 4.59754582e-001 4.84400049e-001
 4.84400049e-001 4.92314053e-001 4.92314053e-001 4.92314053e-001
 5.00875046e-001 5.01170777e-001 5.03220970e-001 5.04483843e-001
 5.04483843e-001 5.05997189e-001 5.06155860e-001 5.09229813e-001
 5.09229813e-001 5.11971639e-001 5.15847930e-001 5.15847930e-001
 5.19785284e-001 5.19785284e-001 5.19785284e-001 5.22031607e-001
 5.23546586e-001 5.23546586e-001 5.26499011e-001 5.26925954e-001
 5.31881036e-001 5.32741409e-001 5.34761823e-001 5.36853675e-001
 5.37798066e-001 5.41591321e-001 5.41591321e-001 5.41591321e-001
 5.42132622e-001 5.44785658e-001 5.47188177e-001 5.49213537e-001
 5.51591041e-001 5.56982576e-001 5.56982576e-001 5.56982576e-001
 5.56982576e-001 5.56982576e-001 5.58291732e-001 5.64150830e-001
 5.65041868e-001 5.67573043e-001 5.68415610e-001 5.71904934e-001
 5.78801669e-001 5.82006638e-001 5.83671743e-001 5.84156351e-001
 5.87678696e-001 5.87728266e-001 5.88625419e-001 6.00793591e-001
 6.01267924e-001 6.01730240e-001 6.06501483e-001 6.07674166e-001
 6.10290537e-001 6.15663547e-001 6.15663547e-001 6.15663547e-001
 6.15663547e-001 6.15663547e-001 6.15663547e-001 6.15663547e-001
 6.20419981e-001 6.23301320e-001 6.23301320e-001 6.31807296e-001
 6.32355663e-001 6.32355664e-001 6.38377161e-001 6.40702308e-001
 6.41647238e-001 6.42466100e-001 6.43941156e-001 6.43941156e-001
 6.43941156e-001 6.45056707e-001 6.45056707e-001 6.48652010e-001
 6.48652010e-001 6.51258454e-001 6.51258454e-001 6.51258463e-001
 6.55927781e-001 6.56559238e-001 6.57443672e-001 6.57443672e-001
 6.57612423e-001 6.60768995e-001 6.62036910e-001 6.63451897e-001
 6.65267431e-001 6.68891002e-001 6.68911333e-001 6.69009524e-001
 6.69336951e-001 6.69441609e-001 6.69464966e-001 6.71421204e-001
 6.71421204e-001 6.71421204e-001 6.73153448e-001 6.75543872e-001
 6.78075313e-001 6.78933764e-001 6.81025605e-001 6.82741040e-001
 6.82741040e-001 6.82841347e-001 6.82853390e-001 6.83301522e-001
 6.84720438e-001 6.86877050e-001 6.86967507e-001 6.87394128e-001
 6.88658457e-001 6.90053808e-001 6.90703985e-001 6.93008475e-001
 6.93008475e-001 6.94076044e-001 6.94234987e-001 7.01397996e-001
 7.01397996e-001 7.01907133e-001 7.02081764e-001 7.03593394e-001
 7.03857051e-001 7.03993909e-001 7.06852677e-001 7.07576182e-001
 7.07576182e-001 7.09046316e-001 7.09079471e-001 7.14199007e-001
 7.17898886e-001 7.20078622e-001 7.20078622e-001 7.20126450e-001
 7.21280791e-001 7.22547525e-001 7.29657683e-001 7.33531682e-001
 7.35900353e-001 7.40292290e-001 7.42510936e-001 7.42510936e-001
 7.42510936e-001 7.47156817e-001 7.47156817e-001 7.47333063e-001
 7.47662075e-001 7.51693943e-001 7.52051245e-001 7.53555691e-001
 7.54038178e-001 7.54038178e-001 7.57375912e-001 7.57375912e-001
 7.57986616e-001 7.58949391e-001 7.59846946e-001 7.66636003e-001
 7.66636003e-001 7.78513497e-001 7.79782400e-001 7.82574040e-001
 7.84707145e-001 7.89022614e-001 7.89022614e-001 7.89357924e-001
 7.93947949e-001 8.01861804e-001 8.01932062e-001 8.23973335e-001
 8.23981191e-001 8.30587914e-001 8.32236192e-001 8.36185039e-001
 8.36485865e-001 8.41807332e-001 8.44773550e-001 8.54957758e-001
 8.67299270e-001 8.84483462e-001 8.93037181e-001 8.98492854e-001
 8.98492854e-001 9.00079240e-001 9.00800665e-001 9.07152335e-001
 9.22015333e-001 9.24445566e-001 9.33787644e-001 9.41229971e-001
 9.76988254e-001 9.82453343e-001 9.85876626e-001 9.94586432e-001
 1.00405208e+000 1.00828001e+000 1.01980353e+000 1.02531333e+000
 1.03310142e+000 1.05089753e+000 1.05658838e+000 1.05662887e+000
 1.05677702e+000 1.05866684e+000 1.05866684e+000 1.05866684e+000
 1.05866684e+000 1.05866684e+000 1.05866684e+000 1.05866684e+000
 1.07416926e+000 1.07767605e+000 1.08555058e+000 1.08672111e+000
 1.09228411e+000 1.10397925e+000 1.11236095e+000 1.11763906e+000
 1.12919355e+000 1.13348662e+000 1.14132410e+000 1.14199176e+000
 1.14393454e+000 1.14393454e+000 1.14393454e+000 1.15289463e+000
 1.16103109e+000 1.16579793e+000 1.17532346e+000 1.17543931e+000
 1.17720181e+000 1.17741816e+000 1.17861953e+000 1.18053120e+000
 1.18053120e+000 1.18652432e+000 1.19031831e+000 1.20267117e+000
 1.20562327e+000 1.20956292e+000 1.21097529e+000 1.24347866e+000
 1.26148371e+000 1.28543492e+000 1.31002379e+000 1.32910505e+000
 1.34337824e+000 1.34585263e+000 1.38867388e+000 1.39380413e+000
 1.39670834e+000 1.40203560e+000 1.40203560e+000 1.62796311e+000
 1.63854676e+000 1.64643413e+000 1.67260069e+000 1.73141901e+000]","[0.         0.         0.         0.         0.         0.
 0.         0.         0.         0.         0.         0.
 0.         0.         0.         0.         0.         0.
 0.         0.         0.         0.         0.         0.
 0.         0.         0.         0.         0.         0.
 0.         0.         0.         0.         0.         0.
 0.         0.         0.         0.         0.         0.
 0.         0.         0.         0.         0.         0.
 0.         0.         0.         0.         0.         0.
 0.         0.         0.         0.         0.         0.
 0.         0.         0.         0.         0.         0.
 0.         0.         0.         0.         0.         0.
 0.         0.         0.         0.         0.         0.
 0.         0.         0.         0.         0.         0.
 0.         0.         0.         0.         0.         0.
 0.         0.         0.         0.         0.         0.
 0.         0.         0.         0.         0.         0.
 0.         0.         0.         0.         0.         0.
 0.         0.         0.         0.         0.         0.
 0.         0.         0.         0.         0.         0.
 0.         0.         0.         0.         0.         0.
 0.         0.         0.         0.         0.         0.
 0.         0.         0.         0.         0.         0.
 0.         0.         0.         0.         0.         0.
 0.         0.         0.         0.         0.         0.
 0.         0.         0.         0.         0.         0.
 0.         0.         0.         0.         0.         0.
 0.         0.         0.         0.         0.         0.
 0.         0.         0.         0.         0.         0.
 0.         0.         0.         0.         0.         0.
 0.         0.         0.         0.         0.         0.
 0.         0.         0.         0.         0.         0.
 0.         0.         0.         0.         0.         0.
 0.         0.         0.00243927 0.00245845 0.00256174 0.0026427
 0.00264938 0.00266083 0.00269962 0.0027402  0.00277919 0.00279537
 0.00280238 0.00285686 0.00288324 0.00291327 0.00296263 0.00298463
 0.00302905 0.00303828 0.0030785  0.00308477 0.00309156 0.00312135
 0.00312552 0.00312767 0.00313953 0.00316421 0.00323015 0.00324161
 0.00324257 0.0032452  0.00332974 0.00333783 0.00334288 0.0033617
 0.0034117  0.0034255  0.00345517 0.00353045 0.00357183 0.00357693
 0.00367301 0.00370261 0.00370273 0.00373426 0.00384902 0.00389052
 0.00394134 0.00394586 0.00395857 0.00400693 0.00403535 0.00410846
 0.00411758 0.00412751 0.00418503 0.0041894  0.00426596 0.0042887
 0.00429589 0.00430006 0.00434961 0.00440623 0.0044335  0.00443678
 0.00443682 0.00444155 0.00445732 0.00446545 0.00448475 0.00452365
 0.00454707 0.00456161 0.0046029  0.00461749 0.00463328 0.0046992
 0.00470875 0.00471168 0.00475644 0.00476464 0.00477131 0.00478183
 0.00479037 0.00479116 0.00479755 0.0048402  0.00489425 0.00498094
 0.00498317 0.00498687 0.00499571 0.0050306  0.00503126 0.00503536
 0.00505469 0.00506249 0.00508599 0.00508876 0.00508876 0.00509222
 0.00510021 0.00513738 0.00513768 0.00514148 0.00515713 0.00516754
 0.00517703 0.00517842 0.00519588 0.00523821 0.00524781 0.00525602
 0.00525712 0.00528598 0.00531817 0.00535458 0.00537622 0.0054201
 0.00545865 0.00557389 0.00558409 0.00560595 0.00561993 0.00564202
 0.00565979 0.00565979 0.00566372 0.00569488 0.00569909 0.00570496
 0.00570718 0.00574866 0.00577889 0.00579062 0.00579918 0.00584244
 0.00584494 0.00585738 0.00587964 0.00588008 0.00588322 0.00590917
 0.00596782 0.00598672 0.00599459 0.00599769 0.00601514 0.00601648
 0.00601648 0.00601648 0.00601648 0.00602157 0.00602197 0.00604404
 0.00605566 0.00607027 0.00608438 0.00611541 0.00611776 0.00611934
 0.00611942 0.00611942 0.00611942 0.00612437 0.00614281 0.00615213
 0.00619449 0.00621375 0.0062195  0.00622602 0.00622923 0.00622923
 0.00624732 0.00625842 0.00626548 0.00626916 0.00627034 0.00627117
 0.00628522 0.0062948  0.0063063  0.006328   0.00633709 0.00635675
 0.00639473 0.00642589 0.00642873 0.00644837 0.00645339 0.0064557
 0.00646028 0.00646278 0.00648845 0.00649992 0.00650184 0.00651923
 0.0065266  0.00655713 0.00657835 0.00658566 0.00659697 0.00660761
 0.0066213  0.00662432 0.00663359 0.00663463 0.00666899 0.00670054
 0.0067056  0.00672556 0.00672556 0.00673173 0.00676292 0.00680529
 0.00683286 0.00683355 0.00686805 0.00687515 0.00687972 0.00688423
 0.00693769 0.00694949 0.00696439 0.00697942 0.00697974 0.00702455
 0.0070555  0.00708452 0.00708452 0.00713561 0.0071415  0.00714965
 0.00717222 0.00717386 0.00719103 0.00720137 0.00720361 0.00721325
 0.00721325 0.00722824 0.00723016 0.0072435  0.00724529 0.00728168
 0.00732311 0.00737945 0.00739763 0.00741594 0.00743242 0.00744803
 0.0074621  0.00746938 0.0074694  0.00749322 0.00749693 0.00751239
 0.00752769 0.0075762  0.00760556 0.00760637 0.00760908 0.00761112
 0.00763872 0.00766378 0.00766521 0.0076844  0.00773945 0.00775508
 0.00777721 0.00777994 0.00780164 0.00781483 0.00781803 0.00784307
 0.00784497 0.00786138 0.00786301 0.00791459 0.00791581 0.00797666
 0.00800417 0.0080326  0.00803561 0.00804611 0.00804624 0.00806135
 0.00809022 0.00810555 0.00811686 0.00812546 0.00814257 0.00815205
 0.00816638 0.00818342 0.00819505 0.00819772 0.00824853 0.00825644
 0.00827942 0.00827956 0.00828697 0.00831171 0.00836154 0.00836963
 0.00838734 0.00846662 0.0084904  0.00849747 0.00855161 0.00855768
 0.00856564 0.00857058 0.00857553 0.00864861 0.00867464 0.00875654
 0.00876636 0.008796   0.00881736 0.00889715 0.00891406 0.00895206
 0.00896905 0.00897318 0.00902143 0.00903418 0.0090737  0.00908313
 0.00909408 0.00916748 0.00921557 0.00922874 0.00928441 0.00929178
 0.00930978 0.00931143 0.00937425 0.00938807 0.00948382 0.00949619
 0.00951105 0.00954473 0.00955759 0.00965825 0.00966071 0.00966199
 0.00967814 0.00969266 0.00971037 0.00972477 0.00972643 0.00972643
 0.00972643 0.0097666  0.00983242 0.00987626 0.00996983 0.00997552
 0.00999518 0.01001724 0.01005872 0.01008301 0.01011064 0.01015193
 0.01018738 0.01020711 0.01023131 0.01025386 0.01028486 0.01032484
 0.01032606 0.01032861 0.01037556 0.01037556 0.01040322 0.01050508
 0.01050508 0.01050936 0.01056217 0.01056333 0.01057881 0.01059591
 0.01062625 0.01062901 0.01064089 0.01066414 0.01071249 0.01073193
 0.01074988 0.01074989 0.01075538 0.01076653 0.01076771 0.01078426
 0.01083467 0.01084235 0.01086716 0.01091184 0.01091412 0.01093515
 0.01098205 0.01098682 0.01103525 0.01105952 0.0111033  0.01115282
 0.01116643 0.0111734  0.01118947 0.01125535 0.01126823 0.01132718
 0.01133451 0.01134979 0.01134979 0.01135139 0.01135725 0.0113605
 0.01139678 0.01140724 0.01141602 0.01145686 0.01147277 0.01148974
 0.01157684 0.01157842 0.01158975 0.0116123  0.01162217 0.01162217
 0.01162644 0.01166691 0.01170851 0.01172422 0.01182035 0.01182097
 0.01183938 0.01184508 0.01185936 0.01185936 0.01186251 0.01190367
 0.01193766 0.01194016 0.01202512 0.01202512 0.01202635 0.01204007
 0.01204175 0.01205138 0.01209321 0.0121046  0.01218068 0.01218489
 0.01220752 0.01222765 0.01225034 0.01226819 0.0123118  0.01232577
 0.012337   0.01241429 0.01241429 0.01241516 0.01245202 0.01246022
 0.0124977  0.01250806 0.01250806 0.0125353  0.01269336 0.01275275
 0.01275491 0.0128033  0.01281006 0.0128531  0.01291567 0.01294123
 0.01296164 0.01298545 0.01303062 0.01304979 0.01305662 0.01306882
 0.01311235 0.01318659 0.01318659 0.01324161 0.01324801 0.01324801
 0.01328787 0.01330131 0.01340583 0.01340583 0.01342691 0.01346663
 0.01347618 0.01352036 0.01355655 0.01355655 0.01357695 0.01358337
 0.01358337 0.01361862 0.01361862 0.01362431 0.01367304 0.01368833
 0.01370462 0.01373459 0.01373875 0.01387213 0.01390874 0.01390874
 0.01396304 0.01401114 0.01405843 0.01425522 0.01426027 0.01428186
 0.01434598 0.01438196 0.01438196 0.01445222 0.01457332 0.01457332
 0.01459394 0.01467484 0.01469468 0.01469541 0.01479124 0.01500283
 0.01500283 0.01501275 0.01530303 0.01532943 0.01551658 0.01572946
 0.01572946 0.01587371 0.01595122 0.01598884 0.01602163 0.01602459
 0.01635607 0.01638331 0.01641867 0.01646868 0.01646868 0.01649958
 0.01656927 0.01658332 0.01659184 0.01664825 0.01665154 0.01671228
 0.01674022 0.01688685 0.01690275 0.0170511  0.01709787 0.01710829
 0.0171241  0.0173012  0.01740693 0.01752825 0.01754295 0.01754505
 0.01754505 0.01794214 0.01806245 0.01820429 0.01825331 0.01830831
 0.01830831 0.01830831 0.0184358  0.01874986 0.01913526 0.01952578
 0.01952578 0.01952578 0.01952578 0.01976431 0.01976431 0.01976718
 0.01976718 0.02016767 0.02016767 0.02016767 0.02016767 0.02016767
 0.02016767 0.02016767 0.02016767 0.02092038 0.02275564 0.0228121
 0.0228121  0.02282854 0.02283196 0.02340497 0.02348517 0.02348517
 0.02348517 0.02348517 0.02376297 0.02376297 0.02422103 0.02422103
 0.02471534 0.02471534 0.02492636 0.02492636 0.02539269 0.02539269
 0.02584968 0.0258512  0.02588955 0.02591091 0.02591091 0.02591091
 0.02591091 0.02591091 0.02591091 0.02591091 0.02591091 0.02591091
 0.02591091 0.02591091 0.02591091 0.02616584 0.02616584 0.02691646
 0.02691646 0.02726338 0.02726338 0.02837413 0.02879857 0.02879857
 0.02907086 0.02930897 0.02930897 0.02957233 0.02957233 0.02957233
 0.02957233 0.03004819 0.03004819 0.03005772 0.03078449 0.03094859
 0.03147862 0.03147862 0.03170149 0.03170149 0.03204527 0.03204527
 0.03328177 0.03356793 0.03356793 0.03369741 0.03369741 0.03369741
 0.03369741 0.03409401 0.03409401 0.03415868 0.03415868 0.03486302
 0.03486302 0.0357424  0.0357424  0.0359801  0.0359801  0.03627551
 0.03627551 0.0364185  0.0364185  0.03667793 0.03667793 0.03667793
 0.03667793 0.03667793 0.03667793 0.03667793 0.03667793 0.03667793
 0.03667793 0.03667793 0.03667793 0.03667793 0.03667793 0.03667793
 0.03667793 0.03667793 0.03667793 0.03667793 0.03667793 0.03667793
 0.03667793 0.03667793 0.03667793 0.03667793 0.03667793 0.03667793
 0.03667793 0.03667793 0.03667793 0.03667793 0.03667793 0.03667793
 0.03667793 0.03667793 0.03667793 0.04135277 0.04160342 0.04160342
 0.04160342 0.04160342 0.04533113 0.04533113 0.04533113 0.04533113
 0.04533113 0.0462489  0.04624936 0.04624936 0.04624936 0.04624936
 0.04625626 0.04625626 0.04625626 0.04625626 0.04625626 0.04625626
 0.04625626 0.04625626 0.04625626 0.04625626 0.04625626 0.04625626
 0.04625626 0.04625626 0.04625626 0.04625626 0.04625626 0.04625626
 0.04625626 0.04625626 0.04625626 0.04625626 0.04625626 0.04625626
 0.04625626 0.04625626 0.04625626 0.04625626 0.04625626 0.04625626
 0.04625626 0.04625626 0.04625626 0.04625626 0.04625626 0.04625626
 0.04625626 0.04625626 0.04625626 0.04625626 0.04625626 0.04625626
 0.04625626 0.04625626 0.04625626 0.04625626 0.04625626 0.04625626
 0.04625626 0.04625626 0.04625626 0.04625626 0.04625626 0.04625626
 0.04625626 0.04625626 0.04625626 0.04625626 0.04625626 0.04625626
 0.04625626 0.04625626 0.04625626 0.04625626 0.04625626 0.04625626
 0.04625626 0.04625626 0.04625626 0.04625626]","{'complete inhibition': 0, 'adapting inhibition': 1, 'partial inhibition': 2, 'no effect': 3, 'excitation': 4, 'biphasic IE': 5, 'biphasic EI': 6}",6.6,0.9058808331506629,0.14575609088827765,0.1715175000000059,0.8734025000000016,6.8,0.6845819669881928,0.16615593948413135,0.17835750000000417,0.8889300000000105,True,1.5,"[0.9 1.  0.9 1.1 0.9 0.8 0.8 0.8 0.9 0.9 0.7 0.8 0.8 0.8 0.8 0.8 0.8 0.8
 0.8 0.9]",3.403323229984045,1.0074268400878141,0.2943361742424242,7.062535424628545,1.0151116409206407,0.1419532727272727,0.7666360029523046,0.036677927927927484,no effect,3
29,AG7960,5,07-21-22,1.4,1,6-OHDA,78,4,right,/Users/johnparker/paper_repos/Aristieta_Parker_Gao_Gittis_Rubin_2024_D1_GPe/data/d1_msns/pre_processed_data/6-OHDA_D1-MSNs_cell_body_stim/Neuron_0078,/Users/johnparker/paper_repos/Aristieta_Parker_Gao_Gittis_Rubin_2024_D1_GPe/data/d1_msns/pre_processed_data/6-OHDA_D1-MSNs_cell_body_stim,6-OHDA_D1-MSNs_cell_body_stim,True,25,250,0.025,/Users/johnparker/paper_repos/Aristieta_Parker_Gao_Gittis_Rubin_2024_D1_GPe/data/d1_msns/processed_data/6-OHDA_D1-MSNs_cell_body_stim/Neuron_0078,10,0.05,"['complete inhibition', 'complete inhibition', 'complete inhibition', 'complete inhibition', 'complete inhibition', 'complete inhibition', 'complete inhibition', 'complete inhibition', 'complete inhibition', 'complete inhibition']",[0 0 0 0 0 0 0 0 0 0],1.0,1.0,1.0,0.0,99,90,3,3,2,2,[],[],"{'complete inhibition': 0, 'adapting inhibition': 1, 'partial inhibition': 2, 'no effect': 3, 'excitation': 4, 'biphasic IE': 5, 'biphasic EI': 6}",29.1,0.8376957971738527,0.037113451674015016,0.027354999999993624,0.9589649999999885,0.4,0.0,0.0,0.6024050000000045,0.6024050000000045,True,0.0,[1. 1. 1. 1. 1. 1. 1. 1. 1. 1. 1. 1. 1. 1. 1. 1. 1. 1. 1. 1.],34.774062700137804,0.700076117606072,0.02870550351288056,24.274696782483556,2.2721088017854383,0.0389913380872483,,,complete inhibition,0
30,AG7499,4,02-15-22,1.7,5,6-OHDA,40,7,left,/Users/johnparker/paper_repos/Aristieta_Parker_Gao_Gittis_Rubin_2024_D1_GPe/data/d1_msns/pre_processed_data/6-OHDA_D1-MSNs_cell_body_stim/Neuron_0040,/Users/johnparker/paper_repos/Aristieta_Parker_Gao_Gittis_Rubin_2024_D1_GPe/data/d1_msns/pre_processed_data/6-OHDA_D1-MSNs_cell_body_stim,6-OHDA_D1-MSNs_cell_body_stim,True,25,250,0.025,/Users/johnparker/paper_repos/Aristieta_Parker_Gao_Gittis_Rubin_2024_D1_GPe/data/d1_msns/processed_data/6-OHDA_D1-MSNs_cell_body_stim/Neuron_0040,10,0.05,"['complete inhibition', 'complete inhibition', 'complete inhibition', 'complete inhibition', 'complete inhibition', 'complete inhibition', 'complete inhibition', 'complete inhibition', 'complete inhibition', 'complete inhibition']",[0 0 0 0 0 0 0 0 0 0],1.0,1.0,1.0,0.0,99,90,3,3,2,2,[],[],"{'complete inhibition': 0, 'adapting inhibition': 1, 'partial inhibition': 2, 'no effect': 3, 'excitation': 4, 'biphasic IE': 5, 'biphasic EI': 6}",38.5,0.7431078562046232,0.026440827693135445,0.02201999999999984,0.9853450000000009,1.5,0.09595150291666533,0.17725437500000157,0.599277499999998,0.8720475000000008,False,0.0,[1. 1. 1. 1. 1. 1. 1. 1. 1. 1. 1. 1. 1. 1. 1. 1. 1. 1. 1. 1.],29.10216360728247,0.7490827363975537,0.034304390997352156,41.11258033409746,0.9318344086119337,0.024321049344159927,,,complete inhibition,0
31,AG7499,4,02-15-22,1.1,3,6-OHDA,23,10,right,/Users/johnparker/paper_repos/Aristieta_Parker_Gao_Gittis_Rubin_2024_D1_GPe/data/d1_msns/pre_processed_data/6-OHDA_D1-MSNs_cell_body_stim/Neuron_0023,/Users/johnparker/paper_repos/Aristieta_Parker_Gao_Gittis_Rubin_2024_D1_GPe/data/d1_msns/pre_processed_data/6-OHDA_D1-MSNs_cell_body_stim,6-OHDA_D1-MSNs_cell_body_stim,True,25,250,0.025,/Users/johnparker/paper_repos/Aristieta_Parker_Gao_Gittis_Rubin_2024_D1_GPe/data/d1_msns/processed_data/6-OHDA_D1-MSNs_cell_body_stim/Neuron_0023,10,0.05,"['no effect', 'partial inhibition', 'no effect', 'excitation', 'no effect', 'excitation', 'excitation', 'excitation', 'excitation', 'excitation']",[3 2 3 4 3 4 4 4 4 4],1.0,1.0,1.0,0.0,99,90,3,3,2,2,[1.06864758 1.43420733 1.49368077 ... 7.77474254 7.79456568 7.86300456],[1.32411895 1.33934643 1.36402747 ... 7.70533666 8.17114915 8.67121513],"{'complete inhibition': 0, 'adapting inhibition': 1, 'partial inhibition': 2, 'no effect': 3, 'excitation': 4, 'biphasic IE': 5, 'biphasic EI': 6}",96.7,0.5527601359421495,0.010535412601399303,0.006417500000002718,0.9930274999999973,112.0,0.5512056650322505,0.009019490835763179,0.006182499999999891,0.9939025000000022,False,3.5,"[0.1 0.  0.2 0.2 0.6 0.4 0.6 0.8 0.8 0.6 0.6 0.7 0.5 0.5 0.8 0.6 0.8 0.6
 0.  0. ]",81.22674677030376,0.6742128198041905,0.012311721991701245,12.259173970119235,1.2970865773036386,0.08172033898305085,6.221056092473347,3.237826158254519,no effect,3
32,AG7499,4,02-15-22,1.1,3,6-OHDA,24,16,right,/Users/johnparker/paper_repos/Aristieta_Parker_Gao_Gittis_Rubin_2024_D1_GPe/data/d1_msns/pre_processed_data/6-OHDA_D1-MSNs_cell_body_stim/Neuron_0024,/Users/johnparker/paper_repos/Aristieta_Parker_Gao_Gittis_Rubin_2024_D1_GPe/data/d1_msns/pre_processed_data/6-OHDA_D1-MSNs_cell_body_stim,6-OHDA_D1-MSNs_cell_body_stim,True,25,250,0.025,/Users/johnparker/paper_repos/Aristieta_Parker_Gao_Gittis_Rubin_2024_D1_GPe/data/d1_msns/processed_data/6-OHDA_D1-MSNs_cell_body_stim/Neuron_0024,10,0.05,"['adapting inhibition', 'partial inhibition', 'partial inhibition', 'complete inhibition', 'complete inhibition', 'complete inhibition', 'complete inhibition', 'complete inhibition', 'complete inhibition', 'complete inhibition']",[1 2 2 0 0 0 0 0 0 0],1.0,1.0,1.0,0.0,99,90,3,3,2,2,"[0.25121483 0.40916814 0.59687578 0.70698037 0.74916159 0.7757873
 0.81265694 0.8161949  0.84266316 0.88850207 0.94676733 0.97880814
 1.0365886  1.05444158 1.07010674 1.11660749 1.1178495  1.17129958
 1.18003193 1.19339507 1.20892844 1.21093801 1.22248051 1.24766683
 1.25834432 1.26540107 1.27882677 1.27883776 1.28931694 1.30772221
 1.31355214 1.32018799 1.32286774 1.34567136 1.34853936 1.37542577
 1.38742714 1.42055637 1.42232522 1.42314393 1.42442826 1.43911338
 1.45061145 1.47470919 1.47502584 1.48607139 1.48679371 1.49633092
 1.49654679 1.49927147 1.51585769 1.52475651 1.52653119 1.52716766
 1.53015748 1.53387772 1.55533727 1.57128318 1.57341187 1.59239098
 1.60552034 1.62492407 1.62876803 1.64616576 1.64860328 1.64955297
 1.65183101 1.65564014 1.67021398 1.6719406  1.67295641 1.67429367
 1.68771406 1.69280871 1.70036165 1.7006367  1.70519916 1.706904
 1.71473273 1.71993169 1.73122999 1.73850719 1.74471006 1.74979649
 1.7690897  1.77035068 1.77406504 1.78521758 1.78863888 1.79097512
 1.79984607 1.79987695 1.80217474 1.81165453 1.83629898 1.8363816
 1.83995152 1.8433891  1.85907741 1.85946719 1.86716239 1.87149731
 1.87813791 1.8792645  1.8869478  1.8994505  1.92438001 1.92752323
 1.92929374 1.92947374 1.92953711 1.93194843 1.93333434 1.93822635
 1.93830608 1.94120077 1.94543905 1.94861987 1.95140254 1.95565372
 1.95792602 1.96458154 1.97730386 1.98488093 1.99261633 1.99347134
 1.99634525 2.00024534 2.00133009 2.0103234  2.01132112 2.01471204
 2.02155882 2.02324878 2.02638205 2.02740466 2.03447568 2.03831122
 2.03835216 2.04401642 2.04536733 2.05586729 2.06487989 2.06963847
 2.07273312 2.07578041 2.08075756 2.09044948 2.09677429 2.09786813
 2.10008269 2.10240752 2.12603303 2.12714996 2.12728164 2.13084454
 2.1346452  2.13601307 2.13734223 2.1379258  2.14082082 2.14176423
 2.14803884 2.15355573 2.15472668 2.15497815 2.15665018 2.15918674
 2.16272295 2.16593088 2.16796196 2.17403423 2.18241072 2.18335609
 2.18659087 2.1880601  2.19476757 2.19487825 2.19543252 2.19905776
 2.20182249 2.20832936 2.20849469 2.22397744 2.22426822 2.2244094
 2.22590001 2.23182418 2.24097226 2.24521179 2.25156672 2.2516974
 2.25645531 2.25779582 2.26074041 2.26292462 2.27458382 2.27464839
 2.27473231 2.27704011 2.27725537 2.28048636 2.28393659 2.28794321
 2.2886149  2.29093546 2.29252872 2.29979415 2.30105342 2.30269156
 2.30539591 2.30691128 2.30759081 2.30779518 2.31367206 2.31625247
 2.3268273  2.32731017 2.33032446 2.33071541 2.34252372 2.34379591
 2.34491198 2.35657983 2.359899   2.36046847 2.36138727 2.36344893
 2.36410178 2.36616724 2.36865424 2.38125642 2.38703187 2.39392411
 2.39702834 2.39765492 2.40293222 2.40361574 2.40765588 2.42436636
 2.42632481 2.43039518 2.43092322 2.4315505  2.4344139  2.43657907
 2.43870354 2.44240233 2.44693204 2.44696092 2.44969018 2.46149653
 2.46460923 2.46571312 2.46637697 2.46910446 2.47042126 2.48518553
 2.48662079 2.48907777 2.48937845 2.49373779 2.49562383 2.50050681
 2.50200044 2.50436886 2.50509862 2.50531208 2.5147453  2.51841903
 2.52085638 2.52110715 2.52406639 2.52773414 2.52872942 2.53017892
 2.53250254 2.53466644 2.53613638 2.53723803 2.53816104 2.53889748
 2.53902657 2.53953359 2.54146719 2.54794404 2.55633657 2.55778245
 2.55785529 2.55906912 2.56059213 2.56246853 2.56853796 2.57259755
 2.5731017  2.57817971 2.58295412 2.58410542 2.58724625 2.59725889
 2.59946304 2.60140162 2.60145103 2.60719064 2.6147128  2.61568512
 2.61709894 2.62139764 2.6249317  2.6265707  2.62819618 2.63140706
 2.63284541 2.63618805 2.63767479 2.63992372 2.64033242 2.64400529
 2.64518554 2.65187836 2.6541896  2.65525037 2.65798601 2.65835939
 2.65867692 2.66392345 2.66607483 2.67387763 2.67414316 2.68300669
 2.6926548  2.69411138 2.69537376 2.69554251 2.69632238 2.69945542
 2.70449622 2.71196095 2.71818613 2.72560391 2.72566784 2.72744615
 2.73180994 2.73269552 2.73471875 2.73654032 2.74396918 2.74781825
 2.75489803 2.75702365 2.75811976 2.75829191 2.76249308 2.76490287
 2.77019503 2.77360238 2.77781848 2.77944138 2.78779311 2.78865498
 2.78881322 2.79119836 2.80274864 2.80980208 2.81057982 2.81150146
 2.82296159 2.82327438 2.82702641 2.8284651  2.83175421 2.83687389
 2.84512926 2.8466724  2.84765936 2.84880582 2.84960682 2.85059852
 2.85142422 2.85158348 2.85304058 2.85385777 2.85578685 2.85749723
 2.8619298  2.86568214 2.86675632 2.86774617 2.86866686 2.8686987
 2.8727656  2.87634969 2.87783952 2.88073143 2.8811389  2.88117961
 2.88163733 2.88368024 2.88385793 2.89073121 2.89236049 2.89489438
 2.89813754 2.89890571 2.8989594  2.89911788 2.90396056 2.90605501
 2.90823261 2.91414553 2.9154736  2.91666102 2.91878085 2.93445107
 2.93637413 2.9521368  2.95290575 2.96292351 2.96774872 2.96985099
 2.97007151 2.97223641 2.97290041 2.9757321  2.97580197 2.97692109
 2.98677815 2.99688944 2.99894164 2.99933808 3.00863375 3.01134454
 3.01404624 3.01739526 3.03149582 3.03318625 3.03329639 3.03498382
 3.03759048 3.04137344 3.04243427 3.04318201 3.04388875 3.04587108
 3.04717176 3.04757026 3.07399736 3.08577748 3.08802907 3.09331684
 3.09339707 3.09621099 3.09956013 3.0999254  3.10190682 3.10352654
 3.10940746 3.11317132 3.11379099 3.12797976 3.12938317 3.13442583
 3.1362579  3.13878468 3.1420288  3.14323839 3.14379109 3.14913485
 3.15332511 3.15339587 3.15591883 3.15679625 3.15680664 3.15847866
 3.16103965 3.16170232 3.16419374 3.17009917 3.17706975 3.17754133
 3.17880386 3.18361293 3.18592429 3.18789847 3.19734331 3.20405804
 3.20723257 3.22432055 3.22854304 3.23413694 3.23431112 3.23766096
 3.24485866 3.25042843 3.25330769 3.26826046 3.26845765 3.27220458
 3.27419417 3.27672657 3.29739466 3.29937452 3.2998093  3.30125124
 3.3056411  3.3112296  3.31953679 3.32004577 3.32989316 3.33163418
 3.35107287 3.35289467 3.35977043 3.36499124 3.37681256 3.37746069
 3.37908213 3.38248462 3.38541034 3.38931632 3.39584775 3.39968629
 3.40311957 3.40422645 3.42388007 3.42896221 3.43028733 3.43365945
 3.44439712 3.44501937 3.44850689 3.4597547  3.468433   3.47076939
 3.47247481 3.50979901 3.51952761 3.52186575 3.53874568 3.54796958
 3.55194812 3.55522196 3.56110552 3.57598293 3.58040705 3.59043173
 3.60368594 3.61843952 3.63073125 3.63503196 3.63552732 3.64710074
 3.69633364 3.69930732 3.70658468 3.71403253 3.7236781  3.73025853
 3.74886845 3.77042003 3.80289041 3.82804291 3.83781933 3.87599692
 3.90262255 3.90614713 3.90928961 3.91561359 3.91905006 3.91991784
 3.92004233 3.96486278 3.98019513 3.98685304 3.99824401 4.00140126
 4.00854512 4.02167754 4.03192776 4.11378748 4.20345691 4.20858426
 4.2312112  4.25160483 4.26415028 4.28177427 4.28630796 4.3158085
 4.35056643 4.36654149 4.3937347  4.46069137 4.50050354 4.57483204
 4.67539508 4.89193143 5.08992747 5.18786211 5.35738661 5.62424519]","[0.00071392 0.00072831 0.00073653 0.00073686 0.00075704 0.00075797
 0.00077385 0.00077577 0.00077679 0.0007829  0.00078915 0.000791
 0.00079113 0.00079362 0.00079386 0.00079444 0.00079598 0.00079682
 0.00079699 0.00079827 0.00080058 0.00080164 0.00080416 0.00080723
 0.00080761 0.00080793 0.00081122 0.00081663 0.00081788 0.00081817
 0.00082106 0.00082411 0.00082602 0.0008274  0.00082743 0.00082745
 0.00082927 0.00083198 0.00083415 0.00083549 0.00083682 0.00083688
 0.00083878 0.00083895 0.00084132 0.00084309 0.00084371 0.00084475
 0.00084522 0.00084665 0.00084691 0.00084752 0.00084893 0.00084994
 0.00085181 0.0008526  0.00085401 0.0008548  0.00085663 0.00085731
 0.0008581  0.00085951 0.00086096 0.00086104 0.0008629  0.00086366
 0.00086532 0.00086648 0.00086727 0.00086758 0.00086848 0.00086857
 0.00087041 0.00087166 0.0008728  0.00087326 0.00087676 0.0008778
 0.000879   0.00087971 0.00088093 0.000881   0.00088227 0.00088407
 0.00088503 0.00088562 0.00088582 0.00089114 0.00089125 0.00089151
 0.00089194 0.0008933  0.00089504 0.00089519 0.00089583 0.00089593
 0.00089624 0.00089861 0.00090126 0.00090596 0.0009068  0.00090699
 0.00090897 0.00090945 0.00090947 0.00091066 0.00091259 0.00091434
 0.00091442 0.00091542 0.0009156  0.00091859 0.00091935 0.0009195
 0.00091954 0.00092022 0.00092183 0.00092188 0.00092304 0.00092631
 0.00092635 0.0009264  0.00092658 0.00092659 0.00092678 0.00092781
 0.0009281  0.00093034 0.00093086 0.00093139 0.00093141 0.00093261
 0.00093357 0.00093454 0.00093481 0.00093544 0.00093551 0.00093666
 0.00093733 0.00093819 0.0009384  0.00093872 0.00093901 0.00093916
 0.00093998 0.0009411  0.00094434 0.00094711 0.00094734 0.00094788
 0.00094793 0.00094832 0.0009489  0.00094927 0.00095145 0.00095404
 0.00095422 0.00095437 0.00095497 0.00095586 0.00095761 0.00095769
 0.00095855 0.00095942 0.00095951 0.00096029 0.00096089 0.00096119
 0.00096137 0.00096232 0.00096295 0.00096371 0.00096404 0.00096504
 0.00096536 0.00096558 0.00096633 0.00096653 0.00096682 0.00096786
 0.00096868 0.00096902 0.00096927 0.00096981 0.00097223 0.00097473
 0.00097539 0.00097558 0.00097634 0.0009765  0.0009791  0.00097976
 0.00098014 0.00098133 0.00098265 0.00098374 0.00098407 0.00098523
 0.00098605 0.00098666 0.00098699 0.00098807 0.00098843 0.00098872
 0.00098964 0.0009917  0.00099367 0.00099569 0.00099573 0.00099754
 0.00100035 0.00100072 0.00100172 0.00100222 0.00100315 0.00100662
 0.00100813 0.00100887 0.00100961 0.0010119  0.00101253 0.00101297
 0.0010133  0.00101531 0.00101536 0.00101671 0.00101687 0.00101737
 0.00101892 0.00102017 0.00102236 0.00102298 0.00102508 0.00102515
 0.00102743 0.00102784 0.00102789 0.00102998 0.00103116 0.00103157
 0.00103312 0.00103406 0.00103412 0.00103474 0.00103491 0.00103532
 0.00103598 0.00103659 0.0010367  0.00103822 0.00103902 0.00103929
 0.00103962 0.00103984 0.00104045 0.00104069 0.00104138 0.0010418
 0.00104324 0.0010434  0.00104522 0.00104565 0.00104584 0.00104588
 0.00104818 0.00104859 0.00104951 0.00105048 0.00105106 0.0010523
 0.00105265 0.00105272 0.00105299 0.00105436 0.00105553 0.00105559
 0.00105816 0.00105826 0.00106172 0.0010619  0.00106303 0.00106326
 0.00106502 0.00106645 0.00106792 0.00106952 0.00107058 0.00107447
 0.00107457 0.00107526 0.00107598 0.00107602 0.00107762 0.00107811
 0.001079   0.00108056 0.00108175 0.00108277 0.00108397 0.00108731
 0.00108846 0.00108956 0.0010903  0.00109247 0.00109294 0.00109587
 0.00109796 0.0010989  0.00109926 0.00110322 0.00110416 0.00110495
 0.00110501 0.00110681 0.00110874 0.00110911 0.00111008 0.00111062
 0.00111082 0.00111251 0.00111479 0.00111495 0.00111662 0.00111723
 0.00111852 0.00112071 0.00112074 0.0011209  0.00112375 0.00112396
 0.00112561 0.0011263  0.0011269  0.00112711 0.00112758 0.00112891
 0.00112952 0.00112955 0.00113044 0.0011307  0.00113363 0.00113365
 0.00113582 0.00113595 0.00113596 0.00113739 0.00114044 0.00114157
 0.0011421  0.00114322 0.00114356 0.00114398 0.00114418 0.00114453
 0.00114482 0.00114658 0.00114773 0.00114839 0.00114849 0.00115039
 0.00115181 0.00115477 0.00115752 0.00115833 0.00116136 0.00116173
 0.00116224 0.00116583 0.00116691 0.00116715 0.0011676  0.00116847
 0.001173   0.00117467 0.00117545 0.00117725 0.00117936 0.00118065
 0.00118175 0.00118277 0.00118283 0.00118291 0.00118414 0.00118546
 0.00118595 0.00118814 0.00119443 0.0011946  0.00119573 0.00119587
 0.00119666 0.00119838 0.00120061 0.00120096 0.00120348 0.00120387
 0.00120451 0.00120552 0.00120662 0.00120699 0.00120704 0.00120787
 0.00120816 0.00121054 0.00121109 0.00121252 0.00121372 0.00121465
 0.0012155  0.00121639 0.00121731 0.00121737 0.00121755 0.00121911
 0.00122016 0.00122244 0.00122363 0.00122368 0.00122539 0.00122606
 0.00122609 0.00122832 0.00122841 0.00122878 0.00122996 0.00123039
 0.00123085 0.00123199 0.00123385 0.00123708 0.00123776 0.00123882
 0.00123921 0.00124129 0.00124182 0.00124415 0.00124419 0.00124461
 0.00124654 0.00124681 0.00125249 0.00125435 0.00125461 0.00125473
 0.00125943 0.00126113 0.00126307 0.00126363 0.00126491 0.00126646
 0.00126699 0.00127209 0.00127336 0.00127404 0.00127408 0.00127428
 0.00127788 0.00127933 0.00128476 0.00128706 0.0012934  0.00129511
 0.00129562 0.0012963  0.00129674 0.00129877 0.00129907 0.00129972
 0.00130399 0.00130948 0.00131316 0.00131328 0.00131642 0.00131935
 0.00131976 0.00132021 0.00132127 0.00132155 0.00132195 0.00132294
 0.00132351 0.00133341 0.00133358 0.00133526 0.00133743 0.00133828
 0.00134018 0.00134332 0.00134392 0.00134962 0.00135132 0.00135403
 0.00135554 0.00136422 0.00136484 0.00136822 0.00136936 0.00137394
 0.00137462 0.00137463 0.00137935 0.00138098 0.00138299 0.00138653
 0.00138667 0.00139157 0.00139303 0.00139519 0.00139582 0.00139727
 0.0013996  0.00140098 0.00140697 0.0014101  0.00141027 0.00141074
 0.00142238 0.00142989 0.00143403 0.00143711 0.00144606 0.00144875
 0.00145125 0.00145254 0.00145688 0.00145882 0.00146047 0.00146155
 0.0014637  0.00146439 0.0014668  0.00147296 0.0014744  0.00147835
 0.00148148 0.00148662 0.00148874 0.00149139 0.00149647 0.00149823
 0.00149859 0.00150347 0.00151292 0.00151513 0.00151544 0.00151694
 0.00151919 0.0015358  0.00154035 0.00154057 0.00154151 0.00154973
 0.00155172 0.00155494 0.00155579 0.0015568  0.00155865 0.00156602
 0.0015678  0.0015712  0.0015739  0.00157452 0.00157702 0.00157987
 0.00158379 0.00158468 0.00158812 0.0015891  0.00160172 0.00161266
 0.00161288 0.00161984 0.0016347  0.00164346 0.00164608 0.00164729
 0.0016534  0.00165353 0.00165664 0.00165914 0.00166044 0.00167181
 0.00167589 0.00167914 0.00168967 0.00170424 0.00172049 0.00172727
 0.00173501 0.00176506 0.00177446 0.00180226 0.00180634 0.0018505
 0.00187484 0.00188584 0.00189677 0.00192245 0.00206992 0.0021786 ]","{'complete inhibition': 0, 'adapting inhibition': 1, 'partial inhibition': 2, 'no effect': 3, 'excitation': 4, 'biphasic IE': 5, 'biphasic EI': 6}",30.4,0.7597354454612322,0.044397429723217745,0.04414499999999606,0.9669550000000043,7.3,0.21829438394048334,0.046157894736842564,0.4044775000000051,0.7255125000000084,True,0.5,"[0.9 0.9 1.  1.  1.  1.  1.  1.  0.9 0.9 0.9 0.9 0.9 0.9 0.9 0.9 0.9 0.9
 0.9 0.9]",59.856447641771354,0.5891679057048407,0.01670980579868709,5.090335033248808,1.9424790341170226,0.13880927419354852,3.548367437040122,0.001498263891844244,partial inhibition,2
33,AG7960,2,06-16-22,1.7,5,6-OHDA,12,2cell2,right,/Users/johnparker/paper_repos/Aristieta_Parker_Gao_Gittis_Rubin_2024_D1_GPe/data/d1_msns/pre_processed_data/6-OHDA_D1-MSNs_cell_body_stim/Neuron_0012,/Users/johnparker/paper_repos/Aristieta_Parker_Gao_Gittis_Rubin_2024_D1_GPe/data/d1_msns/pre_processed_data/6-OHDA_D1-MSNs_cell_body_stim,6-OHDA_D1-MSNs_cell_body_stim,True,25,250,0.025,/Users/johnparker/paper_repos/Aristieta_Parker_Gao_Gittis_Rubin_2024_D1_GPe/data/d1_msns/processed_data/6-OHDA_D1-MSNs_cell_body_stim/Neuron_0012,10,0.05,"['complete inhibition', 'complete inhibition', 'complete inhibition', 'complete inhibition', 'complete inhibition', 'complete inhibition', 'complete inhibition', 'complete inhibition', 'complete inhibition', 'complete inhibition']",[0 0 0 0 0 0 0 0 0 0],1.0,1.0,1.0,0.0,99,90,3,3,2,2,[],[],"{'complete inhibition': 0, 'adapting inhibition': 1, 'partial inhibition': 2, 'no effect': 3, 'excitation': 4, 'biphasic IE': 5, 'biphasic EI': 6}",3.5,0.5101503097772584,0.19166229166666165,0.2833150000000046,0.7365774999999936,0.6,0.0,0.020317500000000165,0.7895175000000023,0.8098350000000025,True,0.0,[1. 1. 1. 1. 1. 1. 1. 1. 1. 1. 1. 1. 1. 1. 1. 1. 1. 1. 1. 1.],3.837938589743797,1.0466841536555191,0.25860190677966105,2.2995243871038786,1.0903805711488794,0.3933976950354608,,,no effect,3
34,AG8106,7,06-30-22,1.4,1,6-OHDA,15,4,right,/Users/johnparker/paper_repos/Aristieta_Parker_Gao_Gittis_Rubin_2024_D1_GPe/data/d1_msns/pre_processed_data/6-OHDA_D1-MSNs_cell_body_stim/Neuron_0015,/Users/johnparker/paper_repos/Aristieta_Parker_Gao_Gittis_Rubin_2024_D1_GPe/data/d1_msns/pre_processed_data/6-OHDA_D1-MSNs_cell_body_stim,6-OHDA_D1-MSNs_cell_body_stim,True,25,250,0.025,/Users/johnparker/paper_repos/Aristieta_Parker_Gao_Gittis_Rubin_2024_D1_GPe/data/d1_msns/processed_data/6-OHDA_D1-MSNs_cell_body_stim/Neuron_0015,10,0.05,"['adapting inhibition', 'biphasic IE', 'adapting inhibition', 'excitation', 'excitation', 'adapting inhibition', 'biphasic IE', 'no effect', 'adapting inhibition', 'adapting inhibition']",[1 5 1 4 4 1 5 3 1 1],1.0,1.0,1.0,0.0,99,90,3,3,2,2,"[1.48420628e-145 1.48420628e-145 1.48420628e-145 ... 2.90902773e+000
 3.06857405e+000 3.31527451e+000]",[0.00105167 0.00115298 0.00121439 ... 0.03462087 0.03462087 0.03462087],"{'complete inhibition': 0, 'adapting inhibition': 1, 'partial inhibition': 2, 'no effect': 3, 'excitation': 4, 'biphasic IE': 5, 'biphasic EI': 6}",10.3,0.9273786784485673,0.1189278204656858,0.1227700000000084,0.9267549999999993,12.0,0.9138166799375746,0.06794353923160147,0.2718299999999985,0.9630224999999981,True,2.6,"[0.8 0.7 0.7 0.6 0.5 0.5 0.4 0.4 0.3 0.3 0.1 0.1 0.3 0.3 0.4 0.4 0.6 0.2
 0.2 0.5]",10.718716266563735,1.1801822252211582,0.09334294507575759,17.52682338483484,1.4600505325958297,0.0569837673611111,1.2346809104996426,0.022770852040867914,excitation,4
35,AG7499,5,02-17-22,1.1,3,6-OHDA,41,12cell1,right,/Users/johnparker/paper_repos/Aristieta_Parker_Gao_Gittis_Rubin_2024_D1_GPe/data/d1_msns/pre_processed_data/6-OHDA_D1-MSNs_cell_body_stim/Neuron_0041,/Users/johnparker/paper_repos/Aristieta_Parker_Gao_Gittis_Rubin_2024_D1_GPe/data/d1_msns/pre_processed_data/6-OHDA_D1-MSNs_cell_body_stim,6-OHDA_D1-MSNs_cell_body_stim,True,25,250,0.025,/Users/johnparker/paper_repos/Aristieta_Parker_Gao_Gittis_Rubin_2024_D1_GPe/data/d1_msns/processed_data/6-OHDA_D1-MSNs_cell_body_stim/Neuron_0041,10,0.05,"['excitation', 'biphasic IE', 'no effect', 'excitation', 'excitation', 'excitation', 'excitation', 'excitation', 'partial inhibition', 'adapting inhibition']",[4 5 3 4 4 4 4 4 2 1],1.0,1.0,1.0,0.0,99,90,3,3,2,2,"[4.36514316e-17 4.36516084e-17 1.31498896e-10 ... 3.25585710e+00
 3.28371714e+00 3.51955902e+00]",[0.00086188 0.00087381 0.00091178 ... 0.01180824 0.01199249 0.01223724],"{'complete inhibition': 0, 'adapting inhibition': 1, 'partial inhibition': 2, 'no effect': 3, 'excitation': 4, 'biphasic IE': 5, 'biphasic EI': 6}",30.3,0.598074298320133,0.03379393177401714,0.02499749999999139,0.968477499999986,41.1,0.7434068321104143,0.026722861199673632,0.029997499999988263,0.9816699999999884,True,3.5,"[0.2 0.1 0.2 0.6 0.4 0.4 0.2 1.1 0.9 1.1 0.7 1.  0.8 0.6 0.6 0.8 0.8 0.8
 0.8 0.6]",31.437921578576322,0.7499582505207404,0.031768790584415584,3.034154637348404,2.4931239527077276,0.23573389830508518,2.2770418554183203,0.0031276934308237256,excitation,4
36,AG7499,5,02-17-22,1.4,1,6-OHDA,46,8,right,/Users/johnparker/paper_repos/Aristieta_Parker_Gao_Gittis_Rubin_2024_D1_GPe/data/d1_msns/pre_processed_data/6-OHDA_D1-MSNs_cell_body_stim/Neuron_0046,/Users/johnparker/paper_repos/Aristieta_Parker_Gao_Gittis_Rubin_2024_D1_GPe/data/d1_msns/pre_processed_data/6-OHDA_D1-MSNs_cell_body_stim,6-OHDA_D1-MSNs_cell_body_stim,True,25,250,0.025,/Users/johnparker/paper_repos/Aristieta_Parker_Gao_Gittis_Rubin_2024_D1_GPe/data/d1_msns/processed_data/6-OHDA_D1-MSNs_cell_body_stim/Neuron_0046,10,0.05,"['complete inhibition', 'complete inhibition', 'partial inhibition', 'adapting inhibition', 'partial inhibition', 'complete inhibition', 'adapting inhibition', 'partial inhibition', 'partial inhibition', 'adapting inhibition']",[0 0 2 1 2 0 1 2 2 1],1.0,1.0,1.0,0.0,99,90,3,3,2,2,"[8.47986575e-12 5.50996454e-09 9.75732017e-09 ... 2.20240473e+00
 2.27039127e+00 2.33097332e+00]",[0.00126454 0.00134339 0.00136384 ... 0.01112776 0.01185673 0.01235537],"{'complete inhibition': 0, 'adapting inhibition': 1, 'partial inhibition': 2, 'no effect': 3, 'excitation': 4, 'biphasic IE': 5, 'biphasic EI': 6}",18.1,0.5800532489591232,0.06585907152982941,0.04371499999999599,0.9743799999999915,6.3,0.7158832853535038,0.1633391567460303,0.08425750000000036,0.7815474999999935,True,1.1,"[0.8 1.3 0.9 0.9 0.9 0.9 0.8 0.7 0.7 0.6 0.6 0.6 0.6 0.6 0.7 0.7 0.8 0.7
 0.8 1. ]",20.071826650558393,0.8355095007551806,0.0497884030418251,16.565608830587433,1.7547353125950709,0.060165399385560724,1.4307493894909091,0.006322752489796199,adapting inhibition,1
37,AG7960,5,07-21-22,1.4,1,6-OHDA,79,5,right,/Users/johnparker/paper_repos/Aristieta_Parker_Gao_Gittis_Rubin_2024_D1_GPe/data/d1_msns/pre_processed_data/6-OHDA_D1-MSNs_cell_body_stim/Neuron_0079,/Users/johnparker/paper_repos/Aristieta_Parker_Gao_Gittis_Rubin_2024_D1_GPe/data/d1_msns/pre_processed_data/6-OHDA_D1-MSNs_cell_body_stim,6-OHDA_D1-MSNs_cell_body_stim,True,25,250,0.025,/Users/johnparker/paper_repos/Aristieta_Parker_Gao_Gittis_Rubin_2024_D1_GPe/data/d1_msns/processed_data/6-OHDA_D1-MSNs_cell_body_stim/Neuron_0079,10,0.05,"['excitation', 'partial inhibition', 'excitation', 'excitation', 'partial inhibition', 'no effect', 'excitation', 'adapting inhibition', 'adapting inhibition', 'no effect']",[4 2 4 4 2 3 4 1 1 3],1.0,1.0,1.0,0.0,99,90,3,3,2,2,"[1.07215568e-81 9.35950194e-70 6.60623594e-66 ... 4.06307941e+00
 4.08202488e+00 4.14698631e+00]",[0.0006777  0.00071327 0.00075388 ... 0.02454955 0.02454955 0.02454955],"{'complete inhibition': 0, 'adapting inhibition': 1, 'partial inhibition': 2, 'no effect': 3, 'excitation': 4, 'biphasic IE': 5, 'biphasic EI': 6}",25.3,1.161077096938309,0.05105623310714941,0.04268000000000782,0.9540350000000111,26.3,0.7372893053319168,0.039112808465029014,0.055185000000015805,0.9075250000000125,True,2.8,"[0.5 0.3 0.2 0.2 0.2 0.2 0.2 0.4 0.4 0.4 0.6 0.6 0.6 0.6 0.4 0.6 0.6 0.6
 1.  0.6]",19.387256896411426,0.8938148253473915,0.051599632352941176,18.207339897469282,1.3832150824690392,0.054582802013422776,2.72660336022324,0.0101655433072895,no effect,3
38,AG7960,5,07-21-22,1.7,3,6-OHDA,84,15cell1,right,/Users/johnparker/paper_repos/Aristieta_Parker_Gao_Gittis_Rubin_2024_D1_GPe/data/d1_msns/pre_processed_data/6-OHDA_D1-MSNs_cell_body_stim/Neuron_0084,/Users/johnparker/paper_repos/Aristieta_Parker_Gao_Gittis_Rubin_2024_D1_GPe/data/d1_msns/pre_processed_data/6-OHDA_D1-MSNs_cell_body_stim,6-OHDA_D1-MSNs_cell_body_stim,True,25,250,0.025,/Users/johnparker/paper_repos/Aristieta_Parker_Gao_Gittis_Rubin_2024_D1_GPe/data/d1_msns/processed_data/6-OHDA_D1-MSNs_cell_body_stim/Neuron_0084,10,0.05,"['complete inhibition', 'complete inhibition', 'complete inhibition', 'complete inhibition', 'complete inhibition', 'complete inhibition', 'complete inhibition', 'complete inhibition', 'complete inhibition', 'complete inhibition']",[0 0 0 0 0 0 0 0 0 0],1.0,1.0,1.0,0.0,99,90,3,3,2,2,[],[],"{'complete inhibition': 0, 'adapting inhibition': 1, 'partial inhibition': 2, 'no effect': 3, 'excitation': 4, 'biphasic IE': 5, 'biphasic EI': 6}",3.2,0.5275293117806524,0.2047347678571428,0.3900050000000107,0.8187350000000067,2.5,0.3771229925523542,0.20099854166665834,0.3562075000000178,0.6887175000000042,True,0.0,[1. 1. 1. 1. 1. 1. 1. 1. 1. 1. 1. 1. 1. 1. 1. 1. 1. 1. 1. 1.],4.783374677869611,0.9175784332706483,0.20598842182890859,3.165468536825478,1.4434772937595146,0.2097841517857145,,,no effect,3
39,AG8020,4,06-23-22,1.1,3,6-OHDA,70,12,right,/Users/johnparker/paper_repos/Aristieta_Parker_Gao_Gittis_Rubin_2024_D1_GPe/data/d1_msns/pre_processed_data/6-OHDA_D1-MSNs_cell_body_stim/Neuron_0070,/Users/johnparker/paper_repos/Aristieta_Parker_Gao_Gittis_Rubin_2024_D1_GPe/data/d1_msns/pre_processed_data/6-OHDA_D1-MSNs_cell_body_stim,6-OHDA_D1-MSNs_cell_body_stim,True,25,250,0.025,/Users/johnparker/paper_repos/Aristieta_Parker_Gao_Gittis_Rubin_2024_D1_GPe/data/d1_msns/processed_data/6-OHDA_D1-MSNs_cell_body_stim/Neuron_0070,10,0.05,"['adapting inhibition', 'excitation', 'biphasic IE', 'excitation', 'no effect', 'no effect', 'no effect', 'no effect', 'adapting inhibition', 'partial inhibition']",[1 4 5 4 3 3 3 3 1 2],1.0,1.0,1.0,0.0,99,90,3,3,2,2,"[1.70743755e-15 2.06497964e-14 2.21214212e-12 ... 4.82867419e+00
 5.19860503e+00 5.40267605e+00]",[0.00058188 0.00059101 0.00060504 ... 0.01172272 0.01196196 0.01196196],"{'complete inhibition': 0, 'adapting inhibition': 1, 'partial inhibition': 2, 'no effect': 3, 'excitation': 4, 'biphasic IE': 5, 'biphasic EI': 6}",29.3,0.965651431362913,0.043848003370725995,0.05749250000000998,0.9853549999999984,33.3,1.0031409674726919,0.032612940694265166,0.059085000000006715,0.9843700000000041,True,2.9,"[0.6 0.3 0.  0.2 0.  0.2 0.3 0.5 0.1 0.2 0.2 0.2 0.4 0.4 0.5 0.2 0.4 0.2
 0.2 0.2]",14.746760801154199,1.3566119411557416,0.06648499322493225,8.91989455766702,1.378840688368179,0.1116936659192823,3.0152338374682572,0.0065143968339569985,no effect,3
40,AG7960,5,07-21-22,1.4,1,6-OHDA,77,16,right,/Users/johnparker/paper_repos/Aristieta_Parker_Gao_Gittis_Rubin_2024_D1_GPe/data/d1_msns/pre_processed_data/6-OHDA_D1-MSNs_cell_body_stim/Neuron_0077,/Users/johnparker/paper_repos/Aristieta_Parker_Gao_Gittis_Rubin_2024_D1_GPe/data/d1_msns/pre_processed_data/6-OHDA_D1-MSNs_cell_body_stim,6-OHDA_D1-MSNs_cell_body_stim,True,25,250,0.025,/Users/johnparker/paper_repos/Aristieta_Parker_Gao_Gittis_Rubin_2024_D1_GPe/data/d1_msns/processed_data/6-OHDA_D1-MSNs_cell_body_stim/Neuron_0077,10,0.05,"['excitation', 'excitation', 'excitation', 'excitation', 'biphasic EI', 'excitation', 'partial inhibition', 'no effect', 'partial inhibition', 'no effect']",[4 4 4 4 6 4 2 3 2 3],1.0,1.0,1.0,0.0,99,90,3,3,2,2,"[2.16210604e-57 2.16210604e-57 2.16210604e-57 ... 1.78974724e+00
 1.82339589e+00 2.01833507e+00]",[0.00193899 0.00194036 0.0019483  ... 0.02243243 0.02243243 0.02243243],"{'complete inhibition': 0, 'adapting inhibition': 1, 'partial inhibition': 2, 'no effect': 3, 'excitation': 4, 'biphasic IE': 5, 'biphasic EI': 6}",11.1,0.6076522318062554,0.09893252319902193,0.0894600000000075,0.9369474999999916,14.8,0.6456179897001367,0.06605966464968936,0.03784499999999937,0.92054750000001,True,3.6,"[0.8 1.2 0.8 0.7 0.4 0.2 0.2 0.  0.4 0.6 0.6 0.4 0.2 0.2 0.4 0.2 0.3 0.3
 0.2 0.6]",7.955914871710872,0.8248584094954974,0.12595185897435895,12.1678698037931,0.9702082180250595,0.08228283082077066,1.0725728529848773,0.013584837057053994,no effect,3
41,AG7960,5,07-21-22,1.4,5,6-OHDA,83,7,left,/Users/johnparker/paper_repos/Aristieta_Parker_Gao_Gittis_Rubin_2024_D1_GPe/data/d1_msns/pre_processed_data/6-OHDA_D1-MSNs_cell_body_stim/Neuron_0083,/Users/johnparker/paper_repos/Aristieta_Parker_Gao_Gittis_Rubin_2024_D1_GPe/data/d1_msns/pre_processed_data/6-OHDA_D1-MSNs_cell_body_stim,6-OHDA_D1-MSNs_cell_body_stim,True,25,250,0.025,/Users/johnparker/paper_repos/Aristieta_Parker_Gao_Gittis_Rubin_2024_D1_GPe/data/d1_msns/processed_data/6-OHDA_D1-MSNs_cell_body_stim/Neuron_0083,10,0.05,"['complete inhibition', 'complete inhibition', 'complete inhibition', 'complete inhibition', 'complete inhibition', 'complete inhibition', 'complete inhibition', 'complete inhibition', 'complete inhibition', 'complete inhibition']",[0 0 0 0 0 0 0 0 0 0],1.0,1.0,1.0,0.0,99,90,3,3,2,2,[],[],"{'complete inhibition': 0, 'adapting inhibition': 1, 'partial inhibition': 2, 'no effect': 3, 'excitation': 4, 'biphasic IE': 5, 'biphasic EI': 6}",11.6,0.6806795477929184,0.07926700793650938,0.052117500000004216,0.849997500000017,0.1,0.0,0.0,0.907650000000001,0.907650000000001,True,0.0,[1. 1. 1. 1. 1. 1. 1. 1. 1. 1. 1. 1. 1. 1. 1. 1. 1. 1. 1. 1.],17.484839433096315,0.7119599815336997,0.057207488344988344,8.996855680359223,1.2080183801232482,0.11051836734693882,,,complete inhibition,0
42,AG7499,5,02-17-22,1.7,2,6-OHDA,48,8,right,/Users/johnparker/paper_repos/Aristieta_Parker_Gao_Gittis_Rubin_2024_D1_GPe/data/d1_msns/pre_processed_data/6-OHDA_D1-MSNs_cell_body_stim/Neuron_0048,/Users/johnparker/paper_repos/Aristieta_Parker_Gao_Gittis_Rubin_2024_D1_GPe/data/d1_msns/pre_processed_data/6-OHDA_D1-MSNs_cell_body_stim,6-OHDA_D1-MSNs_cell_body_stim,True,25,250,0.025,/Users/johnparker/paper_repos/Aristieta_Parker_Gao_Gittis_Rubin_2024_D1_GPe/data/d1_msns/processed_data/6-OHDA_D1-MSNs_cell_body_stim/Neuron_0048,10,0.05,"['no effect', 'no effect', 'no effect', 'no effect', 'no effect', 'no effect', 'excitation', 'no effect', 'no effect', 'excitation']",[3 3 3 3 3 3 4 3 3 4],1.0,1.0,1.0,0.0,99,90,3,3,2,2,"[1.03426261e-05 1.03752371e-05 1.09311019e-05 ... 6.33132717e+00
 6.49848867e+00 6.61044492e+00]","[1.03752371e-05 1.21613168e-05 2.67989062e-04 ... 6.61044492e+00
 7.13960483e+00 7.23777129e+00]","{'complete inhibition': 0, 'adapting inhibition': 1, 'partial inhibition': 2, 'no effect': 3, 'excitation': 4, 'biphasic IE': 5, 'biphasic EI': 6}",53.7,0.9388790409769003,0.019410836515602322,0.014697500000016817,0.9808400000000127,57.2,0.5227417254375025,0.017910870933639803,0.024157500000011822,0.9886900000000083,False,3.2,"[0.1 0.2 0.2 0.2 0.4 0.2 0.  0.  0.  0.  0.  0.  0.  0.  0.  0.  0.  0.
 0.2 0. ]",26.714807910551453,1.1797010462559867,0.037429913710450624,48.61890328548636,1.2453732264216906,0.020565376513954684,4.179140253675478,0.8635612199787162,no effect,3
43,AG7499,4,02-15-22,1.4,4,6-OHDA,33,3,left,/Users/johnparker/paper_repos/Aristieta_Parker_Gao_Gittis_Rubin_2024_D1_GPe/data/d1_msns/pre_processed_data/6-OHDA_D1-MSNs_cell_body_stim/Neuron_0033,/Users/johnparker/paper_repos/Aristieta_Parker_Gao_Gittis_Rubin_2024_D1_GPe/data/d1_msns/pre_processed_data/6-OHDA_D1-MSNs_cell_body_stim,6-OHDA_D1-MSNs_cell_body_stim,True,25,250,0.025,/Users/johnparker/paper_repos/Aristieta_Parker_Gao_Gittis_Rubin_2024_D1_GPe/data/d1_msns/processed_data/6-OHDA_D1-MSNs_cell_body_stim/Neuron_0033,10,0.05,"['complete inhibition', 'complete inhibition', 'complete inhibition', 'complete inhibition', 'complete inhibition', 'complete inhibition', 'complete inhibition', 'complete inhibition', 'complete inhibition', 'complete inhibition']",[0 0 0 0 0 0 0 0 0 0],1.0,1.0,1.0,0.0,99,90,3,3,2,2,[],[],"{'complete inhibition': 0, 'adapting inhibition': 1, 'partial inhibition': 2, 'no effect': 3, 'excitation': 4, 'biphasic IE': 5, 'biphasic EI': 6}",13.6,1.0918445840604902,0.15185391634407025,0.10022249999999602,0.8859824999999972,0.1,0.0,0.0,0.9629324999999994,0.9629324999999994,True,0.0,[1. 1. 1. 1. 1. 1. 1. 1. 1. 1. 1. 1. 1. 1. 1. 1. 1. 1. 1. 1.],7.844814820908538,1.195287168826197,0.12720218855218854,14.715609009690848,2.205775133629082,0.06361572580645168,,,complete inhibition,0
44,AG7499,4,02-15-22,1.7,2,6-OHDA,34,13,right,/Users/johnparker/paper_repos/Aristieta_Parker_Gao_Gittis_Rubin_2024_D1_GPe/data/d1_msns/pre_processed_data/6-OHDA_D1-MSNs_cell_body_stim/Neuron_0034,/Users/johnparker/paper_repos/Aristieta_Parker_Gao_Gittis_Rubin_2024_D1_GPe/data/d1_msns/pre_processed_data/6-OHDA_D1-MSNs_cell_body_stim,6-OHDA_D1-MSNs_cell_body_stim,True,25,250,0.025,/Users/johnparker/paper_repos/Aristieta_Parker_Gao_Gittis_Rubin_2024_D1_GPe/data/d1_msns/processed_data/6-OHDA_D1-MSNs_cell_body_stim/Neuron_0034,10,0.05,"['no effect', 'no effect', 'partial inhibition', 'no effect', 'partial inhibition', 'adapting inhibition', 'no effect', 'excitation', 'partial inhibition', 'no effect']",[3 3 2 3 2 1 3 4 2 3],1.0,1.0,1.0,0.0,99,90,3,3,2,2,"[3.88896041e-13 1.79978269e-12 8.92978640e-10 ... 1.01759657e+01
 1.02122435e+01 1.02376491e+01]",[0.00033165 0.00033839 0.00036954 ... 0.01147147 0.01159029 0.01182683],"{'complete inhibition': 0, 'adapting inhibition': 1, 'partial inhibition': 2, 'no effect': 3, 'excitation': 4, 'biphasic IE': 5, 'biphasic EI': 6}",36.2,0.9664798312269853,0.03160842447263762,0.031090000000004635,0.9595875000000028,31.1,0.7360816577164551,0.034321126580894874,0.019197500000000645,0.9644000000000077,True,2.6,"[0.2 0.4 0.  0.2 0.1 0.1 0.3 0.  0.  0.  0.2 0.5 0.3 0.2 0.3 0.3 0.2 0.4
 0.1 0.3]",43.99587711591806,1.0684271283482762,0.022683132864544778,32.097621040544,1.0523731562509349,0.02412001522070018,3.212598435239739,0.0041631219448613355,no effect,3
45,AG7960,2,06-16-22,1.7,4,6-OHDA,2,4,left,/Users/johnparker/paper_repos/Aristieta_Parker_Gao_Gittis_Rubin_2024_D1_GPe/data/d1_msns/pre_processed_data/6-OHDA_D1-MSNs_cell_body_stim/Neuron_0002,/Users/johnparker/paper_repos/Aristieta_Parker_Gao_Gittis_Rubin_2024_D1_GPe/data/d1_msns/pre_processed_data/6-OHDA_D1-MSNs_cell_body_stim,6-OHDA_D1-MSNs_cell_body_stim,True,25,250,0.025,/Users/johnparker/paper_repos/Aristieta_Parker_Gao_Gittis_Rubin_2024_D1_GPe/data/d1_msns/processed_data/6-OHDA_D1-MSNs_cell_body_stim/Neuron_0002,10,0.05,"['excitation', 'no effect', 'excitation', 'adapting inhibition', 'partial inhibition', 'no effect', 'excitation', 'partial inhibition', 'no effect', 'excitation']",[4 3 4 1 2 3 4 2 3 4],1.0,1.0,1.0,0.0,99,90,3,3,2,2,"[7.25135495e-71 7.25135495e-71 7.25285629e-71 ... 4.71939399e+00
 4.94692601e+00 5.63742344e+00]",[0.00061217 0.00070947 0.00071181 ... 0.02472973 0.02472973 0.02472973],"{'complete inhibition': 0, 'adapting inhibition': 1, 'partial inhibition': 2, 'no effect': 3, 'excitation': 4, 'biphasic IE': 5, 'biphasic EI': 6}",23.1,0.6857705633840155,0.05056622281154546,0.10048249999999684,0.9356925000000047,21.5,0.8404321847385147,0.05803168023290998,0.04734749999999934,0.9428775000000023,True,3.0,"[0.4 0.  0.4 0.4 0.4 0.4 0.2 0.1 0.6 0.8 0.1 0.1 0.1 0.1 0.4 0.4 0.2 0.2
 0.2 0.4]",29.661457430957412,0.8747506773257714,0.03367297854785479,32.12373344639148,0.6992935681417918,0.029293613509395633,2.241471816131093,0.010926551551551358,no effect,3
46,AG7960,2,06-16-22,1.1,6,6-OHDA,5,7,right,/Users/johnparker/paper_repos/Aristieta_Parker_Gao_Gittis_Rubin_2024_D1_GPe/data/d1_msns/pre_processed_data/6-OHDA_D1-MSNs_cell_body_stim/Neuron_0005,/Users/johnparker/paper_repos/Aristieta_Parker_Gao_Gittis_Rubin_2024_D1_GPe/data/d1_msns/pre_processed_data/6-OHDA_D1-MSNs_cell_body_stim,6-OHDA_D1-MSNs_cell_body_stim,True,25,250,0.025,/Users/johnparker/paper_repos/Aristieta_Parker_Gao_Gittis_Rubin_2024_D1_GPe/data/d1_msns/processed_data/6-OHDA_D1-MSNs_cell_body_stim/Neuron_0005,10,0.05,"['partial inhibition', 'complete inhibition', 'adapting inhibition', 'complete inhibition', 'adapting inhibition', 'complete inhibition', 'partial inhibition', 'adapting inhibition', 'adapting inhibition', 'complete inhibition']",[2 0 1 0 1 0 2 1 1 0],1.0,1.0,1.0,0.0,99,90,3,3,2,2,"[3.07147073e-20 2.45388650e-17 2.45388866e-17 ... 2.93073694e+00
 3.09634513e+00 3.20526268e+00]",[0.00111554 0.00127872 0.00138437 ... 0.0139452  0.0139452  0.0139452 ],"{'complete inhibition': 0, 'adapting inhibition': 1, 'partial inhibition': 2, 'no effect': 3, 'excitation': 4, 'biphasic IE': 5, 'biphasic EI': 6}",19.0,0.7377564936546969,0.058480148823634004,0.04680249999999404,0.9655875000000023,7.2,0.5081913492321382,0.17703580952380754,0.191484999999998,0.9414099999999941,True,0.8,"[0.9 0.8 0.9 0.7 0.7 0.7 0.6 0.6 0.7 0.7 0.7 0.7 0.7 0.5 0.5 0.5 0.5 0.5
 0.6 0.7]",10.79322679795411,0.9232295504605674,0.09259286380597014,18.450991062424347,0.8973780043809458,0.054087786259542046,1.8357627500776044,0.0068463138963078055,adapting inhibition,1
47,AG7499,5,02-17-22,1.4,4,6-OHDA,51,16,left,/Users/johnparker/paper_repos/Aristieta_Parker_Gao_Gittis_Rubin_2024_D1_GPe/data/d1_msns/pre_processed_data/6-OHDA_D1-MSNs_cell_body_stim/Neuron_0051,/Users/johnparker/paper_repos/Aristieta_Parker_Gao_Gittis_Rubin_2024_D1_GPe/data/d1_msns/pre_processed_data/6-OHDA_D1-MSNs_cell_body_stim,6-OHDA_D1-MSNs_cell_body_stim,True,25,250,0.025,/Users/johnparker/paper_repos/Aristieta_Parker_Gao_Gittis_Rubin_2024_D1_GPe/data/d1_msns/processed_data/6-OHDA_D1-MSNs_cell_body_stim/Neuron_0051,10,0.05,"['adapting inhibition', 'no effect', 'adapting inhibition', 'no effect', 'no effect', 'partial inhibition', 'no effect', 'no effect', 'no effect', 'biphasic EI']",[1 3 1 3 3 2 3 3 3 6],1.0,1.0,1.0,0.0,99,90,3,3,2,2,"[4.76218287e-10 8.19947885e-09 9.39376520e-09 ... 2.77906340e+00
 2.80033862e+00 2.95671916e+00]",[0.00118448 0.00120903 0.0012094  ... 0.0093794  0.00995356 0.00995696],"{'complete inhibition': 0, 'adapting inhibition': 1, 'partial inhibition': 2, 'no effect': 3, 'excitation': 4, 'biphasic IE': 5, 'biphasic EI': 6}",23.2,0.6457409825687929,0.04306299866695105,0.028364999999990204,0.9627324999999942,19.5,0.7982930417908328,0.052554696803306766,0.03227999999999227,0.9556874999999984,True,2.8,"[0.4 0.1 0.5 0.3 0.1 0.1 0.2 0.2 0.2 0.3 0.3 0.3 0.1 0.1 0.  0.  0.  0.
 0.1 0.6]",26.57212530193411,0.6374853939940874,0.03762908212560387,24.751062660585344,0.8664558374961818,0.04036498962655597,1.8127552709138328,0.0040343208281698765,no effect,3
48,AG8020,4,06-23-22,1.7,5,6-OHDA,69,7,left,/Users/johnparker/paper_repos/Aristieta_Parker_Gao_Gittis_Rubin_2024_D1_GPe/data/d1_msns/pre_processed_data/6-OHDA_D1-MSNs_cell_body_stim/Neuron_0069,/Users/johnparker/paper_repos/Aristieta_Parker_Gao_Gittis_Rubin_2024_D1_GPe/data/d1_msns/pre_processed_data/6-OHDA_D1-MSNs_cell_body_stim,6-OHDA_D1-MSNs_cell_body_stim,True,25,250,0.025,/Users/johnparker/paper_repos/Aristieta_Parker_Gao_Gittis_Rubin_2024_D1_GPe/data/d1_msns/processed_data/6-OHDA_D1-MSNs_cell_body_stim/Neuron_0069,10,0.05,"['no effect', 'no effect', 'excitation', 'partial inhibition', 'biphasic EI', 'excitation', 'partial inhibition', 'partial inhibition', 'no effect', 'biphasic EI']",[3 3 4 2 6 4 2 2 3 6],1.0,1.0,1.0,0.0,99,90,3,3,2,2,[0.02501274 0.02725222 0.03541383 ... 4.88607869 4.92638538 5.11125309],[0.00531195 0.00586566 0.03365625 ... 4.88607869 4.92638538 5.11125309],"{'complete inhibition': 0, 'adapting inhibition': 1, 'partial inhibition': 2, 'no effect': 3, 'excitation': 4, 'biphasic IE': 5, 'biphasic EI': 6}",45.5,0.5688007441262535,0.021927048276959488,0.01248500000000945,0.9778275000000065,40.6,1.0282511696740637,0.024229677822500618,0.014569999999996242,0.9336374999999976,False,3.5,"[0.2 1.  0.6 0.4 0.5 0.  0.4 0.4 0.2 0.3 0.1 0.2 0.5 0.2 0.5 0.5 0.3 0.3
 0.4 0.5]",36.97291519891864,0.707946863006336,0.027037081092263136,28.3795411948689,0.6927389221037077,0.02882673854447441,3.067192059028141,1.2931050823838994,biphasic EI,6
49,AG7499,5,02-17-22,1.1,6,6-OHDA,56,13,left,/Users/johnparker/paper_repos/Aristieta_Parker_Gao_Gittis_Rubin_2024_D1_GPe/data/d1_msns/pre_processed_data/6-OHDA_D1-MSNs_cell_body_stim/Neuron_0056,/Users/johnparker/paper_repos/Aristieta_Parker_Gao_Gittis_Rubin_2024_D1_GPe/data/d1_msns/pre_processed_data/6-OHDA_D1-MSNs_cell_body_stim,6-OHDA_D1-MSNs_cell_body_stim,True,25,250,0.025,/Users/johnparker/paper_repos/Aristieta_Parker_Gao_Gittis_Rubin_2024_D1_GPe/data/d1_msns/processed_data/6-OHDA_D1-MSNs_cell_body_stim/Neuron_0056,10,0.05,"['partial inhibition', 'adapting inhibition', 'no effect', 'complete inhibition', 'biphasic IE', 'adapting inhibition', 'partial inhibition', 'partial inhibition', 'biphasic EI', 'partial inhibition']",[2 1 3 0 5 1 2 2 6 2],1.0,1.0,1.0,0.0,99,90,3,3,2,2,"[7.14515340e-210 7.14515340e-210 7.14515340e-210 ... 2.08513119e+000
 2.19142138e+000 2.36497622e+000]",[0.         0.         0.         ... 0.03039164 0.03039164 0.03039164],"{'complete inhibition': 0, 'adapting inhibition': 1, 'partial inhibition': 2, 'no effect': 3, 'excitation': 4, 'biphasic IE': 5, 'biphasic EI': 6}",10.4,0.7973879003836695,0.12210779437229716,0.07396999999998358,0.9374324999999886,9.5,0.8602115434462734,0.1588935304359409,0.1732399999999835,0.9035499999999935,True,2.4,"[0.8 0.7 0.5 0.5 0.9 0.7 0.7 0.6 0.7 0.8 0.9 0.5 0.6 0.5 0.5 0.5 0.4 0.4
 0.5 0.6]",11.36186071345653,0.9619551310385195,0.08717684151785716,5.1115720804414675,1.9531875059733907,0.19488320895522404,1.11720730563067,0.01357777140908987,no effect,3
50,AG8020,4,06-23-22,1.4,4,6-OHDA,60,13,left,/Users/johnparker/paper_repos/Aristieta_Parker_Gao_Gittis_Rubin_2024_D1_GPe/data/d1_msns/pre_processed_data/6-OHDA_D1-MSNs_cell_body_stim/Neuron_0060,/Users/johnparker/paper_repos/Aristieta_Parker_Gao_Gittis_Rubin_2024_D1_GPe/data/d1_msns/pre_processed_data/6-OHDA_D1-MSNs_cell_body_stim,6-OHDA_D1-MSNs_cell_body_stim,True,25,250,0.025,/Users/johnparker/paper_repos/Aristieta_Parker_Gao_Gittis_Rubin_2024_D1_GPe/data/d1_msns/processed_data/6-OHDA_D1-MSNs_cell_body_stim/Neuron_0060,10,0.05,"['complete inhibition', 'complete inhibition', 'complete inhibition', 'complete inhibition', 'complete inhibition', 'complete inhibition', 'complete inhibition', 'complete inhibition', 'complete inhibition', 'complete inhibition']",[0 0 0 0 0 0 0 0 0 0],1.0,1.0,1.0,0.0,99,90,3,3,2,2,[],[],"{'complete inhibition': 0, 'adapting inhibition': 1, 'partial inhibition': 2, 'no effect': 3, 'excitation': 4, 'biphasic IE': 5, 'biphasic EI': 6}",24.0,0.6296970464525737,0.04434632885100225,0.04073499999999512,0.9794474999999977,0.6,0.0,0.0039249999999995564,0.6178225000000012,0.6217475000000008,True,0.0,[1. 1. 1. 1. 1. 1. 1. 1. 1. 1. 1. 1. 1. 1. 1. 1. 1. 1. 1. 1.],26.95645359844894,0.776544142217942,0.03709780405405406,7.441841653585304,1.1662794124759626,0.12971655313351482,,,complete inhibition,0
51,AG8020,4,06-23-22,1.4,4,6-OHDA,58,1,left,/Users/johnparker/paper_repos/Aristieta_Parker_Gao_Gittis_Rubin_2024_D1_GPe/data/d1_msns/pre_processed_data/6-OHDA_D1-MSNs_cell_body_stim/Neuron_0058,/Users/johnparker/paper_repos/Aristieta_Parker_Gao_Gittis_Rubin_2024_D1_GPe/data/d1_msns/pre_processed_data/6-OHDA_D1-MSNs_cell_body_stim,6-OHDA_D1-MSNs_cell_body_stim,True,25,250,0.025,/Users/johnparker/paper_repos/Aristieta_Parker_Gao_Gittis_Rubin_2024_D1_GPe/data/d1_msns/processed_data/6-OHDA_D1-MSNs_cell_body_stim/Neuron_0058,10,0.05,"['excitation', 'excitation', 'excitation', 'excitation', 'excitation', 'excitation', 'excitation', 'excitation', 'excitation', 'excitation']",[4 4 4 4 4 4 4 4 4 4],1.0,1.0,1.0,0.0,99,90,3,3,2,2,[0.32477064 0.34662805 0.5122337  ... 7.07576084 7.66020207 9.40193922],[0.30554049 0.34111513 0.35654921 ... 7.07576084 7.66020207 9.40193922],"{'complete inhibition': 0, 'adapting inhibition': 1, 'partial inhibition': 2, 'no effect': 3, 'excitation': 4, 'biphasic IE': 5, 'biphasic EI': 6}",53.7,0.4485784797488492,0.01990205289940685,0.014959999999997819,0.9925524999999965,115.8,0.545812676873273,0.008682322142615299,0.01576499999999683,0.9926099999999899,False,4.0,"[0.4 0.8 0.8 1.6 1.6 1.6 1.8 2.  1.6 1.6 1.6 1.6 1.6 1.6 1.8 1.8 1.4 1.8
 1.8 1.3]",41.88490146379742,0.4669533720640587,0.023397355072463766,48.215164215206684,0.5448838318875234,0.020735207721359644,4.0019490789637,1.537763403105219,excitation,4
52,AG8020,4,06-23-22,1.7,5,6-OHDA,67,4,left,/Users/johnparker/paper_repos/Aristieta_Parker_Gao_Gittis_Rubin_2024_D1_GPe/data/d1_msns/pre_processed_data/6-OHDA_D1-MSNs_cell_body_stim/Neuron_0067,/Users/johnparker/paper_repos/Aristieta_Parker_Gao_Gittis_Rubin_2024_D1_GPe/data/d1_msns/pre_processed_data/6-OHDA_D1-MSNs_cell_body_stim,6-OHDA_D1-MSNs_cell_body_stim,True,25,250,0.025,/Users/johnparker/paper_repos/Aristieta_Parker_Gao_Gittis_Rubin_2024_D1_GPe/data/d1_msns/processed_data/6-OHDA_D1-MSNs_cell_body_stim/Neuron_0067,10,0.05,"['complete inhibition', 'complete inhibition', 'complete inhibition', 'complete inhibition', 'complete inhibition', 'complete inhibition', 'complete inhibition', 'complete inhibition', 'complete inhibition', 'complete inhibition']",[0 0 0 0 0 0 0 0 0 0],1.0,1.0,1.0,0.0,99,90,3,3,2,2,[],[],"{'complete inhibition': 0, 'adapting inhibition': 1, 'partial inhibition': 2, 'no effect': 3, 'excitation': 4, 'biphasic IE': 5, 'biphasic EI': 6}",33.1,0.751850556485721,0.03465289808040714,0.026782499999993093,0.9672999999999952,0.5,0.0,0.0,0.5143725000000032,0.5143725000000032,True,0.0,[1. 1. 1. 1. 1. 1. 1. 1. 1. 1. 1. 1. 1. 1. 1. 1. 1. 1. 1. 1.],32.06163611562038,0.7451198772336418,0.03112043299620733,6.076115498854146,1.4120059024587406,0.15155769230769262,,,complete inhibition,0
53,AG7960,2,06-16-22,1.1,6,6-OHDA,4,6,right,/Users/johnparker/paper_repos/Aristieta_Parker_Gao_Gittis_Rubin_2024_D1_GPe/data/d1_msns/pre_processed_data/6-OHDA_D1-MSNs_cell_body_stim/Neuron_0004,/Users/johnparker/paper_repos/Aristieta_Parker_Gao_Gittis_Rubin_2024_D1_GPe/data/d1_msns/pre_processed_data/6-OHDA_D1-MSNs_cell_body_stim,6-OHDA_D1-MSNs_cell_body_stim,True,25,250,0.025,/Users/johnparker/paper_repos/Aristieta_Parker_Gao_Gittis_Rubin_2024_D1_GPe/data/d1_msns/processed_data/6-OHDA_D1-MSNs_cell_body_stim/Neuron_0004,10,0.05,"['no effect', 'excitation', 'no effect', 'no effect', 'no effect', 'no effect', 'biphasic EI', 'no effect', 'partial inhibition', 'no effect']",[3 4 3 3 3 3 6 3 2 3],1.0,1.0,1.0,0.0,99,90,3,3,2,2,"[3.32599432e-15 1.42466024e-14 1.36361767e-12 ... 3.35348006e+00
 3.36935262e+00 3.60865141e+00]",[0.00101001 0.0010432  0.0011032  ... 0.01185692 0.01200966 0.01225475],"{'complete inhibition': 0, 'adapting inhibition': 1, 'partial inhibition': 2, 'no effect': 3, 'excitation': 4, 'biphasic IE': 5, 'biphasic EI': 6}",22.8,0.7045062842064164,0.04460499828886286,0.07177000000000647,0.9681275000000091,24.7,0.8248948577960193,0.045343766560383594,0.022667500000004993,0.9437150000000066,True,3.3,"[0.2 0.4 0.2 0.  0.2 0.  0.  0.  0.2 0.2 0.2 0.  0.  0.2 0.4 0.1 0.1 0.1
 0.2 0.4]",16.041062530198392,0.843926578522253,0.062348232323232326,11.751575577118096,1.9667186263127545,0.07866710344827597,1.9499253842965472,0.005490293261804058,no effect,3
54,AG7960,2,06-16-22,1.1,6,6-OHDA,3,13,right,/Users/johnparker/paper_repos/Aristieta_Parker_Gao_Gittis_Rubin_2024_D1_GPe/data/d1_msns/pre_processed_data/6-OHDA_D1-MSNs_cell_body_stim/Neuron_0003,/Users/johnparker/paper_repos/Aristieta_Parker_Gao_Gittis_Rubin_2024_D1_GPe/data/d1_msns/pre_processed_data/6-OHDA_D1-MSNs_cell_body_stim,6-OHDA_D1-MSNs_cell_body_stim,True,25,250,0.025,/Users/johnparker/paper_repos/Aristieta_Parker_Gao_Gittis_Rubin_2024_D1_GPe/data/d1_msns/processed_data/6-OHDA_D1-MSNs_cell_body_stim/Neuron_0003,10,0.05,"['complete inhibition', 'complete inhibition', 'complete inhibition', 'complete inhibition', 'complete inhibition', 'complete inhibition', 'complete inhibition', 'complete inhibition', 'complete inhibition', 'complete inhibition']",[0 0 0 0 0 0 0 0 0 0],1.0,1.0,1.0,0.0,99,90,3,3,2,2,[],[],"{'complete inhibition': 0, 'adapting inhibition': 1, 'partial inhibition': 2, 'no effect': 3, 'excitation': 4, 'biphasic IE': 5, 'biphasic EI': 6}",36.3,0.6578927097732958,0.02789044786888048,0.02561500000001189,0.9759425000000022,0.5,0.0,0.0315499999999929,0.6013850000000062,0.6329349999999991,True,0.0,[1. 1. 1. 1. 1. 1. 1. 1. 1. 1. 1. 1. 1. 1. 1. 1. 1. 1. 1. 1.],26.91855397348126,0.7559227008883411,0.0371248495788207,23.616458356770387,2.446994428962769,0.038888631687242776,,,complete inhibition,0
55,AG7499,4,02-15-22,1.7,2,6-OHDA,35,2,right,/Users/johnparker/paper_repos/Aristieta_Parker_Gao_Gittis_Rubin_2024_D1_GPe/data/d1_msns/pre_processed_data/6-OHDA_D1-MSNs_cell_body_stim/Neuron_0035,/Users/johnparker/paper_repos/Aristieta_Parker_Gao_Gittis_Rubin_2024_D1_GPe/data/d1_msns/pre_processed_data/6-OHDA_D1-MSNs_cell_body_stim,6-OHDA_D1-MSNs_cell_body_stim,True,25,250,0.025,/Users/johnparker/paper_repos/Aristieta_Parker_Gao_Gittis_Rubin_2024_D1_GPe/data/d1_msns/processed_data/6-OHDA_D1-MSNs_cell_body_stim/Neuron_0035,10,0.05,"['complete inhibition', 'partial inhibition', 'adapting inhibition', 'complete inhibition', 'adapting inhibition', 'adapting inhibition', 'adapting inhibition', 'adapting inhibition', 'adapting inhibition', 'partial inhibition']",[0 2 1 0 1 1 1 1 1 2],1.0,1.0,1.0,0.0,99,90,3,3,2,2,"[2.03369715e-04 7.13762158e-02 1.58587439e-01 ... 4.01225610e+00
 4.02833211e+00 4.09526826e+00]","[3.62942073e-03 1.59521900e-02 1.35429898e-01 ... 4.02180467e+00
 4.09526826e+00 4.20322501e+00]","{'complete inhibition': 0, 'adapting inhibition': 1, 'partial inhibition': 2, 'no effect': 3, 'excitation': 4, 'biphasic IE': 5, 'biphasic EI': 6}",36.1,0.5725107367820881,0.02791274683986648,0.02460999999999842,0.983625,8.9,0.9997071602800954,0.1334431874028755,0.019557499999998385,0.8897625000000005,False,1.0,"[0.6 0.7 0.6 1.  1.  0.8 0.7 0.7 0.7 0.5 0.7 0.8 0.6 0.5 0.5 0.5 0.4 0.5
 0.8 0.9]",34.972582112333676,0.67205072118334,0.028600808823529406,11.332041669022153,1.1007102236180129,0.08822681818181828,2.643084323993644,0.8974966917057566,partial inhibition,2
56,AG7499,4,02-15-22,1.4,4,6-OHDA,32,16,left,/Users/johnparker/paper_repos/Aristieta_Parker_Gao_Gittis_Rubin_2024_D1_GPe/data/d1_msns/pre_processed_data/6-OHDA_D1-MSNs_cell_body_stim/Neuron_0032,/Users/johnparker/paper_repos/Aristieta_Parker_Gao_Gittis_Rubin_2024_D1_GPe/data/d1_msns/pre_processed_data/6-OHDA_D1-MSNs_cell_body_stim,6-OHDA_D1-MSNs_cell_body_stim,True,25,250,0.025,/Users/johnparker/paper_repos/Aristieta_Parker_Gao_Gittis_Rubin_2024_D1_GPe/data/d1_msns/processed_data/6-OHDA_D1-MSNs_cell_body_stim/Neuron_0032,10,0.05,"['complete inhibition', 'complete inhibition', 'complete inhibition', 'complete inhibition', 'complete inhibition', 'complete inhibition', 'complete inhibition', 'complete inhibition', 'complete inhibition', 'complete inhibition']",[0 0 0 0 0 0 0 0 0 0],1.0,1.0,1.0,0.0,99,90,3,3,2,2,[],[],"{'complete inhibition': 0, 'adapting inhibition': 1, 'partial inhibition': 2, 'no effect': 3, 'excitation': 4, 'biphasic IE': 5, 'biphasic EI': 6}",12.1,0.7295452152657262,0.08233253090659427,0.07326249999999206,0.9325275000000005,1.9,0.1647148735972634,0.08901416666667122,0.15979749999998774,0.3209449999999919,True,0.0,[1. 1. 1. 1. 1. 1. 1. 1. 1. 1. 1. 1. 1. 1. 1. 1. 1. 1. 1. 1.],12.530643807894174,0.8959688623324749,0.079685,11.451323647970517,1.27242613325769,0.08500276497695859,,,complete inhibition,0
57,AG8020,4,06-23-22,1.4,4,6-OHDA,59,12,left,/Users/johnparker/paper_repos/Aristieta_Parker_Gao_Gittis_Rubin_2024_D1_GPe/data/d1_msns/pre_processed_data/6-OHDA_D1-MSNs_cell_body_stim/Neuron_0059,/Users/johnparker/paper_repos/Aristieta_Parker_Gao_Gittis_Rubin_2024_D1_GPe/data/d1_msns/pre_processed_data/6-OHDA_D1-MSNs_cell_body_stim,6-OHDA_D1-MSNs_cell_body_stim,True,25,250,0.025,/Users/johnparker/paper_repos/Aristieta_Parker_Gao_Gittis_Rubin_2024_D1_GPe/data/d1_msns/processed_data/6-OHDA_D1-MSNs_cell_body_stim/Neuron_0059,10,0.05,"['complete inhibition', 'complete inhibition', 'complete inhibition', 'complete inhibition', 'complete inhibition', 'complete inhibition', 'complete inhibition', 'complete inhibition', 'complete inhibition', 'complete inhibition']",[0 0 0 0 0 0 0 0 0 0],1.0,1.0,1.0,0.0,99,90,3,3,2,2,[],[],"{'complete inhibition': 0, 'adapting inhibition': 1, 'partial inhibition': 2, 'no effect': 3, 'excitation': 4, 'biphasic IE': 5, 'biphasic EI': 6}",36.4,1.2706119278112435,0.02976475361085466,0.04285750000000164,0.9407775000000029,0.4,0.0,0.0,0.6020474999999934,0.6020474999999934,True,0.0,[1. 1. 1. 1. 1. 1. 1. 1. 1. 1. 1. 1. 1. 1. 1. 1. 1. 1. 1. 1.],36.000964689202924,1.453025122207045,0.02767974683544304,9.06124597012473,1.1613486941578317,0.08634177158273386,,,complete inhibition,0
58,AG8020,4,06-23-22,1.4,1,6-OHDA,66,9,right,/Users/johnparker/paper_repos/Aristieta_Parker_Gao_Gittis_Rubin_2024_D1_GPe/data/d1_msns/pre_processed_data/6-OHDA_D1-MSNs_cell_body_stim/Neuron_0066,/Users/johnparker/paper_repos/Aristieta_Parker_Gao_Gittis_Rubin_2024_D1_GPe/data/d1_msns/pre_processed_data/6-OHDA_D1-MSNs_cell_body_stim,6-OHDA_D1-MSNs_cell_body_stim,True,25,250,0.025,/Users/johnparker/paper_repos/Aristieta_Parker_Gao_Gittis_Rubin_2024_D1_GPe/data/d1_msns/processed_data/6-OHDA_D1-MSNs_cell_body_stim/Neuron_0066,10,0.05,"['biphasic EI', 'excitation', 'excitation', 'excitation', 'excitation', 'excitation', 'excitation', 'excitation', 'excitation', 'biphasic IE']",[6 4 4 4 4 4 4 4 4 5],1.0,1.0,1.0,0.0,99,90,3,3,2,2,[0.38665273 0.51848967 0.54533526 ... 5.86210306 7.01015062 7.13940098],[0.38665273 0.40621757 0.41416529 ... 5.86210306 7.01015062 7.13940098],"{'complete inhibition': 0, 'adapting inhibition': 1, 'partial inhibition': 2, 'no effect': 3, 'excitation': 4, 'biphasic IE': 5, 'biphasic EI': 6}",61.6,0.3686367253306396,0.01661373452371439,0.007794999999988761,0.9892024999999954,136.7,0.6152382816328281,0.0073890716332368,0.010317500000000734,0.9798824999999965,False,4.3,"[1.  2.  2.  1.8 1.8 2.  2.  1.8 1.8 2.  2.  1.8 1.5 1.7 1.6 1.8 1.6 1.7
 1.5 1.4]",60.60100209169569,0.49747320373011694,0.016506354375417503,50.44350524694403,0.7393293875258177,0.019819522471910128,4.045238037278789,2.1005085490429636,excitation,4
59,AG8020,4,06-23-22,1.4,4,6-OHDA,61,2,left,/Users/johnparker/paper_repos/Aristieta_Parker_Gao_Gittis_Rubin_2024_D1_GPe/data/d1_msns/pre_processed_data/6-OHDA_D1-MSNs_cell_body_stim/Neuron_0061,/Users/johnparker/paper_repos/Aristieta_Parker_Gao_Gittis_Rubin_2024_D1_GPe/data/d1_msns/pre_processed_data/6-OHDA_D1-MSNs_cell_body_stim,6-OHDA_D1-MSNs_cell_body_stim,True,25,250,0.025,/Users/johnparker/paper_repos/Aristieta_Parker_Gao_Gittis_Rubin_2024_D1_GPe/data/d1_msns/processed_data/6-OHDA_D1-MSNs_cell_body_stim/Neuron_0061,10,0.05,"['partial inhibition', 'biphasic EI', 'biphasic EI', 'biphasic EI', 'partial inhibition', 'partial inhibition', 'partial inhibition', 'partial inhibition', 'biphasic EI', 'biphasic EI']",[2 6 6 6 2 2 2 2 6 6],1.0,1.0,1.0,0.0,99,90,3,3,2,2,[0.23436036 0.67862893 0.73674402 ... 5.40404384 5.5117902  5.58143043],[0.37752064 0.73674402 0.73767479 ... 5.21889094 5.31627342 5.94863779],"{'complete inhibition': 0, 'adapting inhibition': 1, 'partial inhibition': 2, 'no effect': 3, 'excitation': 4, 'biphasic IE': 5, 'biphasic EI': 6}",63.0,0.46645899062518337,0.016046516962937137,0.006320000000000903,0.9930874999999943,46.5,1.0119477976145324,0.022004552237953154,0.012282499999989937,0.9627900000000033,False,4.0,"[0.8 1.2 1.1 0.3 0.6 0.2 0.3 0.3 0.3 0.4 0.5 0.8 0.4 0.6 0.7 0.6 0.5 0.7
 0.5 0.6]",62.51387273037075,0.496652488829304,0.015993422330097085,49.52975552140989,0.7559601544465163,0.020189072712418318,3.906207848221123,2.1579232460314404,partial inhibition,2
60,AG8020,4,06-23-22,1.7,5,6-OHDA,68,5,left,/Users/johnparker/paper_repos/Aristieta_Parker_Gao_Gittis_Rubin_2024_D1_GPe/data/d1_msns/pre_processed_data/6-OHDA_D1-MSNs_cell_body_stim/Neuron_0068,/Users/johnparker/paper_repos/Aristieta_Parker_Gao_Gittis_Rubin_2024_D1_GPe/data/d1_msns/pre_processed_data/6-OHDA_D1-MSNs_cell_body_stim,6-OHDA_D1-MSNs_cell_body_stim,True,25,250,0.025,/Users/johnparker/paper_repos/Aristieta_Parker_Gao_Gittis_Rubin_2024_D1_GPe/data/d1_msns/processed_data/6-OHDA_D1-MSNs_cell_body_stim/Neuron_0068,10,0.05,"['excitation', 'excitation', 'excitation', 'biphasic EI', 'excitation', 'excitation', 'partial inhibition', 'partial inhibition', 'no effect', 'partial inhibition']",[4 4 4 6 4 4 2 2 3 2],1.0,1.0,1.0,0.0,99,90,3,3,2,2,"[3.26598139e-28 1.78049105e-19 1.96687566e-19 ... 6.26099358e+00
 6.33871275e+00 6.34322090e+00]",[0.00059081 0.00060483 0.0006382  ... 0.01737112 0.01737112 0.01737112],"{'complete inhibition': 0, 'adapting inhibition': 1, 'partial inhibition': 2, 'no effect': 3, 'excitation': 4, 'biphasic IE': 5, 'biphasic EI': 6}",46.1,0.7204784729183513,0.02547543662538281,0.014734999999994614,0.96573250000001,74.7,0.952457324666916,0.0285434362618065,0.014009999999997547,0.9237075000000019,True,3.5,"[0.  0.6 1.2 1.  0.9 0.9 1.3 1.1 0.9 1.2 1.1 0.9 1.1 0.9 1.  1.  0.8 0.7
 0.7 0.6]",56.49914047146583,0.7081446623353228,0.017699654845695724,6.238606038527215,1.2562540737239245,0.12874914004914,3.7301685680894345,0.0035222453771583864,biphasic EI,6
61,AG7499,5,02-17-22,1.1,6,6-OHDA,57,15,left,/Users/johnparker/paper_repos/Aristieta_Parker_Gao_Gittis_Rubin_2024_D1_GPe/data/d1_msns/pre_processed_data/6-OHDA_D1-MSNs_cell_body_stim/Neuron_0057,/Users/johnparker/paper_repos/Aristieta_Parker_Gao_Gittis_Rubin_2024_D1_GPe/data/d1_msns/pre_processed_data/6-OHDA_D1-MSNs_cell_body_stim,6-OHDA_D1-MSNs_cell_body_stim,True,25,250,0.025,/Users/johnparker/paper_repos/Aristieta_Parker_Gao_Gittis_Rubin_2024_D1_GPe/data/d1_msns/processed_data/6-OHDA_D1-MSNs_cell_body_stim/Neuron_0057,10,0.05,"['adapting inhibition', 'adapting inhibition', 'adapting inhibition', 'adapting inhibition', 'biphasic IE', 'biphasic EI', 'adapting inhibition', 'biphasic IE', 'excitation', 'biphasic IE']",[1 1 1 1 5 6 1 5 4 5],1.0,1.0,1.0,0.0,99,90,3,3,2,2,"[1.24983022e-40 3.62064037e-38 3.62064037e-38 ... 5.69309945e+00
 5.75380024e+00 6.51920017e+00]",[0.00077047 0.00080469 0.00082039 ... 0.01914164 0.01914164 0.01914164],"{'complete inhibition': 0, 'adapting inhibition': 1, 'partial inhibition': 2, 'no effect': 3, 'excitation': 4, 'biphasic IE': 5, 'biphasic EI': 6}",24.5,0.8773584407231689,0.05009558230441853,0.058632499999992406,0.9189349999999947,28.3,1.1131930495538225,0.038701601594276096,0.1963974999999948,0.9803674999999877,True,3.0,"[0.9 0.9 0.7 0.5 0.7 0.7 1.  0.5 0.5 0.6 0.6 0.4 0.5 0.5 0.3 0.  0.4 0.4
 0.2 0.5]",18.345988902574575,0.8620139462456382,0.054523411602209956,20.648726820001176,1.8064624399804736,0.04813944785276075,2.3734993492977132,0.008520373827837009,excitation,4
62,AG7499,5,02-17-22,1.4,4,6-OHDA,50,13,left,/Users/johnparker/paper_repos/Aristieta_Parker_Gao_Gittis_Rubin_2024_D1_GPe/data/d1_msns/pre_processed_data/6-OHDA_D1-MSNs_cell_body_stim/Neuron_0050,/Users/johnparker/paper_repos/Aristieta_Parker_Gao_Gittis_Rubin_2024_D1_GPe/data/d1_msns/pre_processed_data/6-OHDA_D1-MSNs_cell_body_stim,6-OHDA_D1-MSNs_cell_body_stim,True,25,250,0.025,/Users/johnparker/paper_repos/Aristieta_Parker_Gao_Gittis_Rubin_2024_D1_GPe/data/d1_msns/processed_data/6-OHDA_D1-MSNs_cell_body_stim/Neuron_0050,10,0.05,"['adapting inhibition', 'adapting inhibition', 'partial inhibition', 'biphasic EI', 'partial inhibition', 'biphasic EI', 'partial inhibition', 'partial inhibition', 'partial inhibition', 'partial inhibition']",[1 1 2 6 2 6 2 2 2 2],1.0,1.0,1.0,0.0,99,90,3,3,2,2,"[3.53273018e-22 1.36014616e-14 3.64387010e-09 ... 3.62340062e+00
 3.94406583e+00 4.18728044e+00]",[0.00093787 0.0010099  0.00102201 ... 0.00858922 0.00889324 0.00904977],"{'complete inhibition': 0, 'adapting inhibition': 1, 'partial inhibition': 2, 'no effect': 3, 'excitation': 4, 'biphasic IE': 5, 'biphasic EI': 6}",28.9,0.7295187506812706,0.03711131999316482,0.02280249999999029,0.9743574999999922,15.2,0.92629088286057,0.04973989718900461,0.09235499999999561,0.7611425000000012,True,2.6,"[0.9 0.5 0.5 0.4 0.5 0.3 0.5 0.4 0.4 0.5 0.7 0.7 0.7 0.7 0.7 0.7 0.8 0.8
 0.9 0.9]",21.647561539413502,0.9036472414460913,0.046183896797153026,18.646655496627506,4.466191912408282,0.0535542699724518,2.2779663383649202,0.004189614921026706,partial inhibition,2
63,AG7960,5,07-21-22,1.1,4,6-OHDA,72,2,right,/Users/johnparker/paper_repos/Aristieta_Parker_Gao_Gittis_Rubin_2024_D1_GPe/data/d1_msns/pre_processed_data/6-OHDA_D1-MSNs_cell_body_stim/Neuron_0072,/Users/johnparker/paper_repos/Aristieta_Parker_Gao_Gittis_Rubin_2024_D1_GPe/data/d1_msns/pre_processed_data/6-OHDA_D1-MSNs_cell_body_stim,6-OHDA_D1-MSNs_cell_body_stim,True,25,250,0.025,/Users/johnparker/paper_repos/Aristieta_Parker_Gao_Gittis_Rubin_2024_D1_GPe/data/d1_msns/processed_data/6-OHDA_D1-MSNs_cell_body_stim/Neuron_0072,10,0.05,"['complete inhibition', 'complete inhibition', 'no effect', 'partial inhibition', 'partial inhibition', 'biphasic IE', 'biphasic EI', 'partial inhibition', 'partial inhibition', 'no effect']",[0 0 3 2 2 5 6 2 2 3],1.0,1.0,1.0,0.0,99,90,3,3,2,2,[0.         0.         0.         ... 1.24159318 1.24722759 1.27709591],[0.         0.         0.         ... 0.04178053 0.04178053 0.04178053],"{'complete inhibition': 0, 'adapting inhibition': 1, 'partial inhibition': 2, 'no effect': 3, 'excitation': 4, 'biphasic IE': 5, 'biphasic EI': 6}",4.6,0.5278456384041162,0.17113315476190347,0.17786500000000344,0.7645274999999963,7.9,0.586841096993741,0.14011805555555712,0.06068999999999889,0.8217875000000084,True,2.5,"[0.9 0.9 1.2 0.8 0.6 0.6 0.6 0.6 0.6 0.8 0.8 0.8 1.  0.6 0.7 0.7 1.1 0.7
 1.2 1.1]",4.646082618760393,0.9676558566807439,0.214887411971831,6.928368817449709,0.957216081876612,0.1358566627358492,0.6662023771019465,0.019813563563563036,excitation,4
64,AG7960,5,07-21-22,1.4,5,6-OHDA,81,13,left,/Users/johnparker/paper_repos/Aristieta_Parker_Gao_Gittis_Rubin_2024_D1_GPe/data/d1_msns/pre_processed_data/6-OHDA_D1-MSNs_cell_body_stim/Neuron_0081,/Users/johnparker/paper_repos/Aristieta_Parker_Gao_Gittis_Rubin_2024_D1_GPe/data/d1_msns/pre_processed_data/6-OHDA_D1-MSNs_cell_body_stim,6-OHDA_D1-MSNs_cell_body_stim,True,25,250,0.025,/Users/johnparker/paper_repos/Aristieta_Parker_Gao_Gittis_Rubin_2024_D1_GPe/data/d1_msns/processed_data/6-OHDA_D1-MSNs_cell_body_stim/Neuron_0081,8,0.05,"['complete inhibition', 'partial inhibition', 'complete inhibition', 'partial inhibition', 'partial inhibition', 'complete inhibition', 'partial inhibition', 'biphasic EI']",[0 2 0 2 2 0 2 6],1.0,1.0,1.0,0.0,99,90,3,3,2,2,"[0.5714844470957782, 1.0387359943869277, 0.3487995340764625, 0.0183879546822198, 0.369961825833517, 0.6875421349103421, 0.7173744143064581, 0.2120050036856677, 0.0026137745791526175, 0.001403347155948744, 0.17893546547957154, 1.1405802767072837, 0.7321746063930269, 0.6911165145074722, 0.7208573860524553, 0.5197060343933333, 0.44919142715949756, 1.1136054421525055, 0.4393210767176908, 0.013094830793646714, 0.5183049190573635, 0.6487774611031505, 0.6900376253565943, 0.2931090529258328, 1.159626057234602, 1.2082152048001331, 0.7705029568052122, 1.1139942833388927, 0.6309907519019233, 0.677882142770294, 0.2517573225691884, 0.02341861536371028, 0.455759542709079, 0.49851454065128814, 0.026165833814409612, 0.00010039886071855224, 0.03247635199475472, 0.5298314718207221, 0.4221959181896315, 0.015417439614980629, 0.5714848470673377, 1.0404106361573064, 0.5228703072724572, 0.7247448096589499, 0.8551247987724896, 1.1012183083634508, 0.15007078665625986, 0.0009823267399341454, 0.0036180833680374315, 0.24339081795922612, 0.6592056015532031, 0.09366480609251969, 0.08047636353226686, 0.6645506264859129, 0.8331264489355059, 1.1807275077075103, 0.3196651380916593, 0.6486225947321189, 0.26836579096014906, 0.004582535570687473, 0.5183049190573632, 0.6487774606428562, 0.690021157878263, 0.2818841034777414, 0.991593800971807, 0.7708966356986335, 0.06540312102541655, 0.0002254722360307255, 0.011759384021020875, 0.408276140453644, 1.0536172539963318, 0.7635166817293749, 0.6748935873842861, 0.08791219323532835, 0.09221371342657197, 1.0120790056400921, 1.4927929133074211, 0.39526582726875453, 0.00765885843512737, 4.570838716747139e-06, 0.6697133890482798, 1.1183797668110886, 0.2912742455355695, 0.7057079482249193, 0.8111322210894674, 1.0831385682314187, 0.2818335589620958, 0.022769518038810485, 0.5603139968694176, 1.2077888798224308, 0.7179004934166275, 1.053707381361697, 0.4286059604229073, 0.013352778348088538, 0.0001910980412207912, 0.05828526793621004, 0.6093684684174716, 0.3247353505140052, 0.007427552224911461, 4.552392356170441e-06, 0.6697132911818902, 1.1176965547720366, 0.17690553788243743, 0.04552767946553096, 0.774656876947649, 1.0713134114638025, 0.5530661198453942, 0.5253600876890436, 0.03133531319375955, 9.940534368686086e-05, 0.027288232029610584, 0.5549997045427504, 1.0428714893911788, 0.40029525278791583, 0.5499096169399103, 0.6453049192391642, 0.7598772750100466, 0.7459422394041398, 0.26888291966928896, 0.004582599353230118, 0.5156268118972206, 0.434622581462838, 0.01682994704217362, 0.0001433959174451946, 0.04862478379678369, 0.6700644804418014, 1.0285082802125214, 0.7909285618509231, 1.1082131582173982, 0.38677991633015524, 0.5681419777375095, 0.3866663598873419, 0.018813228133869816, 0.31526328635160733, 0.65351673111251, 0.8151422328402854, 1.5633134546598784, 0.6220312048749281, 0.02383528788788066, 3.215439315859047e-05, 0.5209376842156838, 0.7195014221874995, 0.6817990055915555, 0.5859739156668456, 0.4412669379866645, 0.017595727467761287, 0.00013637033209727562, 0.046481440152957326, 0.5850478907618102, 0.6881042309995269, 1.2400267926802964, 0.46393366049129936, 0.6028722939645316, 1.0340671829268002, 0.33235249462074684, 0.018837480202782267, 0.422167619176596, 1.1135625216310163, 0.43932107519567937, 0.013094830793645627, 0.5714844470957782, 1.0387359943869303, 0.3487995369445338, 0.018453906448185713, 0.4035589502889849, 1.115910056117283, 0.6898788094812625, 0.6794105522739802, 0.10015346998681651, 0.0005230921189618317, 0.0062257937858910305, 0.3510924900483243, 1.2181743851347608, 0.5780559910184827, 0.6930636358314967, 0.2732133116809381, 0.7099696478344748, 0.7302680488018888, 0.4244964719531057, 0.015418104156574294, 0.669757652830982, 1.145223822150587, 0.6874739693873669, 0.7396289956506463, 1.1396985260805341, 1.31799188762876, 1.1213882335242638, 0.2863445725292854, 0.6829333725693675, 0.1735253806533019, 0.0016647947069959909, 0.002181384639472892, 0.19578670835143785, 0.6775424334408975, 0.12386439102841505, 0.059088819016533664, 0.6093685943525433, 0.3247353505144143, 0.007427552224911461, 4.552392356170441e-06, 1.513938716844933, 1.1816544701551144, 1.3882496796753532, 1.2201909181532955, 1.1164021327269422, 1.6412835233965424, 0.699757015886704, 1.345031753247782, 0.7712629475755404, 1.8368406299778528, 1.1457012354223508, 0.4755358833735222, 0.020182005276565232, 2.5450584920718738e-05, 7.100615679676711e-10, 3.9765369262205777e-16, 4.2930691313779216e-24, 8.757178657492165e-34, 3.3371754940136746e-45, 2.359286550498535e-58, 1.3759151723940783, 1.8724073495955371, 1.892076213048693, 0.8657238353959724, 0.5983348920483422, 1.1125062137069466, 1.422683787587686, 0.6103920224590415, 1.3406871917032854, 1.7830804870358388, 0.6628091643322317, 0.6906595644146662, 0.1343172172794922, 0.0009558346958308979, 1.6512798462412378e-07, 5.927699959735655e-13, 4.165516882428039e-20, 5.57502478992796e-29, 1.4004113040817526e-39, 6.545162406216185e-52, 1.4160835131888578, 1.0486528343681807, 0.8135599570910401, 0.9189253584342686, 2.298689495884986, 1.40400159169751, 0.6039404245731125, 0.7431806923490389, 0.9407277179067256, 1.6046357885042613, 0.777336100248701, 1.2418121407829619, 0.5765933936032231, 0.015193452456530147, 1.3075873002912742e-05, 2.615614173740502e-10, 1.0635587610439814e-16, 8.354804248564288e-25, 1.2399181581114936e-34, 3.4361915482958244e-46, 1.2072358928514215, 0.9995589428065019, 1.5373739876666999, 1.3149833962961879, 0.708148767575597, 1.2822299443873473, 0.7027472878730826, 1.8394536959170673, 1.1510444738806074, 0.8111516194580545, 1.179093903456893, 1.3512997689863597, 0.18836438088916374, 0.0011092387778235263, 1.751720870706271e-07, 6.061625505506204e-13, 4.2001663090481097e-20, 5.592021165192495e-29, 1.4019719870666319e-39, 6.547824478449819e-52, 1.8177459538544964, 0.6109249537596645, 0.6995516621766201, 0.7248917012042129, 1.0215197689526212, 0.8972680502156027, 0.8259579958336092, 1.221135806655661, 1.8859957313811693, 2.4852784634607517, 1.7079596218698834, 0.26497809159023217, 0.002647177258605982, 7.759369699437171e-07, 4.954174935347181e-12, 6.269309074888705e-19, 1.5173669452868827e-27, 6.906029437649595e-38, 5.854597771111361e-50, 9.189862057596246e-64, 1.0158790037968954, 2.3210128679193573, 1.9467861060867906, 0.6480280793987749, 1.436809578817186, 1.0351384243353852, 0.5900560356819708, 1.0818522795084398, 1.030759433645116, 1.6106091692189173, 1.4661930073080676, 0.35461508972836253, 0.004847333169000439, 1.9782111281263105e-06, 1.8046045027190648e-11, 3.298479487783999e-18, 1.157810112341153e-26, 7.655310946727891e-37, 9.435921726326732e-49, 2.154583878554756e-62, 1.0003791399685085, 1.1556819159625475, 1.3611745067285246, 1.0892509023259427, 1.4608494039482265, 0.7009138758204547, 1.6345020251826996, 1.1436826582271424, 0.7043124150576591, 0.5570721477300735, 1.6732771396465707, 1.5216367054871462, 0.507313931983078, 0.019555757071488353, 2.3872437068954597e-05, 6.468369264330802e-10, 3.517209295960996e-16, 3.686128007771307e-24, 7.298418106133407e-34, 2.6994627586035653e-45, 1.1342268596145848, 1.1062270518393347, 0.6577748295340126, 1.7608992060160826, 1.2085683249591934, 1.2820097048094126, 1.269009322871211, 0.8288596014377209, 1.2962296680300054, 1.692576156093749, 1.906286994901908, 0.36835873711163725, 0.004858070337025469, 1.9783997701467055e-06, 1.8046112899991447e-11, 3.298479962922121e-18, 1.157810118646545e-26, 7.655310948292561e-37, 9.435921726398771e-49, 2.1545838785553688e-62, 1.6285565810723035, 1.4140962731256175, 0.6758978490217534, 1.7477450378711166, 1.4178511534048783, 1.0350472140546367, 1.88851226972368, 0.7028704036414852, 0.722578398249422, 0.9879093205233718, 1.4416743121430913, 0.6244547568583914, 0.03855273521384197, 8.14718009757989e-05, 3.9117242641849145e-09, 3.803578846596993e-15, 7.158406551532738e-23, 2.5509472039842463e-32, 1.7004085833963982e-43, 2.104465764412278e-56, 1.9212513182719075, 1.892168076681186, 1.4733521973592252, 1.0195229660205383, 1.134972841351571, 0.7729369746462418, 0.6384665188545541, 0.5928179713997865, 0.6968859971952581, 0.552687337322493, 0.9137043168130347, 1.822373468767867, 0.7744312419740503, 0.025311602145533914, 3.091023352588546e-05, 9.051999690986569e-10, 5.43054800517486e-16, 6.312106261332043e-24, 1.3880581862444364e-33, 5.704710092402156e-45, 1.4846419018937855, 1.3138979898747907, 1.0803877688056367, 0.801829535572861, 0.4650587450951083, 0.5556394391268359, 0.31168838764931645, 0.6454208224818619, 0.31474564084608164, 1.1475188562232805, 0.7300690172638423, 0.7798244726162321, 1.063559716581303, 1.3012110200585991, 0.909639282953721, 0.7211044553452719, 0.10829070971094416, 0.1283760881602177, 0.6789061434091002, 0.1901326957153985, 0.6926191127127516, 0.6333686861177324, 0.4371123155907957, 0.029762209804704842, 0.49812108390428866, 1.2319949670331702, 0.42290586048216244, 0.6863169303102918, 0.27521966962977934, 0.9516573995028053, 1.1236868791824586, 0.7233695752702637, 0.2667865528697905, 1.1453483759320089, 1.2123316147201633, 1.0001601830018558, 1.3182169140339302, 0.86012212260406, 0.8189432116528043, 0.4340900890279615, 0.6642528489283053, 0.271756030340791, 0.6838033738872731, 0.15939947791437492, 0.10081168322621717, 1.1964105054715408, 1.7573951990558199, 1.2556741930103232, 0.8950024298215401, 0.7418848782593342, 0.6515236992024059, 0.45832679608462795, 0.6400100551171459, 0.3310656887410851, 0.6742250081221178, 1.255150092448054, 0.955383448289062, 1.067353419554716, 0.9301201134948058, 0.09022116910131522, 1.0465290816721013, 0.6858849340385279, 0.3602518381076614, 0.8097104598744244, 0.7396737299504641, 0.2360840744643902, 0.6727246343232425, 0.21376900441842836, 0.05888821120303594, 0.6088645807886006, 0.6139044650380455, 1.1858853221398267, 0.5753242720216111, 0.8222551467791142, 1.264113990373767, 1.3717585841153828, 0.9349729546896521, 0.8181491110573711, 1.050334843973232, 0.649670409067052, 1.1376688058697115, 0.9830714485797852, 1.280224379440446, 0.38487699776428747, 0.6102632969956682, 1.0638374208631827, 0.8293013149535582, 0.46744827436267805, 0.5214685630076459, 1.1250773149615716, 0.44588688918718544, 0.7183862218274865, 0.868486495620992, 1.1504516054255876, 1.064877011780909, 0.867596446361138, 1.117873985229693, 0.11916599625456716, 0.0005427465823566927, 6.474861226256853e-08, 0.6683372747454812, 0.4030164308041718, 0.635846849965493, 0.07448763965351798, 0.17811242589366622, 0.6819441515631646, 0.25673150052117055, 1.1379361630448892, 1.2078961314646945, 0.9253033457262501, 1.3103185938141437, 0.9934404382931058, 1.1155626514849144, 0.29566102105592396, 0.90211841553064, 0.9283214690290748, 0.66464921544739, 0.8495006019490091, 1.0709762919409456, 0.46195826930381967, 1.1388206763652378, 0.9440849172397378, 1.0960596838818935, 1.3249873788131343, 0.3163525550276339, 0.8438616407113214, 0.9796362455064509, 0.113009700780587, 0.1328631437156126, 0.8853090550329314, 0.974860628635666, 0.791761550615807, 0.29202531468320075, 0.6535114265985102, 0.5813654522097352, 0.6384820109504499, 0.5876015096061898, 1.4812343838628776, 0.89250497356393, 0.0877354800975189, 0.6629497819403017, 0.11727567738291575, 0.11862054469321728, 0.6873221032402246, 0.5964532193410272, 0.8800128589088403, 1.6331277004880445, 1.3794602597632055, 0.8791803247170995, 1.2350201180738798, 1.2930551418577687, 1.0819098343210571, 0.29836155181337887, 0.65284574120118, 0.3031739433478005, 0.7343576371143875, 1.0696852798589243, 0.39913935398751305, 0.6622804975604049, 0.09543229555614259, 1.0465268535784775, 0.6832473387618918, 0.308105181442914, 0.9242521850993561, 0.7364785660345584, 0.44269189969447487, 0.5854199312553469, 0.3446871270984886, 0.7918531883170717, 0.7513707869077408, 0.15167321357399405, 0.09154084796374354, 0.8270313786738583, 1.5204711265400124, 1.3834266738486751, 1.175168327861645, 1.0146120788445734, 0.9335994802805103, 0.9533313467256078, 0.10108862658485517, 0.7773936985680405, 0.9716192624261839, 0.9841173660144353, 1.0638358815160907, 0.9026470970533501, 0.2974037599607381, 0.7921887897566546, 0.7887071112472857, 0.40022642000244535, 1.258746635182939, 1.3492995800707281, 0.8018288589353686, 1.392985283490901, 0.8593581458950276, 0.13860772416198694, 0.10060669280296224, 0.6645218703245116, 0.2822249820253871, 0.5929363734769687, 0.3500115524479096, 0.8892643560563273, 0.9760849605233207, 1.3243406221796856, 1.6959182947218254, 1.4361192712903375, 0.7579373081971051, 1.432666161213536, 1.445949251627318, 1.2108944470307303, 1.354340360155846, 1.3252726329581677, 0.930729010169451, 1.147388046587525, 1.618772492568916, 1.5786029238239936, 0.9980914746982402, 1.4863322573038675, 1.4144788038845693, 0.5617287132998904, 0.02168020833620098, 0.9227193231135663, 1.3117250583563094, 1.2911154633972863, 1.4199577357608941, 1.3130238826886322, 0.8398922394619077, 0.8685992487406412, 1.2873507130214896, 1.3313340266389284, 1.6006732970048128, 1.5786828282843461, 1.691698786799741, 1.6024937761910252, 1.6267138227225275, 1.4521935436025133, 1.041847460291652, 1.07960096263351, 0.6346846674750994, 0.6405965829284662, 0.07132177594360464, 1.4922439842518982, 1.5078671489411108, 1.0626810182881554, 1.2117467190733842, 1.430957508554897, 1.4981264861195847, 1.4660636047314435, 1.3813848017160395, 1.2919909778912335, 0.9424198651236712, 0.8566859555230126, 0.9893819204445063, 0.8745267544506495, 1.4838975201115316, 1.5927656180453091, 0.7376980127054751, 1.424110713749932, 1.6484531266846532, 0.597704386715261, 0.020385557682559827, 0.8109979576415282, 1.36139626160541, 1.37424893550668, 1.0989839853638816, 1.4899896721497583, 1.5831285052829187, 1.4541717381705002, 1.1014423466280898, 1.4348642038303985, 1.4185939538646872, 1.4641618026565633, 1.168606676445849, 1.4823960948996144, 1.1903152327945064, 0.7140378154315257, 1.1572792156359992, 1.0429370164987155, 1.581499576645455, 0.6538175150582679, 0.028368112432462813, 0.7950254788713932, 0.935990219897107, 1.3721367017246036, 1.5788590659403352, 1.3988413374848212, 1.570264512537708, 1.4896880225349671, 1.377266419079714, 1.0560438352428934, 1.1781453854502042, 1.4533669881010935, 1.6165917226641864, 1.4600192907087903, 1.05672537450775, 1.3640837836621271, 0.9468103436728484, 1.083720621832948, 1.2246366647914786, 0.6120941382129096, 0.04061400815775027, 1.4208977420632085, 0.9976735529279344, 0.8445160553496679, 1.463332712986364, 1.0786456403238465, 0.9739040448348945, 1.2280379215188915, 0.8738170244821843, 0.85614494785382, 1.3420741442120325, 1.583190960948361, 1.3767627655022863, 1.4664379692379064, 1.668728672615488, 1.605965916335348, 1.2331559998419277, 1.243705619312445, 1.3280105446384587, 0.8523982154084828, 0.06964080889476262, 1.1607242067636345, 1.1473360838794593, 1.6526113724582592, 1.6239233443185443, 1.4666976939338716, 1.2927468355281533, 1.2294523007369584, 1.2580084633659654, 1.2730995421197102, 1.0191077076772557, 0.645278267053444, 0.7954476038890114, 0.8337965470807556, 0.9830177440900393, 1.5451043080799927, 1.4499185894750641, 1.6343742447296468, 1.617051283860428, 0.8769738581782485, 0.06434025647114851, 1.4016147952826585, 1.5679562254648114, 1.3658180472812702, 1.0075801861031708, 1.1882649109757268, 1.2063633677028598, 1.5328087710487803, 1.4089403913548562, 1.2772112262599347, 0.7410038623366225, 1.2518231605066945, 1.5979467962490665, 1.2524622458945494, 1.433190129573318, 1.6381227462054941, 1.3447340415701432, 1.0996671522744108, 0.9966628379911681, 0.21023727739041667, 0.0023846691003053385, 1.2731929946903144, 1.241308188886546, 1.720387051086704, 1.49906229350753, 1.387332202866699, 1.442014236136238, 1.2614003924782062, 1.2684594381180907, 0.8523511498208054, 0.679792649040704, 1.0407423254783792, 1.4388820652002288, 1.1986307434789976, 1.702107871315334, 1.398688397425669, 1.4267981258872091, 0.9939677754064769, 1.2502736711893396, 0.44369523064945476, 0.010660336320767105, 1.1622087645118526, 1.0988833432797884, 1.5990761520602748, 1.5759041845717319, 1.469813289066039, 1.5611779505391934, 1.469001646257633, 1.1390019049754647, 1.3042066183813634, 0.9960473065240131, 0.982785265427519, 1.3099583400848296, 0.8682195427240771, 0.9122870485980058, 1.3677327526684186, 1.2217016598170871, 0.9424891397616055, 1.5506994501612918, 0.958808653142517, 0.07889193575304962, 1.0910000814648924, 1.2330618076353805, 1.3674653075826866, 0.845219585622681, 1.0357282511416965, 1.380478070265758, 1.2394053460953616, 0.7632989568307257, 0.6436791154750725, 1.1942844479166557, 1.3812566464804796, 1.3106923709040657, 1.3990655239082452, 1.1821441464205458, 0.842103339384974, 1.4182075238943683, 1.5270893556102116, 1.5764794299188611, 1.4372849005888153, 0.564237807448625, 0.9845667172115434, 0.6445326522134446, 1.0419290425713794, 1.323028427081612, 1.1913379200638687, 0.8881319086278974, 1.4629885827177658, 1.5744077760366266, 1.5416610261244323, 0.8752680086462316, 1.005989200855045, 1.4097760253192106, 1.27484431459407, 1.3027788453169684, 1.4077840108044868, 1.5966588791681884, 1.3247614553084703, 1.1760713429028125, 0.7687921431986647, 0.6163508028556821, 1.1228095031932923, 1.412286493816235, 1.3037207659507808, 1.3357482203614148, 1.5120371257559353, 1.3067306438954929, 1.422553241857432, 1.432596320063814, 1.325501269926789, 0.9986131598583377, 1.5454929696234592, 0.9104139203782302, 1.0321917250040915, 0.8127855512279573, 0.8354591584281275, 1.3150947471603185, 1.3439586641052916, 1.1270233433851462, 0.7034312917744181, 0.6120900057538371, 1.0551605180954826, 1.0256961838956256, 0.7256513079318284, 1.3322686866557791, 1.6155043508751488, 1.4585224358734297, 1.0879032451841126, 0.8880350162737246, 1.3816638701908457, 1.3804633501839636, 1.1787432927770178, 0.6397751722859171, 1.251235315908513, 1.6381604572635413, 1.6765868348764124, 1.359693491321871, 1.2836074232262458, 1.3870817730830127, 0.9701466018473259, 0.13072873656146333, 0.7710341903598061, 1.1810786353572527, 1.4077772532049044, 1.6207427586843204, 1.4245001940210615, 1.1447903578316534, 1.2234515415287222, 1.2878688109160197, 1.128809771989673, 0.832724216371662, 1.4746048929841775, 1.264345061456017, 1.616964539574133, 1.1205644731463695, 1.0243578154210422, 1.499713868871113, 1.3481403319213576, 1.2957357833717982, 0.7714886173389857, 0.06004930607137516, 1.1451929976941828, 1.3421785308274359, 1.534830371122587, 1.464655833074981, 0.9062695976720357, 0.7110757797708033, 1.1461335753505197, 1.3115684180130247, 1.2591794934699712, 0.8134724685241076, 1.347540024623843, 1.610301550773678, 1.2403724090079438, 0.8045154376647201, 1.1176385664752406, 1.586478088321198, 1.5307236112755236, 1.3738587473350035, 1.0572966329842493, 0.15534370495521233, 1.2428854520883006, 1.0441110118433854, 0.6666902577498152, 1.1966529677948952, 1.6180406511631276, 1.7550673873052958, 1.3581054814188973, 1.1579074207168207, 1.2125029913475591, 1.4340680436628548, 1.609691596960945, 1.1082233442951825, 0.9494853550641345, 1.363955266228757, 1.179361775677512, 0.7954218593470105, 1.125843949024114, 1.397205162608067, 1.0644792769866396, 0.1554575174139567, 1.1280496834697056, 0.6431519199207859, 1.1825294491817169, 1.2181490395585708, 1.464674334221532, 1.4601898793638863, 1.1290175904938808, 0.7990407773122818, 1.0093136037977901, 0.8799977364944227, 1.4521821402749582, 1.4738217182937077, 1.2113783440030377, 0.7329669879435973, 1.1637263162116631, 1.3053695078631624, 1.7150382325361264, 1.662716421324236, 1.3029812703669004, 0.46554910768501034, 1.3044864000743666, 1.5769260404668721, 1.1890135793548533, 0.8259325930123921, 1.33927978833361, 1.1752746525301458, 0.8830236371974756, 0.9326094005621633, 0.6380893997508219, 1.2023607846539934, 1.337377154362771, 1.27175554924953, 1.3732324952652202, 1.3249839439307816, 1.2754242290663986, 1.51707190080723, 1.166960004983463, 0.8968769116241251, 1.3642172565322626, 0.7652830005892616, 1.1932707781622913, 1.2871191139415867, 1.5495908018805595, 1.4502803025772695, 1.315416836188506, 1.3106898405099736, 1.3348888353742348, 1.463912038576857, 0.8582520117762823, 1.4034209803459028, 1.2629760711200222, 0.9078522281171654, 0.6442600698825991, 0.8003171067852441, 1.2043903401300269, 1.1523089469010168, 1.3028952540735406, 1.6918906465604007, 1.163244152548467, 0.1370909202898351]","[0.00511040864400569, 0.005419027122600569, 0.005331745464574067, 0.005963561290373991, 0.006926615564222841, 0.007504646119971517, 0.007912978027529362, 0.00814998394444905, 0.00766717669521889, 0.006041078303162256, 0.004747173401943112, 0.003860875406592285, 0.003583288720644277, 0.0037548610085662566, 0.003842565162610294, 0.003597158908630293, 0.003878415515322927, 0.004021658689032927, 0.003962933683363031, 0.004226966647733888, 0.0029511141427779703, 0.0027350465556014187, 0.0027979595093068597, 0.0032661075065256173, 0.003506377625845604, 0.004272118278244339, 0.006108594098984301, 0.007810194018455468, 0.008991005550963587, 0.010073141234153116, 0.010512391910596518, 0.009942305956114842, 0.00894025306012061, 0.007721338725232809, 0.006302588568604701, 0.005126554866655843, 0.004619843768632498, 0.004434112475171976, 0.004425162353044613, 0.004846172310198242, 0.007502208547402122, 0.007461876939802535, 0.00701882719274091, 0.006664988175049554, 0.0050753047414499285, 0.004120799965911285, 0.0037659653837007487, 0.004070801125752335, 0.005068367014436263, 0.006152849426780056, 0.006549906385695046, 0.006486728406234579, 0.005974441005689925, 0.005099869039679904, 0.004031368838125306, 0.0034343162706356426, 0.003677861797243083, 0.004099270440607497, 0.004366687620396587, 0.004984731410047946, 0.005334998506165918, 0.005230951384786841, 0.0050159920477311085, 0.0052393105685481865, 0.004581658405948835, 0.0037627986602117385, 0.0033032949765942833, 0.004297211263552464, 0.005538193717581448, 0.006656578058454623, 0.007785116192006016, 0.00852544311959706, 0.007628329210764488, 0.006034417398253606, 0.004707979285036527, 0.004532834703784815, 0.004839171735718675, 0.005424641753755842, 0.006128272856775343, 0.007130352736515916, 0.003273550577441845, 0.004326824459533871, 0.0057894654832587565, 0.007083515894574061, 0.007851408201930681, 0.008482071299969316, 0.007930831298126629, 0.006302166451376303, 0.004817032014755748, 0.0037282352656414558, 0.0028788863600283207, 0.0032072253143479025, 0.004294532170790876, 0.005540925004198893, 0.006710266568091021, 0.007901896656422314, 0.008233997533586336, 0.008148079003025579, 0.008074409886844476, 0.007820212006517346, 0.0051502694889886515, 0.0055186935220704674, 0.00549603327117674, 0.005736166126907699, 0.005265843751488611, 0.0042413527691077665, 0.003540817374281961, 0.003434219287821275, 0.003536651194231323, 0.0034702009805893073, 0.0042173318654385025, 0.006052379741428442, 0.0076038093684894295, 0.00914045117720816, 0.010963475677627808, 0.01206607640431416, 0.011485322822822367, 0.010833091770810805, 0.010406028523983809, 0.009598428819628187, 0.007979638672897202, 0.008262866443114402, 0.008175626795520327, 0.008395461142614254, 0.007107114207682784, 0.005559770110463351, 0.004297859709953286, 0.0035817294325329184, 0.0029910135221861843, 0.0027961186309869404, 0.003034454594888348, 0.0031500081191152933, 0.0029377628632624195, 0.004448957055920641, 0.006293752729071815, 0.008053933327156088, 0.009938012398694055, 0.011890624539790576, 0.012284784784785044, 0.01203908908908935, 0.003311714451763427, 0.0034793230424769277, 0.003423950426348376, 0.0038539206012631476, 0.0052691256661748466, 0.006359958794333336, 0.007058530062361479, 0.0074508407749870765, 0.0070560486985518705, 0.005236969697605158, 0.004216850761213494, 0.004408628783919986, 0.0050854190201526156, 0.006206305590615505, 0.007658532134738352, 0.008602626447591088, 0.008781176176176396, 0.008917492879027626, 0.009049881065737883, 0.008931831831832101, 0.007502208547402122, 0.007461876939802535, 0.00701882719274091, 0.006700104860290427, 0.005455789137663744, 0.004955004805694127, 0.005114993859173727, 0.005391368469640053, 0.005668274001096181, 0.005390971690822031, 0.004524934089243453, 0.0035478494874139057, 0.0028798848493452275, 0.0030450450789022056, 0.003626092065596659, 0.0045674937744713505, 0.00545859556103107, 0.006330375946633353, 0.006676693445136454, 0.0069604950102527844, 0.005509032174590959, 0.005522354560143485, 0.005314948384054279, 0.005301272238617199, 0.004396063207666862, 0.00356556911868104, 0.004229746848781199, 0.005573945666904318, 0.0066901055831088815, 0.007650713991072481, 0.008313878388576511, 0.007393952488748602, 0.005750500817711521, 0.004664323890493105, 0.00422985180587509, 0.00415275628493344, 0.004412754963399406, 0.0049228104841135545, 0.005227790516037903, 0.005126375699685766, 0.0018359027702739624, 0.0020721914256115787, 0.0020288274821968844, 0.002180729728199122, 0.0022128645052373855, 0.002362194382819008, 0.0022985043724977165, 0.0022617473250161396, 0.0028189182973648863, 0.006411704045733464, 0.010437939578340485, 0.01448780152617333, 0.018702053614345016, 0.02214805285285287, 0.022605105105105137, 0.022605105105105137, 0.022605105105105137, 0.022605105105105185, 0.022605105105105133, 0.022153003003003043, 0.0025761132246262222, 0.00245629736616091, 0.0023721762068931863, 0.002356697581222028, 0.0022105141038218103, 0.0020045327408111826, 0.002005389706135985, 0.002269686766143637, 0.002645712938015033, 0.005328634964730161, 0.009431945598730685, 0.013400066445497696, 0.017133845569435452, 0.02065972972973007, 0.021810560560560882, 0.021810560560560882, 0.021810560560560882, 0.02181056056056093, 0.021810560560560882, 0.021374349349349675, 0.0022114324665592827, 0.0022547728349082466, 0.002038396402440203, 0.0020251896939326997, 0.0023447223697200155, 0.0022860721515980606, 0.002501925883829326, 0.0028166958958508264, 0.002682549113991745, 0.003088820595364026, 0.006495434835530906, 0.009913724272907614, 0.013425245617940479, 0.017093463351743398, 0.020146905905906308, 0.020399149149149563, 0.020399149149149563, 0.020399149149149608, 0.020399149149149563, 0.01999116616616658, 0.0017804902070744425, 0.0018528702677079087, 0.0019397413692860024, 0.0021693785898015965, 0.002383517477828636, 0.0027321431091276343, 0.003008075048295174, 0.002920162765301279, 0.002669321309432535, 0.004722137640232934, 0.008383741108967549, 0.012019071997649478, 0.015977621123327162, 0.019971454443820848, 0.021561561561561804, 0.021561561561561804, 0.021561561561561804, 0.021561561561561852, 0.021561561561561804, 0.021130330330330578, 0.0027004557388835442, 0.002927144449232506, 0.0026785353463951896, 0.0025042652169407612, 0.002255827768267311, 0.0018283495166343364, 0.0017007716666766993, 0.002169563129646434, 0.0026454916946330917, 0.003978082077380851, 0.007657207157087374, 0.0112153151467574, 0.01454017269370625, 0.017884534534535316, 0.0204112149649658, 0.02056181181181265, 0.02056181181181265, 0.020561811811812696, 0.02056181181181265, 0.020150575575576406, 0.0020293002241479744, 0.002147247681175908, 0.002065084304769486, 0.0022222734510215034, 0.0026931722918065865, 0.0028303415164067573, 0.0027235918938604883, 0.00283516779625621, 0.002465855466672951, 0.0047097550047482456, 0.00856904806830475, 0.01256663531303681, 0.016451925668674656, 0.020458590751990365, 0.021810560560560882, 0.021810560560560882, 0.021810560560560882, 0.02181056056056093, 0.021810560560560882, 0.021374349349349675, 0.0024916521913158035, 0.0022272673909178977, 0.0021908250278970336, 0.002214193656825961, 0.0020260826826923486, 0.002316650104206916, 0.002433658813239859, 0.0024197388696373945, 0.0026011798986664324, 0.0061935277953108275, 0.010097217505488835, 0.014246134047861632, 0.018372877785665074, 0.022098088046428592, 0.022605105105105137, 0.022605105105105137, 0.022605105105105137, 0.022605105105105185, 0.022605105105105133, 0.022153003003003043, 0.003790099579786151, 0.0036479610353873327, 0.0033215277821301756, 0.0028253745544590926, 0.0024200961536324514, 0.0021561107049184796, 0.0018667687502871143, 0.0018082640490404767, 0.0018966872145422646, 0.0026430571637461957, 0.0061046586126446735, 0.009910321489647022, 0.01368555157264739, 0.017437562027940817, 0.02038517892892976, 0.02056181181181265, 0.02056181181181265, 0.020561811811812696, 0.02056181181181265, 0.020150575575576406, 0.002095759383124016, 0.002016813498124175, 0.0019183955153617201, 0.0021109122175389885, 0.002164508308535729, 0.002156577147190289, 0.002224536038985954, 0.002275226276543344, 0.0026885370948032325, 0.006276360592475109, 0.010265698956765722, 0.014386387457203428, 0.01855550004660316, 0.022128824024024083, 0.022605105105105137, 0.022605105105105137, 0.022605105105105137, 0.022605105105105185, 0.022605105105105133, 0.022153003003003043, 0.001864112588150814, 0.002414117486704836, 0.002646737201543754, 0.002677685171983043, 0.00262428209167259, 0.0025952444834626584, 0.002471957773707521, 0.002526320795097599, 0.002581874211698529, 0.0034827157955434115, 0.006990535297707339, 0.010453660459937831, 0.013844671581789921, 0.017562660621539286, 0.020482254854855338, 0.020636886886887376, 0.020636886886887376, 0.020636886886887418, 0.020636886886887373, 0.020224149149149637, 0.002024195766978391, 0.0026807233702822123, 0.003242991459960836, 0.004026467954397678, 0.00461231545207434, 0.005045284364478903, 0.004766044376044619, 0.004226924449428918, 0.00384098376010581, 0.0033591499084166783, 0.0028022835666524732, 0.002635997213664321, 0.003024493971974422, 0.003826164628998521, 0.004837344619105879, 0.006037362767253454, 0.006986668957528832, 0.007290806499807539, 0.007187373187536347, 0.006787144403934412, 0.002976410362097001, 0.002889186859860977, 0.0028089529313273793, 0.0027396730567376387, 0.0024849282415413745, 0.0022944433829822043, 0.0023643873590273807, 0.0028198337604954005, 0.003104703189437819, 0.0030222961812034254, 0.0036015893983634196, 0.004412798722055771, 0.004617999101680883, 0.004769090236342176, 0.005085665935070689, 0.005242052810353002, 0.005188620179542133, 0.0053654403510141795, 0.005667098903283598, 0.006137523275598288, 0.002236107800121647, 0.00246479085377949, 0.0024881422845418407, 0.0024039463430215167, 0.0025501121392347164, 0.0033777119715083263, 0.003804893074942359, 0.003951187908988665, 0.004189100581341507, 0.004428985845706607, 0.004094718114475011, 0.0038630150258488504, 0.003858892200634108, 0.004245684702086959, 0.0044053478876950195, 0.0044858577588818855, 0.004849839419518692, 0.005385158034990746, 0.005583173926570382, 0.005578160874950531, 0.005897814642932805, 0.0062584787928498175, 0.006310219275692624, 0.006403478286799205, 0.005862027775215164, 0.004946355694773279, 0.003935286325676464, 0.0030127625098281376, 0.002447227418608435, 0.002196418862953701, 0.002375524986214076, 0.00301141451697624, 0.0036619860281452946, 0.003990469262901953, 0.003949016910419169, 0.003508730664436277, 0.003154588225479758, 0.0030582345150354674, 0.002935384272364838, 0.0030276640401009592, 0.0038663285878286807, 0.004193066799665516, 0.004126113646392986, 0.003949799663904012, 0.003955266727313319, 0.004294320438604995, 0.004244234994339469, 0.004067096360922158, 0.004222765591798078, 0.003908676421380186, 0.0029636192306937903, 0.0028275263125398507, 0.0029986134382698304, 0.002882336501846188, 0.0028534704048998544, 0.0029755173370178446, 0.0028816120061963455, 0.0029914523807853598, 0.0032269064785997196, 0.003332813685386515, 0.0028055750608541115, 0.0027515261966931815, 0.002739851122180504, 0.0028801766060681626, 0.0026337670693405944, 0.002604302414337169, 0.0025213463535064657, 0.002353283989327972, 0.0025100955216853884, 0.0029049245024929883, 0.00317164689671643, 0.003805839332924507, 0.005024403656117192, 0.005825234879706411, 0.006506727566804976, 0.007289052086581275, 0.007708407076344257, 0.007623343488231702, 0.0075228409326203935, 0.007226241661322523, 0.0030532592019360924, 0.0030658750371500574, 0.0028418348753404595, 0.0033076439473630867, 0.0037322703372041893, 0.003940121135562728, 0.004229672328345254, 0.004529475947848087, 0.004131071268338163, 0.004208092404486073, 0.00451100655494223, 0.004674505628141226, 0.004744231388037663, 0.004661343568975924, 0.003831500554884237, 0.0029757307636486363, 0.002865244418820916, 0.0030979440136543373, 0.0034134584543407246, 0.003931826662888343, 0.0026345518737726768, 0.0030330368896295977, 0.003132773091704965, 0.003031893328443126, 0.0027915443007223537, 0.0026617491437219702, 0.0027496254538667063, 0.002728882284848945, 0.002922697335641481, 0.003282536894250379, 0.0033722666262979684, 0.0029818523385433406, 0.003743295091155941, 0.004798524421507034, 0.005687882514524273, 0.00660435576227268, 0.007530253464191338, 0.007582629484710313, 0.007469714255587306, 0.007155640909845904, 0.002698974614064816, 0.0027061049039934387, 0.002709402521744573, 0.0027810030071363533, 0.0027331731925535853, 0.002438001906536341, 0.002651716680461915, 0.0031303315549603117, 0.0035255309683091757, 0.0035604787675268417, 0.004028930377685911, 0.0041590624492789325, 0.0039083803904359496, 0.004355114108923392, 0.00532161349049539, 0.006015897699141591, 0.006701489733697181, 0.007137268666021485, 0.007292977418499267, 0.0069366737917647995, 0.002164999216528356, 0.0027475810041665875, 0.003099309298470713, 0.0034146856233232023, 0.0035574565560714073, 0.003901559790318961, 0.004489186634413117, 0.004934911870130495, 0.005379983305529058, 0.005775425922311848, 0.005340948900238929, 0.00467197344444399, 0.004323982577806402, 0.003939653607684222, 0.0035644972294468836, 0.003419655404356336, 0.003219262249360188, 0.002821361912583748, 0.0026069191334518035, 0.002598389462152334, 0.002075237098457281, 0.001948273758365338, 0.002093964913594145, 0.002098019854274012, 0.001973569896351876, 0.001985228287725825, 0.00210893997790661, 0.0019470776212721403, 0.0019153249895273658, 0.0020988344948881833, 0.0021262727311820396, 0.0020060848955772313, 0.0020520289025818092, 0.002050207148735916, 0.0018471746678666166, 0.0018767619812559237, 0.002507608546906824, 0.003065836533640453, 0.0033578555920564628, 0.0038535702148231473, 0.0019968088791820285, 0.002166592991059595, 0.0022972020121896186, 0.002160119285465132, 0.0020493495393437713, 0.002164638996688277, 0.001983695156779755, 0.0017308989078503752, 0.0017265196413183612, 0.0019050392559245167, 0.002103139923465206, 0.002231130157852271, 0.0023224868051628365, 0.002364147942903308, 0.0021760779521109706, 0.0019771049506049207, 0.0023599791904215495, 0.0028912806819264875, 0.0032339284259329834, 0.003668510684901779, 0.002116494667074005, 0.0020785618793457317, 0.0021288068185127094, 0.0019373813378603239, 0.0018127404449606794, 0.0019078263835436294, 0.002138410666699091, 0.002262924808261091, 0.002416680052034229, 0.0025054942214785716, 0.0023879294037480515, 0.002090776535912165, 0.0017911861664128038, 0.0016362536534029796, 0.0015580418884935784, 0.001800143323050484, 0.0025337869343461683, 0.0032862828863346595, 0.003742013543357057, 0.004360093224532576, 0.001592020420669424, 0.0019130950448404756, 0.0021465891943379728, 0.0022314441898082203, 0.002349196877817661, 0.0024146239078140586, 0.002280494925019335, 0.002024091035567511, 0.002043405440658929, 0.0019871778683062695, 0.0019145039865875852, 0.001909187787266777, 0.002159606009650062, 0.0020617981013063887, 0.0019638841194731735, 0.002063276930725853, 0.0025867704652767992, 0.0029800196209724132, 0.003371026453768952, 0.0039237071306013034, 0.0019245681849818696, 0.0019140863401108075, 0.0018728652469513925, 0.0020178577040280495, 0.001975630499823463, 0.002003126119108676, 0.002045305316737252, 0.002054051941409005, 0.0019379569147298635, 0.002014572267454024, 0.0019633010971237407, 0.001957360529250408, 0.0020790319037531407, 0.002036216680573794, 0.0019787855500721587, 0.0020599062909062806, 0.002462667780893857, 0.0028779814134516283, 0.0031382840598673262, 0.003463102011444142, 0.0019198867905445087, 0.0018910397198050547, 0.0018582404060777358, 0.0017622807851890268, 0.0016279902953090892, 0.0016908222129240903, 0.001813989602304126, 0.0018786707778837965, 0.002131266241107441, 0.0025107294458148435, 0.0027502238785328766, 0.0026953730261714513, 0.002643660608750227, 0.002427946184878041, 0.0021142289684368946, 0.0019710654939986863, 0.002275988614583197, 0.002745345182442897, 0.00301448160070829, 0.0033072738240127134, 0.002026415671146423, 0.0023800255797339505, 0.0025697350423438494, 0.002580253053739795, 0.002516765171210163, 0.0024841608176763316, 0.0022186701024718863, 0.001986773933263438, 0.002031405114860788, 0.0019833363975533167, 0.0018792932627676657, 0.001867418650259255, 0.0018776317954518906, 0.001763694640280318, 0.0017659459603646486, 0.001806106599338248, 0.002215123541286755, 0.002705548586383748, 0.002998947945253942, 0.0033779866930799822, 0.0019254568340402354, 0.0019659211262842724, 0.0019439660038868584, 0.0018315162897364519, 0.0017448836299488498, 0.0017031861449418228, 0.0016824068763053792, 0.0017684950995512801, 0.0018414170557257035, 0.0018967037745030737, 0.0019138681718522173, 0.0019315077175965638, 0.002032680573050805, 0.002317418423170265, 0.0025079217861677257, 0.002597837855226158, 0.003092497709126355, 0.0035056431274239136, 0.0035795006712454817, 0.003741234703100907, 0.0017748431613953063, 0.001886160478712606, 0.0018128274534691313, 0.0019240326109561268, 0.0019815701226729237, 0.001821895466885678, 0.0018205381738633348, 0.0020704144781378557, 0.002086950172519619, 0.00217328973479854, 0.0023303576178024094, 0.0022847826475598495, 0.0020362198481570074, 0.002082352744165686, 0.002194840092357447, 0.0021764411083231468, 0.0026627256596194714, 0.0033007322113451096, 0.003590977885519413, 0.0037466236671122016, 0.001878231493961105, 0.0018445833073174015, 0.0018715581295069153, 0.001859384207635196, 0.001756322920735198, 0.0019087176112799714, 0.0022314248867511713, 0.0023688873372749164, 0.002431730130775085, 0.002387201803513087, 0.0022670293351354683, 0.001978369996111982, 0.0018264722794697997, 0.001944342558849859, 0.001949424828271135, 0.002182674145248339, 0.0030238221316874043, 0.003827480559614738, 0.004250408217058232, 0.0050225273827209475, 0.002052104440807424, 0.0023059937862737823, 0.002259982973465088, 0.0021842547334470067, 0.0023552268226950416, 0.002612854539499981, 0.0026249679610735486, 0.002572434720076515, 0.002604496563520079, 0.0024206708335391364, 0.0020858014586721376, 0.002004008983815048, 0.0021470058808186108, 0.0020720371831115187, 0.0020637629020622346, 0.0019872882776197907, 0.0018522488004950315, 0.0018140660102403134, 0.001888823095629829, 0.0018956889342744477, 0.0022907975425950303, 0.0022698478209535774, 0.0021390725208794035, 0.002151185820510806, 0.002204685798210211, 0.0021507748133969447, 0.002212072742835609, 0.0023408788042718594, 0.002368990504805798, 0.0024326697721450932, 0.0023584295987618014, 0.002206190733025379, 0.0020892759933489945, 0.0020116559418216495, 0.0017918077029241836, 0.0018825708766850272, 0.002247111112012729, 0.002514024566919784, 0.0027346409907467424, 0.003056344000116424, 0.002214313745432565, 0.0022147526824370964, 0.002140479976999071, 0.0023968978713678475, 0.0024408689622166337, 0.002234882422625271, 0.0022205498193311928, 0.002265310014115739, 0.0020069453154143995, 0.001838581211271148, 0.00195102620875554, 0.0020974448308310337, 0.002097064766453334, 0.002163327110547863, 0.002355676803764105, 0.0022543731189342076, 0.0020758277367136225, 0.0021449150610018484, 0.002194918160826331, 0.0019878286949322295, 0.0018308073911386213, 0.001865956958721142, 0.0018783454633828406, 0.001818884239434082, 0.0020226506735525358, 0.002169846152947581, 0.0021261757996348858, 0.0021319180177494955, 0.002166879936636973, 0.002032024319015245, 0.002116470038735047, 0.0024242307876920924, 0.002518033864680571, 0.0024640241800764993, 0.002405773359191892, 0.002130133108476312, 0.002112175951713102, 0.002410315939525154, 0.0026457719070035524, 0.0028862671072560206, 0.001625984682289263, 0.0017358700000540226, 0.0018316224793776422, 0.002142514968030597, 0.002301491844076685, 0.0023041974404645646, 0.0022360382198469, 0.002329084037323288, 0.0023854953376512542, 0.0024370395182495693, 0.002549521414391076, 0.002620075316369504, 0.002593237266547655, 0.002405895498279673, 0.0021616737106537405, 0.0020868039861702266, 0.0020736792621732733, 0.0020610388380258955, 0.0020032818862224934, 0.0020606380987852873, 0.0017851714530999442, 0.0021550663497638335, 0.0024200302937700748, 0.002689094940632595, 0.0028185630194612265, 0.0027406976156269676, 0.0024595800883276567, 0.002170023282253826, 0.0018693058700970048, 0.0017546332000624553, 0.0018213283227451458, 0.001790586523647378, 0.0018009986658722563, 0.0018854359729533208, 0.001953570913906829, 0.0019905199554800653, 0.0024280207621917983, 0.0028993272802967417, 0.003143876618575266, 0.003376087514935297, 0.0016388720528979688, 0.00173421909583693, 0.0017627669956661693, 0.0017345338964787568, 0.0017981062529452308, 0.0018729534432824566, 0.0018098161657229082, 0.0017734736005213113, 0.0019790884802937028, 0.002085424361596585, 0.0021412981258403536, 0.0021862420060224513, 0.0022078905451720426, 0.0022149798277079024, 0.0024495400604778493, 0.002779165093240932, 0.003189586278471, 0.003610384224061557, 0.0038105943535548074, 0.0038016363361895117, 0.0027391658038294344, 0.002601508258752051, 0.0027193928613396517, 0.002662338088803353, 0.0023461743368723975, 0.0022342194551428153, 0.0022165047894869864, 0.0021114376437054573, 0.0021416846282270212, 0.0021978961928780663, 0.0021622497132454317, 0.002117407441988512, 0.0019694542369070485, 0.0017956163539661954, 0.0017555073341367841, 0.0018023199391953265, 0.0019005930479882593, 0.001987433233446736, 0.002068446644273867, 0.002141090200844454, 0.001784919669868348, 0.001762280267395801, 0.0017808859614479697, 0.002078583893904821, 0.0022446808123402166, 0.002335942415166263, 0.0023938378808144984, 0.0023803961537898965, 0.002213521300621462, 0.0021692958026566125, 0.0020982865574401843, 0.0020205851827384933, 0.0021575330830960232, 0.002213479256781412, 0.0022573263383225874, 0.0024299137805899053, 0.002548983356144145, 0.002534473450576366, 0.002491800767531687, 0.0023319923156179087, 0.0017553267657613465, 0.0018155920245888362, 0.0018296189885807035, 0.0018031597514675559, 0.001826920799279008, 0.0018466801197665008, 0.0017730401188069452, 0.0017056294581510043, 0.001737638830698144, 0.0020120546043373745, 0.00235991961581683, 0.0025666373372361423, 0.0028811535154273406, 0.0031391370179622603, 0.0030782533917064194, 0.002853823324709313, 0.002733914954053227, 0.0025569075603394478, 0.0023147479368349475, 0.002077576758670622]","{'complete inhibition': 0, 'adapting inhibition': 1, 'partial inhibition': 2, 'no effect': 3, 'excitation': 4, 'biphasic IE': 5, 'biphasic EI': 6}",15.375,0.5436808194695706,0.06948406250000194,0.029828124999998984,0.8072937500000048,4.625,0.5141144093130451,0.0634052083333348,0.0969093749999983,0.3357593750000012,True,1.75,"[1.    0.625 0.375 0.75  0.875 0.75  0.75  0.875 0.875 0.875 0.875 0.875
 0.875 0.875 0.875 1.    1.    1.    1.    1.   ]",8.204714758917792,1.196307552078666,0.12157232587064677,20.216580038723,0.7875324302798892,0.047569581653225876,,,complete inhibition,0
65,AG7960,5,07-21-22,1.7,6,6-OHDA,75,14,right,/Users/johnparker/paper_repos/Aristieta_Parker_Gao_Gittis_Rubin_2024_D1_GPe/data/d1_msns/pre_processed_data/6-OHDA_D1-MSNs_cell_body_stim/Neuron_0075,/Users/johnparker/paper_repos/Aristieta_Parker_Gao_Gittis_Rubin_2024_D1_GPe/data/d1_msns/pre_processed_data/6-OHDA_D1-MSNs_cell_body_stim,6-OHDA_D1-MSNs_cell_body_stim,True,25,250,0.025,/Users/johnparker/paper_repos/Aristieta_Parker_Gao_Gittis_Rubin_2024_D1_GPe/data/d1_msns/processed_data/6-OHDA_D1-MSNs_cell_body_stim/Neuron_0075,10,0.05,"['complete inhibition', 'complete inhibition', 'complete inhibition', 'complete inhibition', 'complete inhibition', 'complete inhibition', 'complete inhibition', 'complete inhibition', 'complete inhibition', 'complete inhibition']",[0 0 0 0 0 0 0 0 0 0],1.0,1.0,1.0,0.0,99,90,3,3,2,2,[],[],"{'complete inhibition': 0, 'adapting inhibition': 1, 'partial inhibition': 2, 'no effect': 3, 'excitation': 4, 'biphasic IE': 5, 'biphasic EI': 6}",4.5,0.5598005743321187,0.1750454791666665,0.3020150000000079,0.8803075000000036,1.5,0.05743220255573447,0.16261750000000083,0.3432574999999957,0.5122399999999943,True,0.0,[1. 1. 1. 1. 1. 1. 1. 1. 1. 1. 1. 1. 1. 1. 1. 1. 1. 1. 1. 1.],5.989474914268052,1.0034722169152872,0.16417355932203392,2.8733291818448086,1.1961918769925395,0.33811826241134735,,,no effect,3
66,AG7499,5,02-17-22,1.1,3,6-OHDA,43,5cell2,right,/Users/johnparker/paper_repos/Aristieta_Parker_Gao_Gittis_Rubin_2024_D1_GPe/data/d1_msns/pre_processed_data/6-OHDA_D1-MSNs_cell_body_stim/Neuron_0043,/Users/johnparker/paper_repos/Aristieta_Parker_Gao_Gittis_Rubin_2024_D1_GPe/data/d1_msns/pre_processed_data/6-OHDA_D1-MSNs_cell_body_stim,6-OHDA_D1-MSNs_cell_body_stim,True,25,250,0.025,/Users/johnparker/paper_repos/Aristieta_Parker_Gao_Gittis_Rubin_2024_D1_GPe/data/d1_msns/processed_data/6-OHDA_D1-MSNs_cell_body_stim/Neuron_0043,10,0.05,"['adapting inhibition', 'biphasic EI', 'excitation', 'no effect', 'no effect', 'excitation', 'excitation', 'adapting inhibition', 'excitation', 'excitation']",[1 6 4 3 3 4 4 1 4 4],1.0,1.0,1.0,0.0,99,90,3,3,2,2,"[3.74869514e-71 3.74869516e-71 1.40592313e-59 ... 3.96953644e+00
 4.03047641e+00 4.25258126e+00]",[0.00084549 0.00085759 0.00087618 ... 0.02477603 0.02477603 0.02477603],"{'complete inhibition': 0, 'adapting inhibition': 1, 'partial inhibition': 2, 'no effect': 3, 'excitation': 4, 'biphasic IE': 5, 'biphasic EI': 6}",23.3,0.7961020744329976,0.07123219583172377,0.015589999999991732,0.9472999999999943,33.3,0.817937262338418,0.035316161508978226,0.1081924999999913,0.9663324999999936,True,3.4,"[0.4 0.3 0.3 0.5 0.6 0.7 0.7 0.8 0.6 0.2 0.4 0.2 0.6 0.2 0.4 0.6 0.6 0.3
 0.3 0.3]",6.323280252625246,0.9553737401499705,0.15841781376518219,27.613356909649763,0.8762237950397924,0.03620288817005548,2.247096133669613,0.014772214558499525,no effect,3
67,AG7499,5,02-17-22,1.1,3,6-OHDA,44,8,right,/Users/johnparker/paper_repos/Aristieta_Parker_Gao_Gittis_Rubin_2024_D1_GPe/data/d1_msns/pre_processed_data/6-OHDA_D1-MSNs_cell_body_stim/Neuron_0044,/Users/johnparker/paper_repos/Aristieta_Parker_Gao_Gittis_Rubin_2024_D1_GPe/data/d1_msns/pre_processed_data/6-OHDA_D1-MSNs_cell_body_stim,6-OHDA_D1-MSNs_cell_body_stim,True,25,250,0.025,/Users/johnparker/paper_repos/Aristieta_Parker_Gao_Gittis_Rubin_2024_D1_GPe/data/d1_msns/processed_data/6-OHDA_D1-MSNs_cell_body_stim/Neuron_0044,10,0.05,"['excitation', 'excitation', 'excitation', 'excitation', 'excitation', 'excitation', 'excitation', 'excitation', 'excitation', 'excitation']",[4 4 4 4 4 4 4 4 4 4],1.0,1.0,1.0,0.0,99,90,3,3,2,2,[0.08502491 0.15289855 0.15882341 ... 5.21881881 5.36095917 5.39294162],[0.08440406 0.08502491 0.15947192 ... 5.21881881 5.36095917 5.39294162],"{'complete inhibition': 0, 'adapting inhibition': 1, 'partial inhibition': 2, 'no effect': 3, 'excitation': 4, 'biphasic IE': 5, 'biphasic EI': 6}",56.8,0.4168225161174326,0.01801582262711643,0.005877499999987634,0.9838374999999943,89.3,0.48691619670091485,0.011164016753589245,0.009167499999989559,0.9802624999999907,False,4.0,"[0.4 1.4 1.8 1.8 1.8 1.8 2.  2.  1.8 1.8 1.4 1.  1.  0.8 1.2 0.8 0.6 0.4
 0.2 0.1]",44.31395596396241,0.5761711419607324,0.022557181922855496,44.59442403968369,1.3588284687942416,0.022419779748283783,3.6441953172274077,1.783188650866199,excitation,4
68,AG7960,2,06-16-22,1.7,5,6-OHDA,10,13,right,/Users/johnparker/paper_repos/Aristieta_Parker_Gao_Gittis_Rubin_2024_D1_GPe/data/d1_msns/pre_processed_data/6-OHDA_D1-MSNs_cell_body_stim/Neuron_0010,/Users/johnparker/paper_repos/Aristieta_Parker_Gao_Gittis_Rubin_2024_D1_GPe/data/d1_msns/pre_processed_data/6-OHDA_D1-MSNs_cell_body_stim,6-OHDA_D1-MSNs_cell_body_stim,True,25,250,0.025,/Users/johnparker/paper_repos/Aristieta_Parker_Gao_Gittis_Rubin_2024_D1_GPe/data/d1_msns/processed_data/6-OHDA_D1-MSNs_cell_body_stim/Neuron_0010,10,0.05,"['complete inhibition', 'complete inhibition', 'complete inhibition', 'complete inhibition', 'adapting inhibition', 'complete inhibition', 'complete inhibition', 'complete inhibition', 'complete inhibition', 'complete inhibition']",[0 0 0 0 1 0 0 0 0 0],1.0,1.0,1.0,0.0,99,90,3,3,2,2,"[1.644514792155643, 2.229993434119329, 2.0410074385382457, 1.8247819757936639, 1.792918621093426, 2.1385655146964146, 2.362778684059514, 2.034414425800183, 1.955467416175861, 2.114586890036305, 2.44028831648926, 2.3080247690410736, 1.823289663962631, 1.7555952578725684, 2.0322803077978633, 2.0361486893340377, 2.2447214770884654, 2.425925286367381, 2.400893407794631, 0.8844458915242067, 1.768388932099927, 2.242356320307606, 2.1149749915301066, 1.7615397792428698, 2.007059115775286, 2.062064530329353, 1.948874915304614, 1.9068590710287925, 2.0506108433699324, 2.3016474912910505, 2.205693586931192, 2.3406557190695736, 2.451825681895856, 1.9959732197053492, 1.7974982864517433, 2.036359578856173, 2.236020502255384, 2.1398429635605836, 2.066315093931517, 0.9829268365283347, 1.4316561386470676, 1.9149125097026485, 2.181150975491765, 1.9158823581355968, 2.0191506715496725, 1.966024738306762, 1.924181984665105, 2.3695113454665697, 2.2523328658688695, 2.0612415137040725, 2.0238718324176594, 2.2394226491789464, 2.3592551564292155, 2.3598442326763123, 2.0614138759533605, 2.1378560863459777, 1.9395555128483835, 2.3532860811569263, 2.111979211431069, 0.8729805820554846, 1.4485776256991583, 2.109720525322513, 2.2153719603495015, 1.828551502621537, 2.2285186399120716, 1.958701417836226, 2.1587789508036637, 2.247127457360579, 2.2675915089866328, 2.2950736154445837, 2.0727645556578738, 2.106983979405925, 2.1713831102158188, 2.02975185729302, 2.21080744737602, 1.786216628062161, 2.212974467357876, 2.3412335165758424, 1.940363146689145, 0.8720703058442822, 1.9524264893782892, 2.3831262134301046, 1.8578999002131278, 2.034798733993927, 1.8526599394164514, 1.9293526028122239, 2.0715543528717943, 2.011346028234549, 2.0240767527561383, 2.0635840387683206, 2.3734587255102384, 2.239572725199119, 2.051070166643599, 2.5206515210956115, 2.129945795758236, 1.9044083222361268, 1.9669246845564616, 1.9694339179585403, 2.1477403057688482, 0.9338546153886971, 1.9644725323820356, 2.255250742407574, 2.1297762672833933, 2.19097528274952, 1.8832327034871, 1.8299326600634749, 2.005268038371038, 2.523171161354666, 2.1082152975738286, 1.8096754123229428, 1.8181636426549912, 2.169673454191479, 2.5272266645493064, 2.368997838964587, 2.0131219634626887, 2.010376132204194, 1.913129160632642, 1.9253897481097517, 2.0761963137654402, 0.8782229126622054, 2.0311857622963574, 2.403837537767911, 2.2428998396852524, 2.0836871575303277, 2.250079940098623, 2.6656330960653754, 2.346648222196155, 1.8199475142826866, 1.8157158603356698, 1.778599794803177, 1.738375226039301, 1.950211208294477, 2.0477712766718317, 1.8289216408815392, 1.9161107571585754, 2.106730269100987, 2.1244113885511067, 2.093136412807176, 2.1118897033985378, 1.0249962323678965, 1.7290068467131956, 1.8863112115304204, 1.8867806184344804, 2.0665509687122516, 1.8893549668612692, 1.8742142840643925, 1.999611208449222, 2.2587490765985425, 2.2870788181913917, 2.077761368833489, 2.273606862802791, 2.204941419988857, 2.388295275065869, 2.393239820427052, 2.2938655570949735, 1.9668416999235119, 1.8049103627281446, 2.1085241144961246, 2.177315387868356, 0.8542447409197971, 1.5205166822006477, 1.8765406153615776, 1.7769748985554252, 2.097535088574933, 2.0662117747638122, 1.834206735576285, 2.449049984900585, 2.4504299110845458, 1.909706856692189, 1.9760927803778303, 2.3763066464862543, 2.4280652117467283, 2.1100641522361854, 1.832157843963916, 2.2292661092576536, 2.2618651393928615, 2.1279833120842264, 2.118666917502037, 2.063986773691415, 0.9570111719300728, 1.9902479697163462, 2.357013198183869, 2.473639425709776, 2.2507116314186746, 2.0651336714571618, 2.067938511745073, 2.1842679613571145, 2.390285593302514, 2.3359959656952762, 1.892673200944664, 1.910321492816731, 1.8891638732781422, 2.052710110935812, 2.0359279011267026, 1.8762397587344781, 1.9505323442882974, 1.9635063531451333, 1.891983171337806, 1.785900889082593, 1.0205764677716231]","[1.644514792155643, 2.229993434119329, 2.0410074385382457, 1.8247819757936639, 1.792918621093426, 2.1385655146964146, 2.362778684059514, 2.034414425800183, 1.955467416175861, 2.114586890036305, 2.44028831648926, 2.3080247690410736, 1.823289663962631, 1.7555952578725684, 2.0322803077978633, 2.0361486893340377, 2.2447214770884654, 2.425925286367381, 2.400893407794631, 0.8844458915242067, 1.8643315569199719, 2.0286874763611027, 1.8623932858584262, 2.046410670400518, 2.2512988692113165, 2.2277195470341757, 2.3787059795008507, 2.3038070867314406, 2.1873172400447793, 2.3238707296207974, 2.1093707845821124, 1.7300597816422318, 1.6627455413193202, 1.8464577181559019, 2.0954012270210463, 2.243427367605783, 2.0439390761140395, 2.2423154944273076, 1.994872653047182, 0.9573033754236544, 1.980077401288734, 1.8677038314706138, 1.9256166893421764, 2.1664235087822457, 2.1442463881757923, 2.171838512544098, 2.162811211762385, 1.9687078946233838, 2.1189485161108976, 2.0225570693904213, 2.1324427221269326, 2.2420833756288765, 2.131536706002205, 2.095512069078253, 2.092866651079325, 1.8691780930015442, 2.0881855233850883, 1.9287364416751316, 2.1413678728645094, 1.1103447282208758, 1.5358316292823797, 1.8984204296306104, 2.345456169953614, 2.460621274284424, 2.0622051416667055, 1.9413729995563418, 1.9549578423408345, 2.0239631949774037, 2.0734800695016316, 1.9827200744954059, 2.236602253714561, 2.361996585805116, 2.0200836467233896, 2.1045169824286987, 2.0747222057737913, 2.311138656539777, 2.4794005050546, 2.1278390301215926, 1.7196531222039637, 0.7506423556665285, 1.8494765433715994, 2.0961250448792943, 1.7214380148925001, 1.9384707230309037, 2.3774567351858513, 2.1985015762589866, 1.877593889889646, 2.160016262608854, 2.3165818127716236, 2.105403182605504, 2.0511917711076335, 1.9914304056186545, 2.166445891617414, 2.3458826456944166, 2.347777846524671, 2.1074652699533414, 1.8685728666567247, 2.010204581675071, 1.9898074659814378, 0.8877487682937194, 1.664811569590919, 1.8692007208488073, 2.1006477356827093, 1.7569830301866192, 1.8860044985655895, 2.1564260085355773, 2.4742047418044666, 2.394505448867006, 2.0400395292999516, 2.097938455107722, 1.8997503253158763, 2.0670306603533675, 2.2311457241453376, 2.1382662774124457, 2.2152079305133956, 2.094464540088249, 2.3386739485348476, 2.301073059691191, 1.926081104119877, 0.7999479920749558, 1.6145174616094484, 2.271980927752173, 2.2669574674136554, 2.3029961481968733, 2.2760253382774316, 2.0735344226153773, 2.2862311796606467, 1.8883658044221823, 1.633688154012537, 1.9620363101800442, 2.0197714537120643, 2.034852230009072, 2.225457339699532, 2.0349236126104415, 1.967817058213186, 2.213635914265223, 2.0025033960161154, 2.052003119787966, 2.1506438424724363, 1.1596606654077237, 1.6340451964828777, 1.8337362189077953, 2.025422848724973, 2.5288847894659714, 2.496104617075234, 2.0937244387549514, 1.8613145417946797, 2.408352302663671, 2.564406524802309, 2.300067233355304, 2.235281746808438, 2.2020775870010154, 2.205939728891752, 2.1935219431441344, 1.9194061645853795, 1.8864666458964914, 2.0909920258810164, 1.8673265708623665, 1.5869768379344096, 0.5523622865178683, 1.7713327653262303, 2.184535692991921, 2.1269171473301913, 2.290734424491073, 2.0215520999128382, 1.8986903761387932, 2.3659024694653974, 2.317888091909997, 2.370981034959679, 2.437091612549502, 2.129137203602278, 1.894839980950116, 2.1227349679044885, 2.0709489286212888, 2.0304797976387534, 1.9056752604856202, 2.00830227880911, 2.1082578925185564, 1.6956445282774593, 0.725964327804688, 1.6034295099862237, 1.980612485175762, 2.0811953603870235, 2.277229427238026, 2.401129264331564, 1.989035080393085, 1.9875586240917098, 2.428039737387088, 2.157598444981102, 2.0191054778126483, 2.102761460461794, 1.9879120694088865, 1.9569156579331695, 1.9023159710128346, 2.405971712532086, 2.3324860267048, 1.812744643190955, 1.8861884689032609, 2.0848718387055514, 1.0548858207285072]","{'complete inhibition': 0, 'adapting inhibition': 1, 'partial inhibition': 2, 'no effect': 3, 'excitation': 4, 'biphasic IE': 5, 'biphasic EI': 6}",43.5,0.30090364924000573,0.023137454637685673,0.013760000000002747,0.9860099999999953,1.7,0.12915719052864222,0.12836616666666548,0.45060749999999244,0.691044999999989,False,0.1,"[1.  1.  1.  1.  1.  1.  1.  1.  1.  1.  1.  1.  1.  1.  1.  1.  1.  1.
 0.9 0.9]",45.971602580925406,0.31557927414525433,0.021755131291028445,36.74108395247188,1.1715826054241834,0.02722762869660463,,,complete inhibition,0
69,AG7499,4,02-15-22,1.4,1,6-OHDA,28,14,right,/Users/johnparker/paper_repos/Aristieta_Parker_Gao_Gittis_Rubin_2024_D1_GPe/data/d1_msns/pre_processed_data/6-OHDA_D1-MSNs_cell_body_stim/Neuron_0028,/Users/johnparker/paper_repos/Aristieta_Parker_Gao_Gittis_Rubin_2024_D1_GPe/data/d1_msns/pre_processed_data/6-OHDA_D1-MSNs_cell_body_stim,6-OHDA_D1-MSNs_cell_body_stim,True,25,250,0.025,/Users/johnparker/paper_repos/Aristieta_Parker_Gao_Gittis_Rubin_2024_D1_GPe/data/d1_msns/processed_data/6-OHDA_D1-MSNs_cell_body_stim/Neuron_0028,10,0.05,"['complete inhibition', 'complete inhibition', 'complete inhibition', 'complete inhibition', 'complete inhibition', 'complete inhibition', 'complete inhibition', 'complete inhibition', 'complete inhibition', 'complete inhibition']",[0 0 0 0 0 0 0 0 0 0],1.0,1.0,1.0,0.0,99,90,3,3,2,2,[],[],"{'complete inhibition': 0, 'adapting inhibition': 1, 'partial inhibition': 2, 'no effect': 3, 'excitation': 4, 'biphasic IE': 5, 'biphasic EI': 6}",13.4,0.8385817372392586,0.07240304326923001,0.09339999999999904,0.9426599999999923,0.1,0.0,0.0,0.9937899999999985,0.9937899999999985,True,0.0,[1. 1. 1. 1. 1. 1. 1. 1. 1. 1. 1. 1. 1. 1. 1. 1. 1. 1. 1. 1.],10.168786247431797,0.9388012014086653,0.0979395512820513,7.88015916361083,1.312044880644153,0.12004072847682097,,,complete inhibition,0
70,AG8106,7,06-30-22,1.4,4,6-OHDA,17,10,right,/Users/johnparker/paper_repos/Aristieta_Parker_Gao_Gittis_Rubin_2024_D1_GPe/data/d1_msns/pre_processed_data/6-OHDA_D1-MSNs_cell_body_stim/Neuron_0017,/Users/johnparker/paper_repos/Aristieta_Parker_Gao_Gittis_Rubin_2024_D1_GPe/data/d1_msns/pre_processed_data/6-OHDA_D1-MSNs_cell_body_stim,6-OHDA_D1-MSNs_cell_body_stim,True,25,250,0.025,/Users/johnparker/paper_repos/Aristieta_Parker_Gao_Gittis_Rubin_2024_D1_GPe/data/d1_msns/processed_data/6-OHDA_D1-MSNs_cell_body_stim/Neuron_0017,10,0.05,"['excitation', 'biphasic IE', 'biphasic IE', 'biphasic IE', 'excitation', 'excitation', 'excitation', 'biphasic IE', 'excitation', 'biphasic IE']",[4 5 5 5 4 4 4 5 4 5],1.0,1.0,1.0,0.0,99,90,3,3,2,2,"[3.52518725e-11 8.99543759e-09 8.99543759e-09 ... 3.87220036e+00
 4.11164824e+00 4.15193374e+00]",[0.0008855  0.00088865 0.00089088 ... 0.01233706 0.0123474  0.01258884],"{'complete inhibition': 0, 'adapting inhibition': 1, 'partial inhibition': 2, 'no effect': 3, 'excitation': 4, 'biphasic IE': 5, 'biphasic EI': 6}",27.6,0.8669525753988298,0.03720769784117011,0.05033750000001121,0.9708200000000062,53.3,0.9137160099307424,0.017517238735923753,0.09323750000000572,0.9863174999999871,True,4.5,"[0.9 0.5 0.3 0.3 0.3 0.2 0.6 0.6 0.6 1.4 1.2 1.6 1.6 1.6 1.6 1.6 1.6 1.6
 1.4 0.6]",24.16444422540407,1.1292266844775256,0.041337015993266,50.52380853183727,0.875394478286101,0.019791851106639814,2.4113240619769485,0.004546482708869131,excitation,4
71,AG8106,7,06-30-22,1.7,6,6-OHDA,21,16,left,/Users/johnparker/paper_repos/Aristieta_Parker_Gao_Gittis_Rubin_2024_D1_GPe/data/d1_msns/pre_processed_data/6-OHDA_D1-MSNs_cell_body_stim/Neuron_0021,/Users/johnparker/paper_repos/Aristieta_Parker_Gao_Gittis_Rubin_2024_D1_GPe/data/d1_msns/pre_processed_data/6-OHDA_D1-MSNs_cell_body_stim,6-OHDA_D1-MSNs_cell_body_stim,True,25,250,0.025,/Users/johnparker/paper_repos/Aristieta_Parker_Gao_Gittis_Rubin_2024_D1_GPe/data/d1_msns/processed_data/6-OHDA_D1-MSNs_cell_body_stim/Neuron_0021,10,0.05,"['complete inhibition', 'complete inhibition', 'complete inhibition', 'complete inhibition', 'complete inhibition', 'complete inhibition', 'complete inhibition', 'complete inhibition', 'complete inhibition', 'complete inhibition']",[0 0 0 0 0 0 0 0 0 0],1.0,1.0,1.0,0.0,99,90,3,3,2,2,[],[],"{'complete inhibition': 0, 'adapting inhibition': 1, 'partial inhibition': 2, 'no effect': 3, 'excitation': 4, 'biphasic IE': 5, 'biphasic EI': 6}",9.6,0.5775536958933989,0.0946326336094451,0.09160000000000253,0.7970824999999969,0.1,0.0,0.0,0.9004125000000045,0.9004125000000045,True,0.0,[1. 1. 1. 1. 1. 1. 1. 1. 1. 1. 1. 1. 1. 1. 1. 1. 1. 1. 1. 1.],8.15859583295679,0.9584181085107961,0.12247841191066998,9.350073937274736,1.0534013600976688,0.08743668831168835,,,complete inhibition,0
72,AG8106,7,06-30-22,1.4,4,6-OHDA,19,7,right,/Users/johnparker/paper_repos/Aristieta_Parker_Gao_Gittis_Rubin_2024_D1_GPe/data/d1_msns/pre_processed_data/6-OHDA_D1-MSNs_cell_body_stim/Neuron_0019,/Users/johnparker/paper_repos/Aristieta_Parker_Gao_Gittis_Rubin_2024_D1_GPe/data/d1_msns/pre_processed_data/6-OHDA_D1-MSNs_cell_body_stim,6-OHDA_D1-MSNs_cell_body_stim,True,25,250,0.025,/Users/johnparker/paper_repos/Aristieta_Parker_Gao_Gittis_Rubin_2024_D1_GPe/data/d1_msns/processed_data/6-OHDA_D1-MSNs_cell_body_stim/Neuron_0019,10,0.05,"['biphasic EI', 'adapting inhibition', 'adapting inhibition', 'partial inhibition', 'adapting inhibition', 'no effect', 'partial inhibition', 'adapting inhibition', 'partial inhibition', 'adapting inhibition']",[6 1 1 2 1 3 2 1 2 1],1.0,1.0,1.0,0.0,99,90,3,3,2,2,"[4.42674650e-30 4.01141245e-25 1.13730279e-22 ... 4.76766268e+00
 4.86024274e+00 5.07260177e+00]",[0.00068535 0.00075383 0.00076197 ... 0.01643894 0.01643894 0.01643894],"{'complete inhibition': 0, 'adapting inhibition': 1, 'partial inhibition': 2, 'no effect': 3, 'excitation': 4, 'biphasic IE': 5, 'biphasic EI': 6}",37.2,0.7809942515294482,0.032762680622900775,0.02333749999999881,0.9609099999999906,18.0,0.7904686496163549,0.058883346611721885,0.02890499999999463,0.9375475000000002,True,2.0,"[0.8 0.8 0.6 0.6 0.6 0.6 0.6 0.6 0.6 0.5 0.3 0.3 0.3 0.3 0.3 0.4 0.5 0.6
 0.7 0.6]",13.067903815756784,1.0151579818180465,0.07634158878504674,39.894704806112856,1.0344616751102294,0.02505179663608561,3.065215572889444,0.004925857514646424,adapting inhibition,1
73,AG7499,4,02-15-22,1.4,1,6-OHDA,26,11,right,/Users/johnparker/paper_repos/Aristieta_Parker_Gao_Gittis_Rubin_2024_D1_GPe/data/d1_msns/pre_processed_data/6-OHDA_D1-MSNs_cell_body_stim/Neuron_0026,/Users/johnparker/paper_repos/Aristieta_Parker_Gao_Gittis_Rubin_2024_D1_GPe/data/d1_msns/pre_processed_data/6-OHDA_D1-MSNs_cell_body_stim,6-OHDA_D1-MSNs_cell_body_stim,True,25,250,0.025,/Users/johnparker/paper_repos/Aristieta_Parker_Gao_Gittis_Rubin_2024_D1_GPe/data/d1_msns/processed_data/6-OHDA_D1-MSNs_cell_body_stim/Neuron_0026,10,0.05,"['complete inhibition', 'complete inhibition', 'complete inhibition', 'complete inhibition', 'complete inhibition', 'complete inhibition', 'complete inhibition', 'complete inhibition', 'complete inhibition', 'complete inhibition']",[0 0 0 0 0 0 0 0 0 0],1.0,1.0,1.0,0.0,99,90,3,3,2,2,[],[],"{'complete inhibition': 0, 'adapting inhibition': 1, 'partial inhibition': 2, 'no effect': 3, 'excitation': 4, 'biphasic IE': 5, 'biphasic EI': 6}",14.5,0.6408413449246197,0.08694110321969531,0.07043499999999625,0.9118749999999863,0.1,0.0,0.0,0.9003524999999968,0.9003524999999968,True,0.0,[1. 1. 1. 1. 1. 1. 1. 1. 1. 1. 1. 1. 1. 1. 1. 1. 1. 1. 1. 1.],10.289560621470406,0.918603129816947,0.09718960264900661,1.0480108040386524,1.3031133783680091,0.46595394736842133,,,complete inhibition,0
74,AG7499,5,02-17-22,1.4,1,6-OHDA,45,6,right,/Users/johnparker/paper_repos/Aristieta_Parker_Gao_Gittis_Rubin_2024_D1_GPe/data/d1_msns/pre_processed_data/6-OHDA_D1-MSNs_cell_body_stim/Neuron_0045,/Users/johnparker/paper_repos/Aristieta_Parker_Gao_Gittis_Rubin_2024_D1_GPe/data/d1_msns/pre_processed_data/6-OHDA_D1-MSNs_cell_body_stim,6-OHDA_D1-MSNs_cell_body_stim,True,25,250,0.025,/Users/johnparker/paper_repos/Aristieta_Parker_Gao_Gittis_Rubin_2024_D1_GPe/data/d1_msns/processed_data/6-OHDA_D1-MSNs_cell_body_stim/Neuron_0045,10,0.05,"['complete inhibition', 'complete inhibition', 'complete inhibition', 'complete inhibition', 'complete inhibition', 'complete inhibition', 'complete inhibition', 'complete inhibition', 'complete inhibition', 'complete inhibition']",[0 0 0 0 0 0 0 0 0 0],1.0,1.0,1.0,0.0,99,90,3,3,2,2,[],[],"{'complete inhibition': 0, 'adapting inhibition': 1, 'partial inhibition': 2, 'no effect': 3, 'excitation': 4, 'biphasic IE': 5, 'biphasic EI': 6}",5.5,0.3862206868918919,0.1727279761904757,0.12500249999999652,0.8620524999999916,3.2,0.31061576970577864,0.1694793749999984,0.16853249999999206,0.5307924999999833,True,0.0,[1. 1. 1. 1. 1. 1. 1. 1. 1. 1. 1. 1. 1. 1. 1. 1. 1. 1. 1. 1.],5.56421523604087,0.7596492896870966,0.17798314220183487,4.141402207646858,2.8724689598219535,0.24263796296296322,,,complete inhibition,0
75,AG7499,5,02-17-22,1.1,3,6-OHDA,42,5cell1,right,/Users/johnparker/paper_repos/Aristieta_Parker_Gao_Gittis_Rubin_2024_D1_GPe/data/d1_msns/pre_processed_data/6-OHDA_D1-MSNs_cell_body_stim/Neuron_0042,/Users/johnparker/paper_repos/Aristieta_Parker_Gao_Gittis_Rubin_2024_D1_GPe/data/d1_msns/pre_processed_data/6-OHDA_D1-MSNs_cell_body_stim,6-OHDA_D1-MSNs_cell_body_stim,True,25,250,0.025,/Users/johnparker/paper_repos/Aristieta_Parker_Gao_Gittis_Rubin_2024_D1_GPe/data/d1_msns/processed_data/6-OHDA_D1-MSNs_cell_body_stim/Neuron_0042,10,0.05,"['no effect', 'excitation', 'adapting inhibition', 'adapting inhibition', 'adapting inhibition', 'adapting inhibition', 'biphasic EI', 'complete inhibition', 'adapting inhibition', 'partial inhibition']",[3 4 1 1 1 1 6 0 1 2],1.0,1.0,1.0,0.0,99,90,3,3,2,2,"[5.35815355e-145 1.45109405e-123 7.19709581e-104 ... 3.47284147e+000
 3.51158194e+000 3.58382354e+000]",[0.0009945  0.00101555 0.00102559 ... 0.02341091 0.02341091 0.02341091],"{'complete inhibition': 0, 'adapting inhibition': 1, 'partial inhibition': 2, 'no effect': 3, 'excitation': 4, 'biphasic IE': 5, 'biphasic EI': 6}",17.0,0.8945154744574809,0.06716331505431516,0.058409999999992836,0.9069124999999942,15.8,0.7922269352541018,0.08771319055662648,0.10802749999999292,0.8954674999999895,True,2.0,"[0.8 0.7 0.4 0.6 0.7 0.4 0.2 0.2 0.2 0.2 0.2 0.4 0.2 0.1 0.1 0.3 0.2 0.5
 0.3 0.5]",38.2456466892656,0.689728305923554,0.02611430953969313,4.895442776225996,1.2927662498752088,0.20413507853403173,1.9449530339016197,0.01321392045113043,no effect,3
76,AG7960,5,07-21-22,1.7,6,6-OHDA,74,12,right,/Users/johnparker/paper_repos/Aristieta_Parker_Gao_Gittis_Rubin_2024_D1_GPe/data/d1_msns/pre_processed_data/6-OHDA_D1-MSNs_cell_body_stim/Neuron_0074,/Users/johnparker/paper_repos/Aristieta_Parker_Gao_Gittis_Rubin_2024_D1_GPe/data/d1_msns/pre_processed_data/6-OHDA_D1-MSNs_cell_body_stim,6-OHDA_D1-MSNs_cell_body_stim,True,25,250,0.025,/Users/johnparker/paper_repos/Aristieta_Parker_Gao_Gittis_Rubin_2024_D1_GPe/data/d1_msns/processed_data/6-OHDA_D1-MSNs_cell_body_stim/Neuron_0074,10,0.05,"['partial inhibition', 'partial inhibition', 'partial inhibition', 'partial inhibition', 'partial inhibition', 'partial inhibition', 'no effect', 'partial inhibition', 'partial inhibition', 'partial inhibition']",[2 2 2 2 2 2 3 2 2 2],1.0,1.0,1.0,0.0,99,90,3,3,2,2,"[7.66717924e-04 3.48831865e-03 8.64273391e-03 ... 3.94376717e+00
 4.22812882e+00 4.58832944e+00]","[3.48831865e-03 3.53640248e-03 7.97992516e-03 ... 3.96394059e+00
 3.98579082e+00 4.58832944e+00]","{'complete inhibition': 0, 'adapting inhibition': 1, 'partial inhibition': 2, 'no effect': 3, 'excitation': 4, 'biphasic IE': 5, 'biphasic EI': 6}",36.6,0.5200821611032962,0.027995930563162925,0.014087500000000119,0.9778950000000087,21.6,0.6610712686709397,0.04001015397468019,0.012850000000005224,0.8078075000000048,False,2.1,"[0.  0.  0.  0.  0.  0.  0.1 0.1 0.1 0.1 0.2 0.3 0.5 0.4 0.5 0.5 0.7 0.7
 0.7 0.8]",27.24772215010218,0.9075040341458895,0.03665165304606241,22.150152750083063,0.9164571763793397,0.043827376599634336,2.475539332030464,0.8862642691590064,partial inhibition,2
77,AG7960,5,07-21-22,1.4,2,6-OHDA,80,4,right,/Users/johnparker/paper_repos/Aristieta_Parker_Gao_Gittis_Rubin_2024_D1_GPe/data/d1_msns/pre_processed_data/6-OHDA_D1-MSNs_cell_body_stim/Neuron_0080,/Users/johnparker/paper_repos/Aristieta_Parker_Gao_Gittis_Rubin_2024_D1_GPe/data/d1_msns/pre_processed_data/6-OHDA_D1-MSNs_cell_body_stim,6-OHDA_D1-MSNs_cell_body_stim,True,25,250,0.025,/Users/johnparker/paper_repos/Aristieta_Parker_Gao_Gittis_Rubin_2024_D1_GPe/data/d1_msns/processed_data/6-OHDA_D1-MSNs_cell_body_stim/Neuron_0080,10,0.05,"['partial inhibition', 'partial inhibition', 'complete inhibition', 'excitation', 'excitation', 'adapting inhibition', 'biphasic EI', 'excitation', 'partial inhibition', 'excitation']",[2 2 0 4 4 1 6 4 2 4],1.0,1.0,1.0,0.0,99,90,3,3,2,2,"[1.96616905e-118 1.96616905e-118 1.99452706e-114 ... 2.75028851e+000
 2.86881431e+000 2.97132635e+000]",[0.00119589 0.00127183 0.00128848 ... 0.03142142 0.03142142 0.03142142],"{'complete inhibition': 0, 'adapting inhibition': 1, 'partial inhibition': 2, 'no effect': 3, 'excitation': 4, 'biphasic IE': 5, 'biphasic EI': 6}",10.4,0.9671361406150952,0.097802393127705,0.12899000000000313,0.8266950000000058,12.2,1.3745941029451259,0.09973270382957555,0.057660000000001335,0.8016900000000085,True,2.9,"[1.  1.  0.5 0.3 0.4 0.2 0.5 0.3 0.3 0.4 0.3 0.3 0.3 0.3 0.5 0.7 0.8 1.
 0.8 1.1]",16.36406871440499,1.4588051257394417,0.06075905688622755,12.236342508278906,1.4365229777308597,0.07672953938584777,1.3929298204662683,0.021050950950952718,no effect,3
78,AG7960,5,07-21-22,1.1,4,6-OHDA,73,7,right,/Users/johnparker/paper_repos/Aristieta_Parker_Gao_Gittis_Rubin_2024_D1_GPe/data/d1_msns/pre_processed_data/6-OHDA_D1-MSNs_cell_body_stim/Neuron_0073,/Users/johnparker/paper_repos/Aristieta_Parker_Gao_Gittis_Rubin_2024_D1_GPe/data/d1_msns/pre_processed_data/6-OHDA_D1-MSNs_cell_body_stim,6-OHDA_D1-MSNs_cell_body_stim,True,25,250,0.025,/Users/johnparker/paper_repos/Aristieta_Parker_Gao_Gittis_Rubin_2024_D1_GPe/data/d1_msns/processed_data/6-OHDA_D1-MSNs_cell_body_stim/Neuron_0073,10,0.05,"['excitation', 'excitation', 'no effect', 'adapting inhibition', 'no effect', 'excitation', 'no effect', 'biphasic EI', 'adapting inhibition', 'biphasic EI']",[4 4 3 1 3 4 3 6 1 6],1.0,1.0,1.0,0.0,99,90,3,3,2,2,"[2.98259795e-168 2.98259795e-168 2.98259795e-168 ... 2.64389636e+000
 3.00673271e+000 3.11123885e+000]",[0.         0.         0.         ... 0.02886887 0.02886887 0.02886887],"{'complete inhibition': 0, 'adapting inhibition': 1, 'partial inhibition': 2, 'no effect': 3, 'excitation': 4, 'biphasic IE': 5, 'biphasic EI': 6}",9.5,0.8436026140183742,0.17135195337301465,0.13442250000000655,0.9510850000000062,15.5,0.8232060644044685,0.061658395051221095,0.13507249999999757,0.9283950000000012,True,3.5,"[0.7 0.7 0.5 0.5 0.3 0.7 0.3 0.3 0.1 0.3 0.7 0.3 0.3 0.5 0.5 0.5 0.8 0.4
 0.4 0.6]",12.601480225620293,1.0424760494058927,0.07903698186528497,7.140295393042288,1.319442171785715,0.13181258581235714,1.1556334888736606,0.01590967620834651,no effect,3
79,AG8106,7,06-30-22,1.4,4,6-OHDA,18,4,right,/Users/johnparker/paper_repos/Aristieta_Parker_Gao_Gittis_Rubin_2024_D1_GPe/data/d1_msns/pre_processed_data/6-OHDA_D1-MSNs_cell_body_stim/Neuron_0018,/Users/johnparker/paper_repos/Aristieta_Parker_Gao_Gittis_Rubin_2024_D1_GPe/data/d1_msns/pre_processed_data/6-OHDA_D1-MSNs_cell_body_stim,6-OHDA_D1-MSNs_cell_body_stim,True,25,250,0.025,/Users/johnparker/paper_repos/Aristieta_Parker_Gao_Gittis_Rubin_2024_D1_GPe/data/d1_msns/processed_data/6-OHDA_D1-MSNs_cell_body_stim/Neuron_0018,10,0.05,"['no effect', 'adapting inhibition', 'excitation', 'adapting inhibition', 'adapting inhibition', 'no effect', 'adapting inhibition', 'no effect', 'partial inhibition', 'adapting inhibition']",[3 1 4 1 1 3 1 3 2 1],1.0,1.0,1.0,0.0,99,90,3,3,2,2,"[2.23233753e-57 2.38886985e-44 4.74442647e-33 ... 2.86763923e+00
 3.08639573e+00 3.10718573e+00]",[0.00119291 0.0012076  0.00123223 ... 0.01523889 0.01542543 0.01542543],"{'complete inhibition': 0, 'adapting inhibition': 1, 'partial inhibition': 2, 'no effect': 3, 'excitation': 4, 'biphasic IE': 5, 'biphasic EI': 6}",18.9,0.8608787978208893,0.05429615343296369,0.05594250000000685,0.958802499999998,15.7,0.7820840555012578,0.06055617655409577,0.06586500000000584,0.9031475000000022,True,2.0,"[0.4 0.2 0.3 0.4 0.3 0.2 0.2 0.1 0.4 0.4 0.6 0.2 0.1 0.1 0.1 0.1 0.1 0.1
 0.2 0.5]",18.876464310224225,0.977741272240892,0.05302184806034482,15.828596014709012,0.9896886010088077,0.06315112467866324,1.7369927610321758,0.007145218754570456,no effect,3
80,AG7499,4,02-15-22,1.4,1,6-OHDA,27,13,right,/Users/johnparker/paper_repos/Aristieta_Parker_Gao_Gittis_Rubin_2024_D1_GPe/data/d1_msns/pre_processed_data/6-OHDA_D1-MSNs_cell_body_stim/Neuron_0027,/Users/johnparker/paper_repos/Aristieta_Parker_Gao_Gittis_Rubin_2024_D1_GPe/data/d1_msns/pre_processed_data/6-OHDA_D1-MSNs_cell_body_stim,6-OHDA_D1-MSNs_cell_body_stim,True,25,250,0.025,/Users/johnparker/paper_repos/Aristieta_Parker_Gao_Gittis_Rubin_2024_D1_GPe/data/d1_msns/processed_data/6-OHDA_D1-MSNs_cell_body_stim/Neuron_0027,10,0.05,"['complete inhibition', 'complete inhibition', 'complete inhibition', 'complete inhibition', 'complete inhibition', 'complete inhibition', 'complete inhibition', 'complete inhibition', 'complete inhibition', 'complete inhibition']",[0 0 0 0 0 0 0 0 0 0],1.0,1.0,1.0,0.0,99,90,3,3,2,2,[],[],"{'complete inhibition': 0, 'adapting inhibition': 1, 'partial inhibition': 2, 'no effect': 3, 'excitation': 4, 'biphasic IE': 5, 'biphasic EI': 6}",35.6,0.6894374716257626,0.034162901923524634,0.04079499999999925,0.9730549999999922,0.2,0.0,0.0,0.8064974999999975,0.8064974999999975,True,0.0,[1. 1. 1. 1. 1. 1. 1. 1. 1. 1. 1. 1. 1. 1. 1. 1. 1. 1. 1. 1.],43.0678005773582,0.6039598637897312,0.02319922960725075,32.482900314686226,0.5666663222650061,0.02350683092948722,,,complete inhibition,0
81,AG8106,7,06-30-22,1.1,3,6-OHDA,20,2,right,/Users/johnparker/paper_repos/Aristieta_Parker_Gao_Gittis_Rubin_2024_D1_GPe/data/d1_msns/pre_processed_data/6-OHDA_D1-MSNs_cell_body_stim/Neuron_0020,/Users/johnparker/paper_repos/Aristieta_Parker_Gao_Gittis_Rubin_2024_D1_GPe/data/d1_msns/pre_processed_data/6-OHDA_D1-MSNs_cell_body_stim,6-OHDA_D1-MSNs_cell_body_stim,True,25,250,0.025,/Users/johnparker/paper_repos/Aristieta_Parker_Gao_Gittis_Rubin_2024_D1_GPe/data/d1_msns/processed_data/6-OHDA_D1-MSNs_cell_body_stim/Neuron_0020,10,0.05,"['adapting inhibition', 'biphasic IE', 'partial inhibition', 'biphasic IE', 'biphasic IE', 'adapting inhibition', 'biphasic IE', 'biphasic IE', 'adapting inhibition', 'adapting inhibition']",[1 5 2 5 5 1 5 5 1 1],1.0,1.0,1.0,0.0,99,90,3,3,2,2,"[4.28536540e-06 4.30679436e-06 3.00216919e-05 ... 7.87530778e+00
 8.30265583e+00 8.79355868e+00]",[0.00034236 0.0003492  0.00035007 ... 0.0075877  0.0090614  0.00933526],"{'complete inhibition': 0, 'adapting inhibition': 1, 'partial inhibition': 2, 'no effect': 3, 'excitation': 4, 'biphasic IE': 5, 'biphasic EI': 6}",52.2,0.7175682159351516,0.023821855331993495,0.012247500000002987,0.9700325000000071,55.2,1.111604210243535,0.018783186214304526,0.16385500000000022,0.991662500000006,True,3.1,"[1.  1.  1.  1.  0.7 0.7 0.9 0.6 0.8 0.9 0.9 0.9 0.9 1.1 1.1 1.1 1.1 1.3
 1.1 0.5]",42.7752294733829,1.4382934092624453,0.02334576850542197,30.277283067399207,1.802042203711576,0.03299765156562295,5.200670728897371,0.002938084120762357,adapting inhibition,1
82,AG7499,4,02-15-22,1.4,1,6-OHDA,29,8,right,/Users/johnparker/paper_repos/Aristieta_Parker_Gao_Gittis_Rubin_2024_D1_GPe/data/d1_msns/pre_processed_data/6-OHDA_D1-MSNs_cell_body_stim/Neuron_0029,/Users/johnparker/paper_repos/Aristieta_Parker_Gao_Gittis_Rubin_2024_D1_GPe/data/d1_msns/pre_processed_data/6-OHDA_D1-MSNs_cell_body_stim,6-OHDA_D1-MSNs_cell_body_stim,True,25,250,0.025,/Users/johnparker/paper_repos/Aristieta_Parker_Gao_Gittis_Rubin_2024_D1_GPe/data/d1_msns/processed_data/6-OHDA_D1-MSNs_cell_body_stim/Neuron_0029,10,0.05,"['excitation', 'partial inhibition', 'excitation', 'excitation', 'excitation', 'excitation', 'no effect', 'excitation', 'excitation', 'excitation']",[4 2 4 4 4 4 3 4 4 4],1.0,1.0,1.0,0.0,99,90,3,3,2,2,"[2.48790620e-91 2.48790620e-91 1.44773082e-74 ... 6.01486284e+00
 6.70669126e+00 7.36382322e+00]",[0.00048948 0.00053708 0.00055152 ... 0.02782533 0.02782533 0.02782533],"{'complete inhibition': 0, 'adapting inhibition': 1, 'partial inhibition': 2, 'no effect': 3, 'excitation': 4, 'biphasic IE': 5, 'biphasic EI': 6}",36.4,1.157399609812911,0.03477485988063661,0.02876999999999228,0.923052499999993,61.6,0.6532715030841708,0.021220193081449713,0.03127249999999293,0.9802549999999911,True,3.7,"[0.3 0.8 0.8 0.8 0.8 0.8 1.  1.2 1.  0.8 0.8 0.6 0.8 0.8 0.4 0.6 0.4 0.6
 0.5 0.3]",13.482407102926668,1.1663560175854841,0.07359144444444446,54.79656811455562,1.183896322809663,0.01824680676855896,3.4803971278091823,0.0082228840660056,excitation,4
83,AG8106,7,06-30-22,1.4,1,6-OHDA,16,5,right,/Users/johnparker/paper_repos/Aristieta_Parker_Gao_Gittis_Rubin_2024_D1_GPe/data/d1_msns/pre_processed_data/6-OHDA_D1-MSNs_cell_body_stim/Neuron_0016,/Users/johnparker/paper_repos/Aristieta_Parker_Gao_Gittis_Rubin_2024_D1_GPe/data/d1_msns/pre_processed_data/6-OHDA_D1-MSNs_cell_body_stim,6-OHDA_D1-MSNs_cell_body_stim,True,25,250,0.025,/Users/johnparker/paper_repos/Aristieta_Parker_Gao_Gittis_Rubin_2024_D1_GPe/data/d1_msns/processed_data/6-OHDA_D1-MSNs_cell_body_stim/Neuron_0016,8,0.05,"['complete inhibition', 'complete inhibition', 'complete inhibition', 'complete inhibition', 'complete inhibition', 'complete inhibition', 'complete inhibition', 'complete inhibition']",[0 0 0 0 0 0 0 0],1.0,1.0,1.0,0.0,99,90,3,3,2,2,[],[],"{'complete inhibition': 0, 'adapting inhibition': 1, 'partial inhibition': 2, 'no effect': 3, 'excitation': 4, 'biphasic IE': 5, 'biphasic EI': 6}",22.0,0.6124909885679105,0.048813786349065115,0.04397500000000587,0.9666750000000102,0.375,0.0,0.0,0.6278187500000056,0.6278187500000056,True,0.0,[1. 1. 1. 1. 1. 1. 1. 1. 1. 1. 1. 1. 1. 1. 1. 1. 1. 1. 1. 1.],21.154527056566767,0.8665807509245831,0.047271761757902854,8.719315851512496,2.7107957707864134,0.1057264981273409,,,complete inhibition,0
84,AG7960,2,06-16-22,1.7,5,6-OHDA,11,2cell1,right,/Users/johnparker/paper_repos/Aristieta_Parker_Gao_Gittis_Rubin_2024_D1_GPe/data/d1_msns/pre_processed_data/6-OHDA_D1-MSNs_cell_body_stim/Neuron_0011,/Users/johnparker/paper_repos/Aristieta_Parker_Gao_Gittis_Rubin_2024_D1_GPe/data/d1_msns/pre_processed_data/6-OHDA_D1-MSNs_cell_body_stim,6-OHDA_D1-MSNs_cell_body_stim,True,25,250,0.025,/Users/johnparker/paper_repos/Aristieta_Parker_Gao_Gittis_Rubin_2024_D1_GPe/data/d1_msns/processed_data/6-OHDA_D1-MSNs_cell_body_stim/Neuron_0011,10,0.05,"['complete inhibition', 'complete inhibition', 'complete inhibition', 'complete inhibition', 'complete inhibition', 'complete inhibition', 'complete inhibition', 'complete inhibition', 'complete inhibition', 'complete inhibition']",[0 0 0 0 0 0 0 0 0 0],1.0,1.0,1.0,0.0,99,90,3,3,2,2,[],[],"{'complete inhibition': 0, 'adapting inhibition': 1, 'partial inhibition': 2, 'no effect': 3, 'excitation': 4, 'biphasic IE': 5, 'biphasic EI': 6}",8.8,0.7534248618235233,0.1186860872460898,0.12332499999999627,0.9437650000000104,2.3,0.3338786308055061,0.11936958333333578,0.5887774999999991,0.8582725000000039,True,0.0,[1. 1. 1. 1. 1. 1. 1. 1. 1. 1. 1. 1. 1. 1. 1. 1. 1. 1. 1. 1.],7.38438817267161,0.950436106248314,0.13530554945054946,5.48970962836771,1.0926166019885555,0.16822204142011843,,,complete inhibition,0
85,AG7499,2,011122,1.4,4,Naive,55,2,left,/Users/johnparker/paper_repos/Aristieta_Parker_Gao_Gittis_Rubin_2024_D1_GPe/data/d1_msns/pre_processed_data/Naive_D1-MSNs_cell_body_stim/Neuron_0055,/Users/johnparker/paper_repos/Aristieta_Parker_Gao_Gittis_Rubin_2024_D1_GPe/data/d1_msns/pre_processed_data/Naive_D1-MSNs_cell_body_stim,Naive_D1-MSNs_cell_body_stim,True,25,250,0.025,/Users/johnparker/paper_repos/Aristieta_Parker_Gao_Gittis_Rubin_2024_D1_GPe/data/d1_msns/processed_data/Naive_D1-MSNs_cell_body_stim/Neuron_0055,10,0.05,"['complete inhibition', 'complete inhibition', 'complete inhibition', 'complete inhibition', 'complete inhibition', 'complete inhibition', 'complete inhibition', 'complete inhibition', 'complete inhibition', 'complete inhibition']",[0 0 0 0 0 0 0 0 0 0],1.0,1.0,1.0,0.0,99,90,3,3,2,2,[],[],"{'complete inhibition': 0, 'adapting inhibition': 1, 'partial inhibition': 2, 'no effect': 3, 'excitation': 4, 'biphasic IE': 5, 'biphasic EI': 6}",10.8,0.4742481696147851,0.07072227756063339,0.14000250000000847,0.8640375000000035,0.0,0.0,0.0,1.0,1.0,True,0.0,[1. 1. 1. 1. 1. 1. 1. 1. 1. 1. 1. 1. 1. 1. 1. 1. 1. 1. 1. 1.],26.66350032998015,0.6642344917461799,0.037516856610029015,1.8998020119124215,0.9831797151335387,0.21667967836257324,,,complete inhibition,0
86,AG7499,1,011322,1.4,3,Naive,99,2cell1,right,/Users/johnparker/paper_repos/Aristieta_Parker_Gao_Gittis_Rubin_2024_D1_GPe/data/d1_msns/pre_processed_data/Naive_D1-MSNs_cell_body_stim/Neuron_0099,/Users/johnparker/paper_repos/Aristieta_Parker_Gao_Gittis_Rubin_2024_D1_GPe/data/d1_msns/pre_processed_data/Naive_D1-MSNs_cell_body_stim,Naive_D1-MSNs_cell_body_stim,True,25,250,0.025,/Users/johnparker/paper_repos/Aristieta_Parker_Gao_Gittis_Rubin_2024_D1_GPe/data/d1_msns/processed_data/Naive_D1-MSNs_cell_body_stim/Neuron_0099,10,0.05,"['complete inhibition', 'complete inhibition', 'complete inhibition', 'adapting inhibition', 'complete inhibition', 'complete inhibition', 'complete inhibition', 'complete inhibition', 'complete inhibition', 'complete inhibition']",[0 0 0 1 0 0 0 0 0 0],1.0,1.0,1.0,0.0,99,90,3,3,2,2,"[0.7152232215550443, 1.0900332067015528, 1.376776770674881, 1.5922735635035474, 1.620047902968466, 1.5962785450291266, 1.5365445518365743, 1.385098766686685, 1.5567543585311179, 1.471673794714946, 1.3936459501202136, 1.2982339443131266, 0.6675205987305346, 1.100349007939816, 0.8833433153136743, 0.9711898300642228, 1.0569320987537965, 1.1431826130587004, 1.031476077387234, 0.4203254412474411, 0.662351342773193, 0.9771877988770713, 1.4943003788459246, 1.3275546652973536, 1.5472763943754162, 1.4337723317875983, 0.711711631535918, 1.2448212768984284, 1.2822540551612864, 1.3737407487086675, 1.6955508056087878, 1.632087899400168, 1.514043546897194, 1.201471388897295, 1.0370811570846168, 1.0675812175171733, 1.1593273203616343, 1.314367420788794, 1.0863536439159407, 0.1580651815737601, 0.7556301427962606, 1.380212808667646, 1.3995611965514447, 0.6660910578490115, 1.0220460902095962, 1.419154714009061, 1.406726617780072, 1.2732187785595532, 1.5142147808467785, 1.1074139629770536, 1.008349295112176, 1.3901316475111631, 1.5834571473672943, 1.3800857385613918, 1.2581372087288643, 1.2678865406888844, 1.0450451449232003, 1.2671959803547748, 1.40669769406204, 0.36278897553162415, 0.7221494785565159, 1.3207597776247517, 1.5010298348501832, 1.173637791888977, 1.0811740419851212, 0.6949551579901005, 1.186539743504361, 1.6361346170805673, 1.5155356678310707, 1.255354769990186, 1.254423850609359, 0.961430779848496, 1.3162720381011215, 1.3809619948386973, 1.3364252009756035, 1.202993513325299, 1.3062004257300683, 1.5997119688969346, 1.2641322635854026, 0.20975480850636916, 0.8268379419676828, 0.9994943909697472, 0.7238899056214761, 1.1450213792666777, 1.3998637404015846, 1.673756503617457, 1.5848724252449706, 0.9443651471079938, 1.1010941225662652, 1.5312854978167207, 1.6281454074788513, 1.4486000977826075, 1.157853113826681, 1.2664222671720895, 1.0577366592025237, 1.1614124314029102, 1.518594119292063, 1.4929665758652375, 1.0505231168933913, 0.20449627437427645, 0.9405121636396437, 1.6650035437869932, 1.3451214721074685, 1.036311858822733, 1.0924980468264065, 1.2119422065345131, 1.1457921721383377, 1.2748705543480616, 1.1618166518937942, 1.3991723223315204, 1.4489389423934464, 1.368625419290574, 1.5710407779035942, 1.5228102442955842, 0.821137891898104, 1.0716145240279498, 1.0341830453651957, 1.082438060428569, 1.2496457912688066, 0.45838311299548945, 0.6352871470744906, 0.6566601483281953, 1.2879776245325762, 1.2172901626452362, 1.1288563097123825, 1.207617441866753, 1.4515751728205717, 1.1834179312347195, 1.3935881667165808, 1.56600880746424, 1.4917405660797387, 1.327402966727726, 1.5480484822610505, 1.648867618113071, 1.2079676918632183, 1.1451745289246964, 1.1715824974547222, 1.4068174727077116, 1.086580732258737, 0.15847000929974991, 0.8872098181345763, 1.4706151210705332, 1.3249102242633113, 1.3731114572819607, 1.527564510565936, 1.6352105289650243, 1.4726988195147228, 1.095440246887421, 1.238176024271851, 1.4098786693007355, 1.2621364779860988, 1.4389450039591365, 1.323030254661214, 1.0210037520738036, 0.8386999064593298, 0.6836217296913238, 1.0324297486493723, 1.3394480593509832, 1.2788284333149285, 0.2619623108111482, 0.8920346955356784, 1.5658665586018095, 1.4819578367516417, 0.9830785734812107, 0.829527072860225, 1.2877344560511534, 1.2807238153549763, 1.1750723797847595, 0.9392743168827173, 1.460555309552844, 1.6341969415163702, 1.4124679732304786, 1.3385764802231856, 1.173398654447672, 1.4194277398282684, 1.433816224079339, 1.1991826709155158, 1.0649733808867576, 0.99395985253888, 0.34386506497333036, 0.7533335766037699, 1.2186375972365278, 1.4763494282709337, 1.2744528054617612, 0.6707264750977128, 1.0256169837714988, 1.1564472124672778, 1.4032740818346099, 1.5230675961903533, 1.5010464850214236, 1.1838811642162075, 1.4228110658454673, 1.6188079756459866, 1.3926675933061112, 1.340083487534572, 0.9887957198788745, 1.2235782377399123, 1.5429968397131588, 1.0522449244813583, 0.15132282554344562]","[0.0018820617480361393, 0.0018317299594555268, 0.0017748711124096846, 0.0016982234186973706, 0.0016181993289546641, 0.0016352572135813865, 0.0016358037515602482, 0.0016923073968907625, 0.0017306509683612818, 0.0019345486465882195, 0.0021432039186505833, 0.0023223242479530263, 0.0025047940228117497, 0.0026522818850859852, 0.002555831063423968, 0.0024415426855815543, 0.002432680863976156, 0.0024218669327777235, 0.0024187947090586, 0.0024177387659618673, 0.0017514217223638545, 0.0017999163378111403, 0.0017862360937822318, 0.0018423157638889798, 0.0018721571680256311, 0.0018698022666460003, 0.001881126936220239, 0.002145634561373944, 0.0021516809547439814, 0.002128832551870178, 0.002294642403839023, 0.002275917851413004, 0.001989509116396123, 0.0019906789118794696, 0.0019702872341519594, 0.001945423269971843, 0.002224934623949262, 0.0026455310625125676, 0.0028445231462988435, 0.0030761694121413585, 0.0020169835103862927, 0.0019366788934999425, 0.0019195955904933353, 0.00191426399244559, 0.0017860182551129092, 0.001776728634085247, 0.0017775515926388694, 0.0017340566336691285, 0.001778019132874001, 0.0017964257669433879, 0.001901160354768389, 0.002050382182683257, 0.0021480353478009096, 0.002082866028995575, 0.002031483054553136, 0.0021115244766218345, 0.002629363591761748, 0.0032050790103054943, 0.0036518226266906368, 0.0042189873321435215, 0.0018086862347639157, 0.0018931495486992447, 0.001845278679228954, 0.0018744604416501647, 0.0018528421377955054, 0.001876670735955427, 0.0018091204495150023, 0.001848080164918858, 0.001982047925266795, 0.0021639990531884695, 0.0021584768013379065, 0.0022979851665158196, 0.0023241294909858287, 0.0021463101755204925, 0.0019168857993141877, 0.0020518717070900283, 0.0022183227238977026, 0.002521687158418376, 0.0027899795544231954, 0.003104060351622713, 0.0017556393556165564, 0.0021463450567876406, 0.0022853912826897526, 0.0024285546071286493, 0.002635300040995546, 0.002656661704261401, 0.002333773944058054, 0.0021191094009365558, 0.0020068748578185086, 0.0018096074450785684, 0.00171097402942178, 0.0016947005420225277, 0.001728176663016302, 0.0017678155368126107, 0.0017707270024058168, 0.0018459036418251608, 0.0021385853014800837, 0.0024989870888769443, 0.002615825968258177, 0.0028676939439766648, 0.0019027782198521186, 0.0019340416178242148, 0.0020268470345469855, 0.0023353188496341142, 0.0023942603837964157, 0.002262914362991889, 0.0021873005323101097, 0.002035687947394632, 0.001814438966774778, 0.0017631152408711917, 0.001844507769695903, 0.0019192878444303633, 0.0021006469678184763, 0.0020506306800535255, 0.0020101318827900777, 0.002007892025492305, 0.0021148243315073185, 0.002293732908231737, 0.0024398020122954503, 0.0025983661017566118, 0.0018578286475449091, 0.002012008131740596, 0.00215756153046194, 0.0022876438350685094, 0.0023337628073205685, 0.0023084957252110907, 0.0022173585073529704, 0.0022870998872400227, 0.002417867579881469, 0.0024342087600444694, 0.0023896586664616604, 0.002312086116367744, 0.002091779502505368, 0.001827447272156304, 0.0017055314736723354, 0.0016983176452593386, 0.001737325415201067, 0.001861097327861332, 0.0018927193825053767, 0.0019467007091999561, 0.0022689483682579547, 0.002206268872112413, 0.002232663859420213, 0.0023158973785700836, 0.0022234603379712933, 0.002048439482473201, 0.0019828789910476628, 0.0019240174971037413, 0.0018739285589585866, 0.0018726086914833313, 0.00189077363129153, 0.0019402909340396346, 0.0018665213285543752, 0.001884256280845212, 0.0019296411441010488, 0.0018781153313552916, 0.001991567618936623, 0.0023594302636877106, 0.002500183578629671, 0.0025748023653718445, 0.0017809403810430675, 0.0018821923479640109, 0.0018546918831037838, 0.002015611734195403, 0.0021574635650643773, 0.0020916031220225358, 0.0020341382392828266, 0.00209569044652161, 0.001931596749228659, 0.0018933384468094035, 0.002091556097410447, 0.0021699039847216865, 0.0021706802594527305, 0.002166662165892976, 0.0020975748171129364, 0.0019010919564933883, 0.0020086421490347127, 0.0023323694318229883, 0.0025462004304347583, 0.002670874306546999, 0.0020300840471480833, 0.0019871790427465267, 0.0019192286476960756, 0.001854804738435274, 0.0017424650239537512, 0.0016250675337913213, 0.0016734207759722742, 0.001764620863399413, 0.0018983694919402544, 0.0018841534416479337, 0.0019446341991908778, 0.0019971809664211756, 0.002211487688342704, 0.0023594706891251417, 0.002466679595683612, 0.0025093409782353995, 0.002594402127040304, 0.002560514759402745, 0.0024740589045395894, 0.002564905688518678]","{'complete inhibition': 0, 'adapting inhibition': 1, 'partial inhibition': 2, 'no effect': 3, 'excitation': 4, 'biphasic IE': 5, 'biphasic EI': 6}",28.1,0.5594127002624343,0.03755045958912058,0.02137750000000551,0.9752225000000131,1.6,0.24047712460506593,0.08364833333333431,0.7127749999999999,0.9666000000000026,True,0.1,"[1.  1.  1.  1.  1.  1.  1.  1.  1.  1.  1.  1.  1.  1.  1.  1.  1.  0.9
 0.9 0.9]",32.92577852541747,0.4901471793618046,0.030332424006235384,5.333770976080088,0.8716637857719958,0.1405376811594205,,,complete inhibition,0
87,AG7499,2,011122,1.4,1,Naive,52,4,right,/Users/johnparker/paper_repos/Aristieta_Parker_Gao_Gittis_Rubin_2024_D1_GPe/data/d1_msns/pre_processed_data/Naive_D1-MSNs_cell_body_stim/Neuron_0052,/Users/johnparker/paper_repos/Aristieta_Parker_Gao_Gittis_Rubin_2024_D1_GPe/data/d1_msns/pre_processed_data/Naive_D1-MSNs_cell_body_stim,Naive_D1-MSNs_cell_body_stim,True,25,250,0.025,/Users/johnparker/paper_repos/Aristieta_Parker_Gao_Gittis_Rubin_2024_D1_GPe/data/d1_msns/processed_data/Naive_D1-MSNs_cell_body_stim/Neuron_0052,10,0.05,"['complete inhibition', 'complete inhibition', 'complete inhibition', 'complete inhibition', 'complete inhibition', 'complete inhibition', 'complete inhibition', 'complete inhibition', 'complete inhibition', 'complete inhibition']",[0 0 0 0 0 0 0 0 0 0],1.0,1.0,1.0,0.0,99,90,3,3,2,2,[],[],"{'complete inhibition': 0, 'adapting inhibition': 1, 'partial inhibition': 2, 'no effect': 3, 'excitation': 4, 'biphasic IE': 5, 'biphasic EI': 6}",32.5,0.5887219420861485,0.046334839323112484,0.11233000000000501,0.9258100000000006,0.2,0.0,0.0,0.8971199999999981,0.8971199999999981,True,0.0,[1. 1. 1. 1. 1. 1. 1. 1. 1. 1. 1. 1. 1. 1. 1. 1. 1. 1. 1. 1.],4.834587518120546,1.3957478505063448,0.20647530487804877,23.879932286474215,0.7333108800083228,0.030501689189189184,,,complete inhibition,0
88,AG8019,7,061422,1.7,5,Naive,90,4,left,/Users/johnparker/paper_repos/Aristieta_Parker_Gao_Gittis_Rubin_2024_D1_GPe/data/d1_msns/pre_processed_data/Naive_D1-MSNs_cell_body_stim/Neuron_0090,/Users/johnparker/paper_repos/Aristieta_Parker_Gao_Gittis_Rubin_2024_D1_GPe/data/d1_msns/pre_processed_data/Naive_D1-MSNs_cell_body_stim,Naive_D1-MSNs_cell_body_stim,True,25,250,0.025,/Users/johnparker/paper_repos/Aristieta_Parker_Gao_Gittis_Rubin_2024_D1_GPe/data/d1_msns/processed_data/Naive_D1-MSNs_cell_body_stim/Neuron_0090,10,0.05,"['complete inhibition', 'complete inhibition', 'complete inhibition', 'complete inhibition', 'complete inhibition', 'complete inhibition', 'complete inhibition', 'complete inhibition', 'complete inhibition', 'complete inhibition']",[0 0 0 0 0 0 0 0 0 0],1.0,1.0,1.0,0.0,99,90,3,3,2,2,[],[],"{'complete inhibition': 0, 'adapting inhibition': 1, 'partial inhibition': 2, 'no effect': 3, 'excitation': 4, 'biphasic IE': 5, 'biphasic EI': 6}",9.7,0.990199823762058,0.10004878409090963,0.08346249999999031,0.8762000000000022,0.3,0.0,0.0,0.7955474999999943,0.7955474999999943,True,0.0,[1. 1. 1. 1. 1. 1. 1. 1. 1. 1. 1. 1. 1. 1. 1. 1. 1. 1. 1. 1.],9.700943503189668,0.8902936880912143,0.1030547794117647,8.907784600413153,2.129378993732512,0.11144633867276885,,,complete inhibition,0
89,AG7960,1,062122,1.4,4,Naive,64,7,left,/Users/johnparker/paper_repos/Aristieta_Parker_Gao_Gittis_Rubin_2024_D1_GPe/data/d1_msns/pre_processed_data/Naive_D1-MSNs_cell_body_stim/Neuron_0064,/Users/johnparker/paper_repos/Aristieta_Parker_Gao_Gittis_Rubin_2024_D1_GPe/data/d1_msns/pre_processed_data/Naive_D1-MSNs_cell_body_stim,Naive_D1-MSNs_cell_body_stim,True,25,250,0.025,/Users/johnparker/paper_repos/Aristieta_Parker_Gao_Gittis_Rubin_2024_D1_GPe/data/d1_msns/processed_data/Naive_D1-MSNs_cell_body_stim/Neuron_0064,10,0.05,"['excitation', 'excitation', 'excitation', 'excitation', 'excitation', 'excitation', 'excitation', 'excitation', 'excitation', 'excitation']",[4 4 4 4 4 4 4 4 4 4],1.0,1.0,1.0,0.0,99,90,3,3,2,2,"[9.03754978e-159 9.03754978e-159 2.73653773e-136 ... 2.64661503e+000
 2.72425051e+000 2.79548694e+000]",[0.00133647 0.001368   0.00137113 ... 0.03606982 0.03606982 0.03606982],"{'complete inhibition': 0, 'adapting inhibition': 1, 'partial inhibition': 2, 'no effect': 3, 'excitation': 4, 'biphasic IE': 5, 'biphasic EI': 6}",14.0,0.801135046126381,0.07578135243506476,0.0745674999999963,0.9120224999999984,72.8,0.8514493180811925,0.013864170845999038,0.014277500000001452,0.984384999999994,True,4.0,"[2.  2.  2.  2.  2.  2.  2.  2.  1.8 1.6 1.6 1.8 1.4 1.4 1.6 1.4 1.2 1.
 1.  0.6]",17.551507737953877,0.9700451736795759,0.0569200371057514,12.085977988229592,1.8582924359954838,0.0773908355795148,1.4213538297070962,0.012997110066270221,excitation,4
90,AG7960,1,062122,1.4,4,Naive,63,5,left,/Users/johnparker/paper_repos/Aristieta_Parker_Gao_Gittis_Rubin_2024_D1_GPe/data/d1_msns/pre_processed_data/Naive_D1-MSNs_cell_body_stim/Neuron_0063,/Users/johnparker/paper_repos/Aristieta_Parker_Gao_Gittis_Rubin_2024_D1_GPe/data/d1_msns/pre_processed_data/Naive_D1-MSNs_cell_body_stim,Naive_D1-MSNs_cell_body_stim,True,25,250,0.025,/Users/johnparker/paper_repos/Aristieta_Parker_Gao_Gittis_Rubin_2024_D1_GPe/data/d1_msns/processed_data/Naive_D1-MSNs_cell_body_stim/Neuron_0063,10,0.05,"['no effect', 'excitation', 'no effect', 'no effect', 'excitation', 'excitation', 'no effect', 'no effect', 'no effect', 'no effect']",[3 4 3 3 4 4 3 3 3 3],1.0,1.0,1.0,0.0,99,90,3,3,2,2,"[1.25006814e-03 3.34590069e-03 3.35309134e-03 ... 3.35108330e+00
 3.38537264e+00 3.51787997e+00]","[3.34590651e-03 3.34979899e-03 3.35183398e-03 ... 3.20364076e+00
 3.32508416e+00 3.67972406e+00]","{'complete inhibition': 0, 'adapting inhibition': 1, 'partial inhibition': 2, 'no effect': 3, 'excitation': 4, 'biphasic IE': 5, 'biphasic EI': 6}",32.9,0.5305497363626168,0.030089256105371377,0.02978999999998706,0.9812024999999978,36.9,0.5631502136782038,0.027610953519597255,0.028092500000005315,0.9808050000000001,False,3.3,"[0.1 0.  0.4 0.2 0.2 0.4 0.2 0.  0.2 0.  0.2 0.2 0.2 0.2 0.6 0.  0.2 0.6
 0.6 0.2]",28.66149827087556,0.6088430940236573,0.034866652470187394,26.644457529905882,0.6439161185684348,0.035130681124007315,2.255214010841026,0.906493595623843,no effect,3
91,AG7499,1,011322,1.4,3,Naive,97,12,right,/Users/johnparker/paper_repos/Aristieta_Parker_Gao_Gittis_Rubin_2024_D1_GPe/data/d1_msns/pre_processed_data/Naive_D1-MSNs_cell_body_stim/Neuron_0097,/Users/johnparker/paper_repos/Aristieta_Parker_Gao_Gittis_Rubin_2024_D1_GPe/data/d1_msns/pre_processed_data/Naive_D1-MSNs_cell_body_stim,Naive_D1-MSNs_cell_body_stim,True,25,250,0.025,/Users/johnparker/paper_repos/Aristieta_Parker_Gao_Gittis_Rubin_2024_D1_GPe/data/d1_msns/processed_data/Naive_D1-MSNs_cell_body_stim/Neuron_0097,10,0.05,"['biphasic IE', 'excitation', 'no effect', 'biphasic IE', 'biphasic IE', 'biphasic IE', 'biphasic IE', 'biphasic IE', 'excitation', 'biphasic IE']",[5 4 3 5 5 5 5 5 4 5],1.0,1.0,1.0,0.0,99,90,3,3,2,2,[0.36583511 0.43806509 0.48219579 ... 3.72391288 3.75011202 3.77555548],[0.16275233 0.51422657 0.51539369 ... 3.75385481 3.76951395 3.92705468],"{'complete inhibition': 0, 'adapting inhibition': 1, 'partial inhibition': 2, 'no effect': 3, 'excitation': 4, 'biphasic IE': 5, 'biphasic EI': 6}",45.4,0.32284446424155483,0.022335238782582714,0.009029999999999205,0.9839225000000056,56.2,0.8924968488540859,0.017579590664444884,0.03910000000000195,0.9902825000000028,False,4.6,"[0.8 0.7 0.6 0.5 0.2 0.8 1.2 1.2 0.8 1.  1.6 1.6 1.2 1.6 1.4 1.2 1.4 1.4
 1.4 1. ]",49.43995404751159,0.3703062005163912,0.020222353399065904,42.567595289869935,0.42591450433153494,0.023490189873417704,2.8482195528501912,1.6022154763981713,biphasic IE,5
92,AG7499,2,011122,1.7,5,Naive,37,9,left,/Users/johnparker/paper_repos/Aristieta_Parker_Gao_Gittis_Rubin_2024_D1_GPe/data/d1_msns/pre_processed_data/Naive_D1-MSNs_cell_body_stim/Neuron_0037,/Users/johnparker/paper_repos/Aristieta_Parker_Gao_Gittis_Rubin_2024_D1_GPe/data/d1_msns/pre_processed_data/Naive_D1-MSNs_cell_body_stim,Naive_D1-MSNs_cell_body_stim,True,25,250,0.025,/Users/johnparker/paper_repos/Aristieta_Parker_Gao_Gittis_Rubin_2024_D1_GPe/data/d1_msns/processed_data/Naive_D1-MSNs_cell_body_stim/Neuron_0037,10,0.05,"['complete inhibition', 'complete inhibition', 'complete inhibition', 'complete inhibition', 'complete inhibition', 'complete inhibition', 'complete inhibition', 'complete inhibition', 'complete inhibition', 'complete inhibition']",[0 0 0 0 0 0 0 0 0 0],1.0,1.0,1.0,0.0,99,90,3,3,2,2,[],[],"{'complete inhibition': 0, 'adapting inhibition': 1, 'partial inhibition': 2, 'no effect': 3, 'excitation': 4, 'biphasic IE': 5, 'biphasic EI': 6}",15.2,0.6558499710006124,0.07988452719924877,0.08528500000001742,0.9345200000000069,0.8,0.008248324103759431,0.10876750000000009,0.6296250000000029,0.7812800000000031,True,0.0,[1. 1. 1. 1. 1. 1. 1. 1. 1. 1. 1. 1. 1. 1. 1. 1. 1. 1. 1. 1.],29.261117862900768,0.7947595594045629,0.034172426796805676,5.265963587029128,2.2755841255139013,0.1887560643564358,,,complete inhibition,0
93,AG8019,8,060922,1.4,1,Naive,8,6,right,/Users/johnparker/paper_repos/Aristieta_Parker_Gao_Gittis_Rubin_2024_D1_GPe/data/d1_msns/pre_processed_data/Naive_D1-MSNs_cell_body_stim/Neuron_0008,/Users/johnparker/paper_repos/Aristieta_Parker_Gao_Gittis_Rubin_2024_D1_GPe/data/d1_msns/pre_processed_data/Naive_D1-MSNs_cell_body_stim,Naive_D1-MSNs_cell_body_stim,True,25,250,0.025,/Users/johnparker/paper_repos/Aristieta_Parker_Gao_Gittis_Rubin_2024_D1_GPe/data/d1_msns/processed_data/Naive_D1-MSNs_cell_body_stim/Neuron_0008,10,0.05,"['complete inhibition', 'complete inhibition', 'complete inhibition', 'partial inhibition', 'complete inhibition', 'complete inhibition', 'adapting inhibition', 'adapting inhibition', 'biphasic IE', 'biphasic IE']",[0 0 0 2 0 0 1 1 5 5],1.0,1.0,1.0,0.0,99,90,3,3,2,2,"[2.04917812e-11 2.15956672e-06 3.02144175e-05 3.05943148e-05
 3.32863326e-05 3.63305537e-05 1.05547051e-04 1.08722981e-04
 1.51161000e-04 3.78168629e-04 4.48107861e-04 4.51057075e-04
 1.18047242e-03 1.45026083e-03 1.68410980e-03 1.72034425e-03
 3.45593163e-03 3.89793394e-03 4.08882530e-03 5.07883559e-03
 7.89783018e-03 9.51518978e-03 1.00352578e-02 1.00352578e-02
 1.05276132e-02 1.19174009e-02 1.31018641e-02 1.74100594e-02
 1.78136170e-02 2.05522095e-02 2.18840292e-02 3.24305514e-02
 4.14716640e-02 4.23824225e-02 4.44838195e-02 4.47430895e-02
 5.09795066e-02 5.25546718e-02 5.35794549e-02 6.78614265e-02
 6.98687773e-02 6.98720130e-02 7.85757169e-02 8.18773917e-02
 8.91896634e-02 8.92301246e-02 9.33986485e-02 9.45943894e-02
 9.99725742e-02 1.11606811e-01 1.14763560e-01 1.28496876e-01
 1.30878965e-01 1.48443714e-01 1.50629998e-01 1.55627398e-01
 1.60994074e-01 1.62668720e-01 1.72918133e-01 1.80800133e-01
 2.03380617e-01 2.08276999e-01 2.21964080e-01 2.31038100e-01
 2.38967017e-01 2.51075378e-01 2.53474135e-01 2.54548915e-01
 2.56599080e-01 2.56604533e-01 2.61401860e-01 2.79310095e-01
 3.05671660e-01 3.57060018e-01 3.58601642e-01 3.63321142e-01
 3.63321142e-01 3.69661237e-01 3.71666186e-01 3.80479302e-01
 3.96946520e-01 4.05095615e-01 4.43459076e-01 4.48332546e-01
 4.68180224e-01 4.72498310e-01 4.82283655e-01 4.88353039e-01
 4.93475940e-01 4.95277066e-01 5.00706533e-01 5.13003089e-01
 5.46896270e-01 5.48194691e-01 5.60474652e-01 5.69935896e-01
 5.71652572e-01 5.74932979e-01 5.76778615e-01 5.80070337e-01
 5.80070337e-01 5.80330806e-01 5.98607730e-01 6.08903170e-01
 6.18359757e-01 6.31016288e-01 6.31731162e-01 6.36832183e-01
 6.40255434e-01 6.41817531e-01 6.45296561e-01 6.53056513e-01
 6.55359770e-01 6.64894297e-01 6.65546283e-01 6.67062333e-01
 6.68143730e-01 6.82971373e-01 6.84805035e-01 6.87433672e-01
 6.88468612e-01 6.91079942e-01 6.95843970e-01 6.97459199e-01
 7.03342119e-01 7.05987385e-01 7.08828921e-01 7.12252623e-01
 7.13584467e-01 7.31034498e-01 7.36196245e-01 7.43157223e-01
 7.45760633e-01 7.46549019e-01 7.56530971e-01 7.58337488e-01
 7.58390732e-01 7.63529386e-01 7.64467167e-01 7.68950789e-01
 7.70769136e-01 7.73786474e-01 7.77394826e-01 7.86317743e-01
 7.87812699e-01 7.89606027e-01 8.03663566e-01 8.04345014e-01
 8.04834318e-01 8.06411751e-01 8.06782297e-01 8.10461738e-01
 8.19842581e-01 8.20820078e-01 8.25923720e-01 8.25979077e-01
 8.27273438e-01 8.30411652e-01 8.33582664e-01 8.36345377e-01
 8.37401483e-01 8.46109981e-01 8.46365273e-01 8.47231358e-01
 8.56665011e-01 8.59616626e-01 8.62391117e-01 8.67521894e-01
 8.67802885e-01 8.69828835e-01 8.70165590e-01 8.71350655e-01
 8.77122017e-01 8.85997491e-01 8.87857035e-01 8.91416082e-01
 8.98149539e-01 8.98228746e-01 9.00657250e-01 9.03109613e-01
 9.06600520e-01 9.08400838e-01 9.09116098e-01 9.14806144e-01
 9.14919198e-01 9.20448179e-01 9.20938381e-01 9.24949836e-01
 9.31252447e-01 9.32620069e-01 9.35185739e-01 9.36526741e-01
 9.40884941e-01 9.41079277e-01 9.41859750e-01 9.45192025e-01
 9.47403647e-01 9.50625622e-01 9.51711959e-01 9.58994369e-01
 9.61458765e-01 9.61649938e-01 9.64180661e-01 9.65290856e-01
 9.68321579e-01 9.70468501e-01 9.71391989e-01 9.74857330e-01
 9.75053502e-01 9.78270516e-01 9.81658081e-01 9.81761797e-01
 9.87872421e-01 9.89512473e-01 9.90067829e-01 9.90431832e-01
 9.92296436e-01 9.99263517e-01 1.00200072e+00 1.01068072e+00
 1.01088824e+00 1.01420551e+00 1.01563756e+00 1.01975902e+00
 1.02134160e+00 1.02210357e+00 1.02330544e+00 1.02478895e+00
 1.02638937e+00 1.02803223e+00 1.02829387e+00 1.03105972e+00
 1.03107090e+00 1.03427012e+00 1.03576248e+00 1.03810348e+00
 1.03822025e+00 1.04039474e+00 1.04219253e+00 1.04300211e+00
 1.04779159e+00 1.05011335e+00 1.05046229e+00 1.05267923e+00
 1.05288942e+00 1.05873425e+00 1.05886023e+00 1.06268931e+00
 1.06478209e+00 1.06498765e+00 1.06803138e+00 1.06951136e+00
 1.07109962e+00 1.07127719e+00 1.07511938e+00 1.07565515e+00
 1.07613714e+00 1.07630614e+00 1.07656766e+00 1.07828762e+00
 1.07879033e+00 1.08034090e+00 1.08663555e+00 1.08730390e+00
 1.08782377e+00 1.08844110e+00 1.09309865e+00 1.09430456e+00
 1.09931674e+00 1.10390268e+00 1.11283401e+00 1.11605373e+00
 1.11940859e+00 1.12006142e+00 1.12154431e+00 1.12262551e+00
 1.12369413e+00 1.12389329e+00 1.12465343e+00 1.12816517e+00
 1.13043194e+00 1.13415019e+00 1.13526915e+00 1.13533515e+00
 1.13809842e+00 1.13879381e+00 1.14068227e+00 1.14092416e+00
 1.14129752e+00 1.15296969e+00 1.15362075e+00 1.15382367e+00
 1.15504564e+00 1.15628554e+00 1.15632883e+00 1.16059979e+00
 1.16093503e+00 1.16441439e+00 1.16712878e+00 1.16731485e+00
 1.16918148e+00 1.17001746e+00 1.17222286e+00 1.17375170e+00
 1.17616908e+00 1.17691212e+00 1.17715319e+00 1.17974414e+00
 1.18292460e+00 1.18362157e+00 1.18532955e+00 1.18687495e+00
 1.18886717e+00 1.18966684e+00 1.19397096e+00 1.19713556e+00
 1.19753173e+00 1.19874585e+00 1.19987555e+00 1.19997186e+00
 1.20150914e+00 1.20174965e+00 1.20298068e+00 1.20373808e+00
 1.20443606e+00 1.20820963e+00 1.21059321e+00 1.21420459e+00
 1.21628616e+00 1.21882744e+00 1.21927682e+00 1.21980416e+00
 1.21995787e+00 1.22164769e+00 1.22344220e+00 1.22752282e+00
 1.23710443e+00 1.24081959e+00 1.24219022e+00 1.24281987e+00
 1.24302310e+00 1.24365442e+00 1.24383667e+00 1.24438235e+00
 1.24767939e+00 1.24779813e+00 1.24807883e+00 1.24827173e+00
 1.24955683e+00 1.24973609e+00 1.25168819e+00 1.25190926e+00
 1.25351161e+00 1.25787134e+00 1.25806763e+00 1.25953123e+00
 1.26080746e+00 1.26083010e+00 1.26233612e+00 1.26586033e+00
 1.26855611e+00 1.27427612e+00 1.27462087e+00 1.27514227e+00
 1.28266151e+00 1.28300684e+00 1.28389416e+00 1.28437347e+00
 1.28607434e+00 1.28991568e+00 1.29154375e+00 1.29356605e+00
 1.29518308e+00 1.29931077e+00 1.30417215e+00 1.30504614e+00
 1.30678941e+00 1.30712185e+00 1.31090464e+00 1.31197867e+00
 1.31715618e+00 1.31716019e+00 1.31836305e+00 1.32028718e+00
 1.32036923e+00 1.33180706e+00 1.33587231e+00 1.33720209e+00
 1.34075757e+00 1.34218518e+00 1.34228556e+00 1.34280956e+00
 1.34560191e+00 1.34663302e+00 1.34865820e+00 1.34886644e+00
 1.35071026e+00 1.35114951e+00 1.35175356e+00 1.35820440e+00
 1.35847129e+00 1.35886296e+00 1.36025836e+00 1.36155183e+00
 1.36940136e+00 1.37027063e+00 1.37059362e+00 1.37241641e+00
 1.37415774e+00 1.37527494e+00 1.37691036e+00 1.37728780e+00
 1.38075053e+00 1.38087324e+00 1.38557871e+00 1.38670196e+00
 1.40143240e+00 1.40382316e+00 1.40734644e+00 1.41052583e+00
 1.41128392e+00 1.41221709e+00 1.41289080e+00 1.41385965e+00
 1.41386216e+00 1.41411043e+00 1.41521029e+00 1.41647936e+00
 1.41707625e+00 1.41931200e+00 1.41992190e+00 1.42045626e+00
 1.42063000e+00 1.42110011e+00 1.42810521e+00 1.42829089e+00
 1.42876902e+00 1.43094868e+00 1.43174717e+00 1.43264070e+00
 1.43392629e+00 1.43526936e+00 1.43668890e+00 1.43864843e+00
 1.43898967e+00 1.44029589e+00 1.44125097e+00 1.44535626e+00
 1.44566607e+00 1.44598786e+00 1.44598791e+00 1.44706167e+00
 1.45287322e+00 1.45323379e+00 1.45457635e+00 1.46072744e+00
 1.46076912e+00 1.46172132e+00 1.46230037e+00 1.46398964e+00
 1.46751956e+00 1.46806016e+00 1.46990868e+00 1.47082947e+00
 1.47270507e+00 1.47470436e+00 1.47503236e+00 1.47656869e+00
 1.48441267e+00 1.48662406e+00 1.48689039e+00 1.48886192e+00
 1.48930689e+00 1.49280817e+00 1.49356353e+00 1.49739130e+00
 1.49849807e+00 1.50163070e+00 1.50429713e+00 1.50528056e+00
 1.50626146e+00 1.50628414e+00 1.50654173e+00 1.50662141e+00
 1.50781722e+00 1.50898397e+00 1.50925797e+00 1.51180315e+00
 1.51935524e+00 1.52010809e+00 1.52086755e+00 1.52320322e+00
 1.52442158e+00 1.52606647e+00 1.52629093e+00 1.52724745e+00
 1.53423490e+00 1.53809979e+00 1.54134232e+00 1.54607468e+00
 1.54712404e+00 1.54861568e+00 1.54958462e+00 1.55270352e+00
 1.55562060e+00 1.56003634e+00 1.56347838e+00 1.56470330e+00
 1.56576120e+00 1.56632397e+00 1.56690857e+00 1.57075089e+00
 1.57123367e+00 1.57967329e+00 1.58303725e+00 1.58329295e+00
 1.58477873e+00 1.58641316e+00 1.58743560e+00 1.58820481e+00
 1.59011236e+00 1.59277001e+00 1.59315018e+00 1.59335569e+00
 1.59364894e+00 1.60434491e+00 1.60532444e+00 1.60616243e+00
 1.60752582e+00 1.60784376e+00 1.60817279e+00 1.60895305e+00
 1.61096850e+00 1.61139685e+00 1.61258249e+00 1.61266791e+00
 1.61509818e+00 1.61574839e+00 1.61770473e+00 1.62145757e+00
 1.62150678e+00 1.62344943e+00 1.62421067e+00 1.62426025e+00
 1.62672988e+00 1.62923628e+00 1.62995683e+00 1.63269894e+00
 1.63283700e+00 1.63298405e+00 1.63698340e+00 1.63952643e+00
 1.64285703e+00 1.64363204e+00 1.64576091e+00 1.64594067e+00
 1.64782442e+00 1.64786474e+00 1.64798047e+00 1.64941056e+00
 1.65030138e+00 1.65158629e+00 1.65268350e+00 1.65327591e+00
 1.65488394e+00 1.65641393e+00 1.65776331e+00 1.65799341e+00
 1.66099485e+00 1.66375176e+00 1.66766651e+00 1.66919534e+00
 1.67205433e+00 1.67561634e+00 1.67630831e+00 1.68023302e+00
 1.68150210e+00 1.68753280e+00 1.69837123e+00 1.69860110e+00
 1.70167154e+00 1.70232265e+00 1.70336861e+00 1.70681044e+00
 1.70896650e+00 1.71612100e+00 1.71716764e+00 1.71751898e+00
 1.72454675e+00 1.73027689e+00 1.73211772e+00 1.73538184e+00
 1.73780817e+00 1.74180981e+00 1.74211147e+00 1.74540839e+00
 1.74744251e+00 1.74815894e+00 1.74839673e+00 1.74847902e+00
 1.75069385e+00 1.75281372e+00 1.75702394e+00 1.76368405e+00
 1.76386784e+00 1.76741508e+00 1.76907842e+00 1.76913791e+00
 1.77159298e+00 1.77382012e+00 1.77432862e+00 1.77590736e+00
 1.77767869e+00 1.77932396e+00 1.78483082e+00 1.78520211e+00
 1.78611291e+00 1.79101292e+00 1.79131631e+00 1.79274013e+00
 1.80116943e+00 1.80220780e+00 1.80441324e+00 1.80943061e+00
 1.81099587e+00 1.81143440e+00 1.81448826e+00 1.81677049e+00
 1.81800283e+00 1.81824268e+00 1.81829885e+00 1.81940947e+00
 1.81948058e+00 1.83692985e+00 1.83884379e+00 1.83941513e+00
 1.84261252e+00 1.84473623e+00 1.84625610e+00 1.85378324e+00
 1.85918246e+00 1.86137358e+00 1.86281021e+00 1.86321879e+00
 1.86716163e+00 1.86927050e+00 1.86974813e+00 1.87001465e+00
 1.87035049e+00 1.87269331e+00 1.87398603e+00 1.87486487e+00
 1.88194144e+00 1.88749592e+00 1.89033395e+00 1.89064476e+00
 1.89229464e+00 1.90778113e+00 1.91730108e+00 1.91863942e+00
 1.91991624e+00 1.92244056e+00 1.92311556e+00 1.92361028e+00
 1.92643792e+00 1.92709523e+00 1.92799305e+00 1.94385617e+00
 1.94387434e+00 1.94484669e+00 1.94697841e+00 1.94728511e+00
 1.95392732e+00 1.96002954e+00 1.96029518e+00 1.96210313e+00
 1.96214615e+00 1.96407341e+00 1.96674594e+00 1.96899401e+00
 1.96988155e+00 1.97214935e+00 1.97615899e+00 1.97632082e+00
 1.97851505e+00 1.98366603e+00 1.98745296e+00 1.98989254e+00
 1.99214794e+00 1.99231453e+00 1.99287992e+00 1.99983718e+00
 2.00241078e+00 2.00376218e+00 2.00609018e+00 2.00718412e+00
 2.00938918e+00 2.02016440e+00 2.02115576e+00 2.02297356e+00
 2.02432213e+00 2.02461340e+00 2.02589970e+00 2.02734545e+00
 2.03280951e+00 2.03356097e+00 2.03387849e+00 2.03908126e+00
 2.03943404e+00 2.04012449e+00 2.04071747e+00 2.04912442e+00
 2.05093575e+00 2.05363223e+00 2.05439796e+00 2.05640905e+00
 2.05647533e+00 2.05700215e+00 2.05703520e+00 2.06715975e+00
 2.06761515e+00 2.07359398e+00 2.07497060e+00 2.07590184e+00
 2.08364553e+00 2.08743141e+00 2.08789150e+00 2.08814089e+00
 2.08848610e+00 2.08865494e+00 2.08887339e+00 2.09039009e+00
 2.09626839e+00 2.11564124e+00 2.11936984e+00 2.12693647e+00
 2.12766880e+00 2.12982680e+00 2.13120853e+00 2.13284408e+00
 2.13298029e+00 2.13302534e+00 2.13664184e+00 2.13709279e+00
 2.13782592e+00 2.13903256e+00 2.14400766e+00 2.14412307e+00
 2.14541238e+00 2.14652870e+00 2.14671598e+00 2.14914245e+00
 2.15464801e+00 2.15509897e+00 2.15695219e+00 2.15737287e+00
 2.15830815e+00 2.15840710e+00 2.16163700e+00 2.16311095e+00
 2.16337573e+00 2.16343484e+00 2.16492398e+00 2.16704999e+00
 2.16809971e+00 2.17131387e+00 2.17273698e+00 2.17569345e+00
 2.18060812e+00 2.18084937e+00 2.18125134e+00 2.18471753e+00
 2.18982165e+00 2.19199699e+00 2.19422843e+00 2.19605496e+00
 2.20306511e+00 2.21013571e+00 2.21974602e+00 2.23685484e+00
 2.25450009e+00 2.25891718e+00 2.27339436e+00 2.27347129e+00
 2.27951735e+00 2.28093468e+00 2.28727760e+00 2.29046088e+00
 2.29245450e+00 2.29401211e+00 2.29888104e+00 2.30153568e+00
 2.30373493e+00 2.31012213e+00 2.31192011e+00 2.31637535e+00
 2.32197375e+00 2.32298938e+00 2.32700295e+00 2.33105317e+00
 2.33962643e+00 2.34012625e+00 2.34021779e+00 2.34070612e+00
 2.35689365e+00 2.35741847e+00 2.35994820e+00 2.36031733e+00
 2.36199906e+00 2.37158194e+00 2.37576000e+00 2.38126507e+00
 2.38718354e+00 2.38871447e+00 2.39354003e+00 2.39398222e+00
 2.39515350e+00 2.39604603e+00 2.39937020e+00 2.40102858e+00
 2.40522638e+00 2.40657106e+00 2.40836672e+00 2.40910101e+00
 2.41676546e+00 2.42132356e+00 2.42783355e+00 2.43651498e+00
 2.44186075e+00 2.44724084e+00 2.46158595e+00 2.46416633e+00
 2.46599010e+00 2.47731613e+00 2.47953106e+00 2.48284781e+00
 2.49334062e+00 2.50110741e+00 2.50706839e+00 2.51162088e+00
 2.51546453e+00 2.52167603e+00 2.52499181e+00 2.52810658e+00
 2.52941335e+00 2.53096346e+00 2.53913651e+00 2.54020941e+00
 2.54118944e+00 2.54423483e+00 2.54708051e+00 2.55433488e+00
 2.55649721e+00 2.55863471e+00 2.56774398e+00 2.56809524e+00
 2.56902194e+00 2.57311175e+00 2.57817187e+00 2.57984095e+00
 2.58381078e+00 2.58385711e+00 2.59662804e+00 2.59917506e+00
 2.60047466e+00 2.60080984e+00 2.60276847e+00 2.62228089e+00
 2.62246745e+00 2.62590121e+00 2.62646836e+00 2.62963254e+00
 2.63214256e+00 2.64625579e+00 2.65079553e+00 2.65605294e+00
 2.65913788e+00 2.66018977e+00 2.66690594e+00 2.68220702e+00
 2.68360459e+00 2.68542237e+00 2.69101027e+00 2.70081203e+00
 2.71394030e+00 2.71600934e+00 2.71872640e+00 2.71927367e+00
 2.74754265e+00 2.75871975e+00 2.75907700e+00 2.75996093e+00
 2.76675174e+00 2.76954222e+00 2.77088823e+00 2.79190890e+00
 2.80134419e+00 2.80859369e+00 2.81411711e+00 2.81500327e+00
 2.81626866e+00 2.81670039e+00 2.83371914e+00 2.84071004e+00
 2.84669576e+00 2.84801439e+00 2.84846586e+00 2.84920749e+00
 2.85298051e+00 2.85770030e+00 2.85916135e+00 2.86368394e+00
 2.87336321e+00 2.88340839e+00 2.88834117e+00 2.88916531e+00
 2.90253081e+00 2.90506739e+00 2.91976787e+00 2.93434071e+00
 2.93712551e+00 2.93788011e+00 2.94028972e+00 2.94309607e+00
 2.94586996e+00 2.94982261e+00 2.95273472e+00 2.96271704e+00
 2.97096450e+00 2.97399941e+00 2.97741862e+00 2.98156209e+00
 2.98689978e+00 2.98848854e+00 2.99335637e+00 2.99924498e+00
 3.01117858e+00 3.03971886e+00 3.05935984e+00 3.06625779e+00
 3.07482008e+00 3.08952498e+00 3.10541819e+00 3.11416541e+00
 3.12846691e+00 3.13307117e+00 3.13846192e+00 3.13963267e+00
 3.14198862e+00 3.15253596e+00 3.18457817e+00 3.20744429e+00
 3.21404307e+00 3.23103075e+00 3.23372323e+00 3.24832133e+00
 3.26884301e+00 3.27479879e+00 3.27574015e+00 3.27664956e+00
 3.28262383e+00 3.28588425e+00 3.29424989e+00 3.30018090e+00
 3.32819324e+00 3.33704059e+00 3.34989418e+00 3.36223587e+00
 3.40107786e+00 3.41523789e+00 3.43421753e+00 3.43916964e+00
 3.47185929e+00 3.47487089e+00 3.48799903e+00 3.54470116e+00
 3.58342377e+00 3.58551402e+00 3.59640958e+00 3.60827639e+00
 3.61806857e+00 3.63117173e+00 3.64294333e+00 3.66521464e+00
 3.66552458e+00 3.75401458e+00 3.88098391e+00 3.96363229e+00
 4.07965178e+00 4.08175288e+00 4.08382686e+00 4.12239140e+00
 4.13903952e+00 4.17895912e+00 4.30384236e+00 4.30706703e+00
 4.35195448e+00 4.40327181e+00 4.45741121e+00 4.71684961e+00]","[0.00080317 0.00080346 0.00083951 0.00084085 0.00086734 0.00087433
 0.00087781 0.00088445 0.00088799 0.00088817 0.00089227 0.00089299
 0.00089646 0.00092292 0.00092345 0.00093391 0.0009403  0.00094153
 0.00094843 0.00095127 0.00095145 0.00095516 0.00095595 0.00095679
 0.00095868 0.00096017 0.00096369 0.00096795 0.0009692  0.00097739
 0.00097959 0.00098746 0.00098891 0.00099171 0.00099691 0.00099972
 0.00100013 0.00100052 0.00100302 0.00100418 0.00100509 0.00100969
 0.00100995 0.00102001 0.00102253 0.00102875 0.00102934 0.00102939
 0.00103223 0.00103361 0.00103613 0.00103782 0.0010388  0.00103987
 0.00104234 0.00104316 0.00105215 0.00105887 0.00106105 0.00106175
 0.00106376 0.00106686 0.00106836 0.00106852 0.00106946 0.00106962
 0.00107172 0.00107552 0.00107615 0.00107631 0.00107727 0.00107886
 0.00107993 0.00108415 0.00108427 0.00108963 0.00108991 0.00109649
 0.00109757 0.00110365 0.00110506 0.0011059  0.00110604 0.00110717
 0.00111056 0.00111063 0.00111187 0.0011134  0.00111352 0.001114
 0.00112187 0.00112564 0.00112609 0.00113011 0.00113048 0.00113053
 0.00113113 0.00113293 0.00113299 0.00113331 0.00113466 0.00113588
 0.00113615 0.00113749 0.00113972 0.0011452  0.00114584 0.00114685
 0.00114706 0.00114779 0.00115055 0.00115279 0.0011528  0.00115301
 0.00115673 0.00115677 0.00115918 0.00116254 0.00116299 0.0011639
 0.00116423 0.00116503 0.00116765 0.00116957 0.0011719  0.00117212
 0.00117319 0.00117348 0.00117493 0.0011771  0.00117763 0.0011803
 0.0011826  0.00118286 0.00118488 0.00118676 0.00119078 0.0011929
 0.00119348 0.00119716 0.00119891 0.00119991 0.0012004  0.00120065
 0.00120176 0.00120204 0.00120211 0.00120286 0.00120566 0.00120794
 0.00120957 0.00120982 0.00121221 0.0012136  0.00121467 0.00121513
 0.00121781 0.00122294 0.0012233  0.0012247  0.00122644 0.00122752
 0.0012278  0.00123185 0.00123255 0.00123275 0.00123524 0.00123835
 0.0012417  0.0012418  0.0012461  0.00124706 0.00124776 0.00124897
 0.00125164 0.00125439 0.00125471 0.00125581 0.0012564  0.00126021
 0.00126188 0.00126229 0.00126254 0.00126254 0.00126367 0.00126577
 0.00126722 0.00126972 0.00127083 0.00127147 0.00127177 0.00127568
 0.0012763  0.00127642 0.00128203 0.00128212 0.00128222 0.00128555
 0.0012861  0.00128644 0.0012884  0.00128949 0.00129117 0.00129119
 0.00129173 0.00129384 0.00129396 0.00129411 0.00129477 0.00129676
 0.00129684 0.0012979  0.00129818 0.00129875 0.00130006 0.00130152
 0.00130182 0.00130365 0.00130377 0.00130406 0.00130613 0.00130652
 0.00130694 0.00131768 0.00132201 0.00132313 0.00132661 0.00132829
 0.00133092 0.00133123 0.00133166 0.00133204 0.00133308 0.00133378
 0.00133513 0.0013364  0.00133887 0.00133972 0.00134107 0.00134275
 0.001345   0.00134757 0.00135034 0.0013515  0.00135178 0.00135265
 0.00135377 0.00135544 0.00135953 0.0013645  0.00136521 0.00136559
 0.00136567 0.00136748 0.00137143 0.001372   0.00137343 0.00137407
 0.00137451 0.00137655 0.00137845 0.00138244 0.00138529 0.00138606
 0.00139378 0.00139568 0.00139615 0.00139662 0.00139667 0.00139726
 0.00139806 0.00140079 0.00140183 0.00140282 0.00140316 0.00140387
 0.00140563 0.00140657 0.00140746 0.00140914 0.00140984 0.00141034
 0.00141073 0.00141268 0.00141421 0.0014143  0.00141478 0.00141549
 0.00141642 0.0014175  0.00142056 0.00142394 0.00142528 0.00143074
 0.00143144 0.00143181 0.00143222 0.00143304 0.0014331  0.00143586
 0.00143826 0.00144038 0.00144146 0.00144324 0.00144556 0.0014464
 0.001449   0.00145096 0.00145404 0.00145427 0.00145544 0.00145596
 0.00146359 0.00146386 0.00146484 0.00146561 0.00147518 0.00147543
 0.00147546 0.00147712 0.00147756 0.00147777 0.00148447 0.00148463
 0.00148538 0.00148662 0.00148893 0.00148975 0.00149326 0.0014946
 0.00149473 0.00149787 0.0014992  0.00150028 0.00150119 0.00150167
 0.00150265 0.0015032  0.00150738 0.00151475 0.00151634 0.00151739
 0.0015177  0.00152195 0.00152244 0.00152313 0.00152498 0.00152554
 0.00152586 0.00152588 0.00152888 0.00152983 0.00153477 0.00153605
 0.00153751 0.00153779 0.00153793 0.00153833 0.00154034 0.00154115
 0.00154346 0.00154493 0.00154559 0.0015465  0.00154695 0.00154919
 0.00155132 0.00155213 0.00155222 0.00155606 0.00155715 0.00155772
 0.00156041 0.00156122 0.00156157 0.00156219 0.00156285 0.00156625
 0.00156799 0.00157254 0.00157717 0.00157741 0.00158053 0.00158883
 0.001595   0.00159536 0.00159629 0.00159632 0.00159794 0.00159795
 0.00159875 0.00159974 0.00160065 0.00160103 0.00160666 0.0016068
 0.00160764 0.00161316 0.00161693 0.00162269 0.00162893 0.00163201
 0.00163685 0.00163782 0.00163845 0.0016407  0.00164333 0.00164732
 0.00165375 0.00165463 0.00166254 0.00166368 0.00166609 0.00166932
 0.00166995 0.00167423 0.00167446 0.0016778  0.00167781 0.00167986
 0.00168022 0.00168073 0.00168137 0.00169067 0.0016956  0.00169632
 0.00169734 0.00169906 0.00169926 0.00169989 0.00170079 0.00170333
 0.00170513 0.00170673 0.00170812 0.00171298 0.00171325 0.00171485
 0.00171496 0.00171586 0.00171869 0.00172411 0.00172519 0.00172653
 0.00172671 0.00172993 0.00173018 0.00173229 0.00173337 0.00173439
 0.00173783 0.00173869 0.0017399  0.00174113 0.00174177 0.00174698
 0.00174847 0.00174867 0.00175094 0.0017539  0.0017541  0.00175478
 0.00176655 0.00176989 0.00177407 0.00177521 0.00177619 0.00178017
 0.00178058 0.00178137 0.00178289 0.00178811 0.00178823 0.00178851
 0.00178865 0.00178929 0.0017902  0.00179024 0.00179074 0.00179375
 0.00179517 0.00179568 0.00179573 0.00179607 0.00179871 0.00179952
 0.00180123 0.00180272 0.00180506 0.00180667 0.00180922 0.00180922
 0.00180938 0.0018096  0.00181235 0.00181324 0.00181333 0.00181349
 0.00181666 0.00181669 0.00181729 0.00181876 0.00182063 0.00182508
 0.00182567 0.00182931 0.00182985 0.00183305 0.00183367 0.00183417
 0.00183437 0.00183585 0.00183649 0.00183807 0.00184503 0.00184589
 0.00184641 0.00184776 0.00185152 0.00185472 0.00185642 0.00185721
 0.00186033 0.00186134 0.00186795 0.00186851 0.00186948 0.00187054
 0.00187142 0.00187227 0.00187312 0.00187626 0.00187814 0.0018785
 0.00187855 0.00187875 0.0018805  0.00188218 0.00188223 0.00188274
 0.00188311 0.00188399 0.00188846 0.0018894  0.00189106 0.00189188
 0.00189286 0.00189409 0.00189624 0.00189773 0.00189805 0.00189854
 0.00190038 0.00190134 0.00190449 0.00190475 0.00190521 0.00190785
 0.00190906 0.00191267 0.00191281 0.00191325 0.00191739 0.00191796
 0.00192016 0.00192034 0.0019219  0.00192262 0.00192352 0.00192408
 0.0019257  0.00192594 0.00192681 0.00192755 0.00192925 0.00192989
 0.00193118 0.00193143 0.00193325 0.00193346 0.00193436 0.00193659
 0.00194199 0.00194276 0.00194383 0.0019476  0.00194861 0.00194864
 0.00194905 0.0019505  0.0019507  0.00195292 0.00195434 0.00195534
 0.00195635 0.00196093 0.00196288 0.00196315 0.00197418 0.00197426
 0.00197454 0.00197624 0.00197723 0.0019854  0.00198812 0.00198971
 0.00198981 0.00199089 0.00199356 0.00199385 0.00199805 0.00200043
 0.0020005  0.00200123 0.00200183 0.00200317 0.00200361 0.00200672
 0.00200889 0.00200919 0.00200954 0.00200998 0.00201395 0.00201948
 0.00202143 0.0020242  0.00202499 0.00202931 0.00203072 0.00203105
 0.00203209 0.00203627 0.00203702 0.00203948 0.00204149 0.00204773
 0.00204863 0.00205031 0.00205032 0.00205127 0.002056   0.00205636
 0.00205983 0.00206009 0.00206215 0.00206431 0.00206529 0.00206638
 0.00206747 0.00206829 0.00207076 0.00207264 0.00207958 0.00207959
 0.00208382 0.00208724 0.00208991 0.00209287 0.00210552 0.00210658
 0.00210807 0.00210984 0.00211002 0.00211041 0.00211154 0.00211226
 0.00211501 0.0021153  0.00211819 0.00212124 0.00212333 0.00212439
 0.00212775 0.00212896 0.00213133 0.00213406 0.00213644 0.00213918
 0.00214212 0.00214437 0.00214639 0.00214677 0.00214911 0.0021604
 0.00216973 0.00217601 0.00217691 0.00217898 0.00218102 0.00218289
 0.00218303 0.00218479 0.00218524 0.00218555 0.00218654 0.0021882
 0.00219452 0.00219526 0.00219575 0.0021959  0.00219659 0.0021987
 0.00220016 0.00220278 0.00221421 0.00221829 0.00221992 0.00223326
 0.00223394 0.00224958 0.00225652 0.00225855 0.00226169 0.00226205
 0.00226486 0.00227014 0.00227049 0.0022712  0.00227993 0.00228058
 0.00229099 0.00229191 0.00229662 0.00229732 0.00231446 0.00231475
 0.00232391 0.00232888 0.00233225 0.00233309 0.00233947 0.00234907
 0.00234979 0.00235401 0.00235615 0.00235921 0.00236009 0.00236049
 0.00236436 0.00236648 0.00237074 0.00237168 0.00237252 0.00237476
 0.00238107 0.0023818  0.00238873 0.00238979 0.00239096 0.00239157
 0.00241343 0.00241722 0.0024279  0.00243126 0.0024333  0.00243398
 0.00243509 0.00243764 0.00244087 0.00244437 0.00245614 0.00246018
 0.00246168 0.00246393 0.00246465 0.00246698 0.00247222 0.00247454
 0.00247537 0.00247583 0.00248178 0.00248539 0.00248736 0.00250019
 0.00250127 0.00250766 0.00252835 0.00253189 0.00253198 0.00254719
 0.00254853 0.00255644 0.00256134 0.00256326 0.0025642  0.00256727
 0.0025705  0.00257426 0.00257496 0.00257583 0.00257881 0.00258245
 0.0025864  0.00259282 0.00259295 0.00260542 0.00261438 0.00261452
 0.00261813 0.00262327 0.00262569 0.00263393 0.00263398 0.00264174
 0.00264962 0.00264971 0.00265232 0.00265592 0.00267021 0.002673
 0.00267567 0.00269    0.00269128 0.00270894 0.00271063 0.00271188
 0.00271653 0.00271719 0.00274013 0.00274424 0.00276463 0.0027936
 0.0027938  0.00279845 0.00281552 0.00284314 0.00284549 0.00284696
 0.00285887 0.0028713  0.00287822 0.00289087 0.00294883 0.00295498
 0.00303789 0.0030462  0.0030541  0.0030699  0.00307974 0.00308557
 0.00309881 0.00310266 0.00313812 0.00313899 0.00314138 0.0031489
 0.00317205 0.00318092 0.00321909 0.00323095 0.00327621 0.00328484
 0.00329543 0.00329618 0.00333028 0.00337741 0.00338475 0.00339248
 0.00340852 0.00341726 0.00344635 0.00345728 0.00346126 0.00346657
 0.00347158 0.00347231 0.00347575 0.00350151 0.00351865 0.00355189
 0.00360223 0.00360969 0.00362664 0.00364076 0.0036996  0.00370666
 0.00376064 0.00376265 0.00377639 0.00378479 0.00381736 0.00381886
 0.00382947 0.0038705  0.00387461 0.00388112 0.00389369 0.00390089
 0.00390765 0.00394358 0.00395867 0.00400456 0.00401354 0.00404964
 0.00406535 0.00415458 0.00416406 0.00416709 0.00418942 0.00425238
 0.00430158 0.00432177 0.0043242  0.00435463 0.00440247 0.00446245
 0.00448362 0.00448543 0.00457013 0.00459857 0.0046264  0.00467673
 0.0046779  0.00472972 0.00480365 0.00481226 0.00487366 0.00489898
 0.0049133  0.00491698 0.00511659 0.00515038 0.00516624 0.0052776
 0.00529102 0.00530668 0.00545449 0.00545963 0.00554326 0.00559346
 0.00574604 0.00581322 0.00594583 0.00596651 0.00614032 0.00622201
 0.00628293 0.00631613 0.0064105  0.0064706  0.00654545 0.00678345
 0.00678819 0.00686678 0.00689409 0.00691824 0.00697902 0.00698432
 0.00727349 0.007311   0.00743666 0.00747493 0.00748019 0.00763927
 0.00766446 0.0076673  0.00769037 0.00812442 0.00828708 0.00829715
 0.00840358 0.00841502 0.00850474 0.00851311 0.00853251 0.00871277
 0.00873951 0.00909403 0.00911462 0.00922302 0.0093159  0.00948681
 0.00965144 0.00989353 0.01001669 0.01002777 0.01015295 0.01016503
 0.01018043 0.0102245  0.01055045 0.01055045 0.01070997 0.01071827
 0.01090601 0.01103149 0.01137943 0.01146635 0.01149444 0.01207863
 0.01225324 0.01227088 0.01264621 0.01278834 0.01286241 0.0155463
 0.01631126 0.01664414 0.01664414 0.01664414]","{'complete inhibition': 0, 'adapting inhibition': 1, 'partial inhibition': 2, 'no effect': 3, 'excitation': 4, 'biphasic IE': 5, 'biphasic EI': 6}",32.5,0.5726051481565924,0.03282600236735279,0.015532499999994797,0.9757850000000061,14.5,0.5216155103518818,0.06471629375254742,0.09393249999998474,0.626154999999995,True,1.4,"[0.9 1.  0.9 0.9 0.9 0.7 0.7 0.6 0.6 0.6 0.6 0.8 0.9 0.9 0.9 0.9 1.1 1.
 0.8 0.8]",28.495102404274263,0.6520262390143526,0.03509281362007169,50.295080461412454,0.7502338853676365,0.019878511977263504,2.8151298066260306,0.0042572990655517385,partial inhibition,2
94,AG8017,4,070722,1.1,6,Naive,30,13,left,/Users/johnparker/paper_repos/Aristieta_Parker_Gao_Gittis_Rubin_2024_D1_GPe/data/d1_msns/pre_processed_data/Naive_D1-MSNs_cell_body_stim/Neuron_0030,/Users/johnparker/paper_repos/Aristieta_Parker_Gao_Gittis_Rubin_2024_D1_GPe/data/d1_msns/pre_processed_data/Naive_D1-MSNs_cell_body_stim,Naive_D1-MSNs_cell_body_stim,True,25,250,0.025,/Users/johnparker/paper_repos/Aristieta_Parker_Gao_Gittis_Rubin_2024_D1_GPe/data/d1_msns/processed_data/Naive_D1-MSNs_cell_body_stim/Neuron_0030,10,0.05,"['adapting inhibition', 'no effect', 'partial inhibition', 'biphasic EI', 'no effect', 'excitation', 'adapting inhibition', 'no effect', 'no effect', 'biphasic EI']",[1 3 2 6 3 4 1 3 3 6],1.0,1.0,1.0,0.0,99,90,3,3,2,2,"[1.06959624e-34 7.37868060e-25 3.79756594e-19 ... 2.02190663e+00
 2.17929654e+00 2.19413222e+00]",[0.00172672 0.00174263 0.00177219 ... 0.01982733 0.01982733 0.01982733],"{'complete inhibition': 0, 'adapting inhibition': 1, 'partial inhibition': 2, 'no effect': 3, 'excitation': 4, 'biphasic IE': 5, 'biphasic EI': 6}",14.3,0.7726975725551725,0.0664178755435739,0.09225499999999584,0.9641649999999948,15.6,0.9541943205287339,0.07154254080723324,0.03974749999998366,0.9746850000000024,True,3.2,"[0.4 0.3 0.2 0.2 0.2 0.2 0.6 0.4 0.4 0.3 0.1 0.5 0.5 0.5 0.6 0.5 0.3 0.2
 0.5 0.4]",14.500959262895059,0.8136221519694945,0.06899229957805907,8.289171938199845,0.9358553760487464,0.12052481527093603,1.3384774315951007,0.007927579031391116,adapting inhibition,1
95,AG8019,8,060922,1.4,1,Naive,6,13,right,/Users/johnparker/paper_repos/Aristieta_Parker_Gao_Gittis_Rubin_2024_D1_GPe/data/d1_msns/pre_processed_data/Naive_D1-MSNs_cell_body_stim/Neuron_0006,/Users/johnparker/paper_repos/Aristieta_Parker_Gao_Gittis_Rubin_2024_D1_GPe/data/d1_msns/pre_processed_data/Naive_D1-MSNs_cell_body_stim,Naive_D1-MSNs_cell_body_stim,True,25,250,0.025,/Users/johnparker/paper_repos/Aristieta_Parker_Gao_Gittis_Rubin_2024_D1_GPe/data/d1_msns/processed_data/Naive_D1-MSNs_cell_body_stim/Neuron_0006,9,0.05,"['complete inhibition', 'complete inhibition', 'complete inhibition', 'complete inhibition', 'complete inhibition', 'complete inhibition', 'complete inhibition', 'complete inhibition', 'complete inhibition']",[0 0 0 0 0 0 0 0 0],1.0,1.0,1.0,0.0,99,90,3,3,2,2,[],[],"{'complete inhibition': 0, 'adapting inhibition': 1, 'partial inhibition': 2, 'no effect': 3, 'excitation': 4, 'biphasic IE': 5, 'biphasic EI': 6}",19.333333333333332,0.7102497964807909,0.05116510996361323,0.032447222222235915,0.9448583333333416,0.1111111111111111,0.0,0.0,0.8890194444444433,0.8890194444444433,True,0.0,[1. 1. 1. 1. 1. 1. 1. 1. 1. 1. 1. 1. 1. 1. 1. 1. 1. 1. 1. 1.],19.56684359545857,0.6458898020010437,0.05102669801462904,13.15349402450451,0.6734403389839042,0.054399688958009396,,,complete inhibition,0
96,AG7499,2,011122,1.1,6,Naive,39,15,left,/Users/johnparker/paper_repos/Aristieta_Parker_Gao_Gittis_Rubin_2024_D1_GPe/data/d1_msns/pre_processed_data/Naive_D1-MSNs_cell_body_stim/Neuron_0039,/Users/johnparker/paper_repos/Aristieta_Parker_Gao_Gittis_Rubin_2024_D1_GPe/data/d1_msns/pre_processed_data/Naive_D1-MSNs_cell_body_stim,Naive_D1-MSNs_cell_body_stim,True,25,250,0.025,/Users/johnparker/paper_repos/Aristieta_Parker_Gao_Gittis_Rubin_2024_D1_GPe/data/d1_msns/processed_data/Naive_D1-MSNs_cell_body_stim/Neuron_0039,10,0.05,"['complete inhibition', 'complete inhibition', 'complete inhibition', 'complete inhibition', 'complete inhibition', 'complete inhibition', 'complete inhibition', 'complete inhibition', 'complete inhibition', 'complete inhibition']",[0 0 0 0 0 0 0 0 0 0],1.0,1.0,1.0,0.0,99,90,3,3,2,2,[],[],"{'complete inhibition': 0, 'adapting inhibition': 1, 'partial inhibition': 2, 'no effect': 3, 'excitation': 4, 'biphasic IE': 5, 'biphasic EI': 6}",11.4,0.6547991620758152,0.09061600108225086,0.08951249999999718,0.9382049999999957,0.0,0.0,0.0,1.0,1.0,True,0.0,[1. 1. 1. 1. 1. 1. 1. 1. 1. 1. 1. 1. 1. 1. 1. 1. 1. 1. 1. 1.],12.972271769093561,0.644534475702809,0.07684584178498986,5.120633593063248,0.8278742722372857,0.14879677835051552,,,complete inhibition,0
97,AG8019,8,060922,1.7,5,Naive,1,1,left,/Users/johnparker/paper_repos/Aristieta_Parker_Gao_Gittis_Rubin_2024_D1_GPe/data/d1_msns/pre_processed_data/Naive_D1-MSNs_cell_body_stim/Neuron_0001,/Users/johnparker/paper_repos/Aristieta_Parker_Gao_Gittis_Rubin_2024_D1_GPe/data/d1_msns/pre_processed_data/Naive_D1-MSNs_cell_body_stim,Naive_D1-MSNs_cell_body_stim,True,25,250,0.025,/Users/johnparker/paper_repos/Aristieta_Parker_Gao_Gittis_Rubin_2024_D1_GPe/data/d1_msns/processed_data/Naive_D1-MSNs_cell_body_stim/Neuron_0001,10,0.05,"['complete inhibition', 'complete inhibition', 'complete inhibition', 'complete inhibition', 'complete inhibition', 'complete inhibition', 'complete inhibition', 'complete inhibition', 'complete inhibition', 'complete inhibition']",[0 0 0 0 0 0 0 0 0 0],1.0,1.0,1.0,0.0,99,90,3,3,2,2,[],[],"{'complete inhibition': 0, 'adapting inhibition': 1, 'partial inhibition': 2, 'no effect': 3, 'excitation': 4, 'biphasic IE': 5, 'biphasic EI': 6}",16.9,0.8185030412028598,0.05600496553506708,0.06966750000001057,0.9369050000000115,0.1,0.0,0.0,0.9000124999999969,0.9000124999999969,True,0.0,[1. 1. 1. 1. 1. 1. 1. 1. 1. 1. 1. 1. 1. 1. 1. 1. 1. 1. 1. 1.],13.377243833105748,0.8330865295464143,0.0747212178517398,5.072036559077859,1.0048346792292933,0.16082540000000017,,,complete inhibition,0
98,AG8019,7,061422,1.1,6,Naive,96,9,left,/Users/johnparker/paper_repos/Aristieta_Parker_Gao_Gittis_Rubin_2024_D1_GPe/data/d1_msns/pre_processed_data/Naive_D1-MSNs_cell_body_stim/Neuron_0096,/Users/johnparker/paper_repos/Aristieta_Parker_Gao_Gittis_Rubin_2024_D1_GPe/data/d1_msns/pre_processed_data/Naive_D1-MSNs_cell_body_stim,Naive_D1-MSNs_cell_body_stim,True,25,250,0.025,/Users/johnparker/paper_repos/Aristieta_Parker_Gao_Gittis_Rubin_2024_D1_GPe/data/d1_msns/processed_data/Naive_D1-MSNs_cell_body_stim/Neuron_0096,10,0.05,"['biphasic EI', 'no effect', 'biphasic EI', 'partial inhibition', 'partial inhibition', 'partial inhibition', 'partial inhibition', 'partial inhibition', 'adapting inhibition', 'partial inhibition']",[6 3 6 2 2 2 2 2 1 2],1.0,1.0,1.0,0.0,99,90,3,3,2,2,"[3.51228139e-32 3.51228194e-32 1.03883561e-31 ... 1.54313368e+00
 1.54366294e+00 1.57706883e+00]",[0.00194724 0.00208317 0.00224414 ... 0.02039289 0.02039289 0.02039289],"{'complete inhibition': 0, 'adapting inhibition': 1, 'partial inhibition': 2, 'no effect': 3, 'excitation': 4, 'biphasic IE': 5, 'biphasic EI': 6}",10.9,0.6122448883607678,0.09399182837301553,0.04831000000000714,0.9362700000000039,9.9,0.6547221418416183,0.09372714583333455,0.07763250000000213,0.8619050000000101,True,2.8,"[0.6 0.3 0.4 0.4 0.2 0.2 0.2 0.  0.1 0.2 0.2 0.3 0.3 0.2 0.4 0.5 0.3 0.5
 0.5 0.9]",10.789833016179172,0.839573017931614,0.09238102636534841,10.019130657880659,1.4257242789709756,0.09957058823529412,1.0213967235818304,0.010889574209090808,no effect,3
99,AG7960,1,062122,1.7,2,Naive,62,7,right,/Users/johnparker/paper_repos/Aristieta_Parker_Gao_Gittis_Rubin_2024_D1_GPe/data/d1_msns/pre_processed_data/Naive_D1-MSNs_cell_body_stim/Neuron_0062,/Users/johnparker/paper_repos/Aristieta_Parker_Gao_Gittis_Rubin_2024_D1_GPe/data/d1_msns/pre_processed_data/Naive_D1-MSNs_cell_body_stim,Naive_D1-MSNs_cell_body_stim,True,25,250,0.025,/Users/johnparker/paper_repos/Aristieta_Parker_Gao_Gittis_Rubin_2024_D1_GPe/data/d1_msns/processed_data/Naive_D1-MSNs_cell_body_stim/Neuron_0062,10,0.05,"['biphasic IE', 'complete inhibition', 'adapting inhibition', 'adapting inhibition', 'complete inhibition', 'adapting inhibition', 'complete inhibition', 'adapting inhibition', 'adapting inhibition', 'partial inhibition']",[5 0 1 1 0 1 0 1 1 2],1.0,1.0,1.0,0.0,99,90,3,3,2,2,"[1.73515770e-10 2.68596717e-09 2.68596717e-09 ... 1.85234539e+00
 1.93220682e+00 2.18555714e+00]",[0.00167168 0.00176807 0.00176983 ... 0.00937205 0.00953127 0.00961116],"{'complete inhibition': 0, 'adapting inhibition': 1, 'partial inhibition': 2, 'no effect': 3, 'excitation': 4, 'biphasic IE': 5, 'biphasic EI': 6}",15.6,0.4621636937543837,0.06576720043498227,0.03561999999999088,0.9646424999999994,5.9,0.5580496325116485,0.08789897916666611,0.32084999999999725,0.8276699999999956,True,1.2,"[1.  1.  0.9 0.9 0.9 0.9 0.9 0.8 0.7 0.7 0.6 0.5 0.5 0.7 0.4 0.5 0.6 0.6
 0.9 1.1]",11.85431838434414,0.8435830297323379,0.08438478448275862,18.1997452647762,0.6154575457541074,0.054946829405162746,1.1819438736388035,0.005721874291228152,adapting inhibition,1
100,AG7960,1,062122,1.1,3,Naive,65,1,right,/Users/johnparker/paper_repos/Aristieta_Parker_Gao_Gittis_Rubin_2024_D1_GPe/data/d1_msns/pre_processed_data/Naive_D1-MSNs_cell_body_stim/Neuron_0065,/Users/johnparker/paper_repos/Aristieta_Parker_Gao_Gittis_Rubin_2024_D1_GPe/data/d1_msns/pre_processed_data/Naive_D1-MSNs_cell_body_stim,Naive_D1-MSNs_cell_body_stim,True,25,250,0.025,/Users/johnparker/paper_repos/Aristieta_Parker_Gao_Gittis_Rubin_2024_D1_GPe/data/d1_msns/processed_data/Naive_D1-MSNs_cell_body_stim/Neuron_0065,10,0.05,"['excitation', 'excitation', 'excitation', 'excitation', 'excitation', 'excitation', 'excitation', 'excitation', 'excitation', 'no effect']",[4 4 4 4 4 4 4 4 4 3],1.0,1.0,1.0,0.0,99,90,3,3,2,2,[0.03133776 0.05276334 0.05396436 ... 4.6400466  4.6660025  4.748732  ],[0.00055929 0.00058475 0.00061554 ... 0.00394545 0.00450252 0.00456288],"{'complete inhibition': 0, 'adapting inhibition': 1, 'partial inhibition': 2, 'no effect': 3, 'excitation': 4, 'biphasic IE': 5, 'biphasic EI': 6}",44.3,0.3364476903705726,0.023998796543239585,0.02004249999999814,0.9819874999999897,59.4,0.43517219628868425,0.017239332296005855,0.024442499999987887,0.9866250000000008,True,3.9,"[0.1 0.2 1.8 1.6 1.6 1.2 1.6 1.2 1.4 1.  1.  1.2 1.  1.  0.8 0.8 0.6 1.
 1.  0.3]",48.35577864043333,0.4950486077972058,0.020262691194708558,47.49656439186364,0.5057264963179395,0.021040140993265972,3.1767885455987313,0.001956313713544939,excitation,4
101,AG8019,7,061422,1.1,6,Naive,91,10,left,/Users/johnparker/paper_repos/Aristieta_Parker_Gao_Gittis_Rubin_2024_D1_GPe/data/d1_msns/pre_processed_data/Naive_D1-MSNs_cell_body_stim/Neuron_0091,/Users/johnparker/paper_repos/Aristieta_Parker_Gao_Gittis_Rubin_2024_D1_GPe/data/d1_msns/pre_processed_data/Naive_D1-MSNs_cell_body_stim,Naive_D1-MSNs_cell_body_stim,True,25,250,0.025,/Users/johnparker/paper_repos/Aristieta_Parker_Gao_Gittis_Rubin_2024_D1_GPe/data/d1_msns/processed_data/Naive_D1-MSNs_cell_body_stim/Neuron_0091,10,0.05,"['partial inhibition', 'partial inhibition', 'excitation', 'adapting inhibition', 'partial inhibition', 'no effect', 'partial inhibition', 'partial inhibition', 'partial inhibition', 'no effect']",[2 2 4 1 2 3 2 2 2 3],1.0,1.0,1.0,0.0,99,90,3,3,2,2,"[1.23426430e-26 3.47209782e-18 6.89562986e-18 ... 2.83772008e+00
 2.88835218e+00 3.23129108e+00]",[0.00101067 0.00101817 0.00104506 ... 0.01190533 0.01192707 0.01236101],"{'complete inhibition': 0, 'adapting inhibition': 1, 'partial inhibition': 2, 'no effect': 3, 'excitation': 4, 'biphasic IE': 5, 'biphasic EI': 6}",20.3,0.6195313151975211,0.05582724177613667,0.04807750000000581,0.9604474999999993,14.2,0.6491473340821705,0.06819644585622657,0.052095000000005595,0.885950000000004,True,2.3,"[0.7 0.6 0.4 0.  0.2 0.2 0.4 0.2 0.3 0.2 0.3 0.3 0.2 0.4 0.4 0.5 0.5 0.6
 0.6 0.7]",13.608981116271098,0.9015870960269502,0.07354869402985073,20.038261315761318,0.7553092521905874,0.04991927558257352,1.709139495470074,0.007008735765684489,partial inhibition,2
102,AG7499,1,011322,1.4,3,Naive,98,1cell2,right,/Users/johnparker/paper_repos/Aristieta_Parker_Gao_Gittis_Rubin_2024_D1_GPe/data/d1_msns/pre_processed_data/Naive_D1-MSNs_cell_body_stim/Neuron_0098,/Users/johnparker/paper_repos/Aristieta_Parker_Gao_Gittis_Rubin_2024_D1_GPe/data/d1_msns/pre_processed_data/Naive_D1-MSNs_cell_body_stim,Naive_D1-MSNs_cell_body_stim,True,25,250,0.025,/Users/johnparker/paper_repos/Aristieta_Parker_Gao_Gittis_Rubin_2024_D1_GPe/data/d1_msns/processed_data/Naive_D1-MSNs_cell_body_stim/Neuron_0098,10,0.05,"['biphasic IE', 'excitation', 'no effect', 'adapting inhibition', 'biphasic IE', 'excitation', 'adapting inhibition', 'no effect', 'no effect', 'biphasic IE']",[5 4 3 1 5 4 1 3 3 5],1.0,1.0,1.0,0.0,99,90,3,3,2,2,"[8.67817950e-20 1.05464356e-12 7.07473093e-08 ... 3.22771706e+00
 3.25021283e+00 3.35647217e+00]",[0.00112294 0.00120782 0.00122893 ... 0.01352773 0.0138038  0.0138038 ],"{'complete inhibition': 0, 'adapting inhibition': 1, 'partial inhibition': 2, 'no effect': 3, 'excitation': 4, 'biphasic IE': 5, 'biphasic EI': 6}",23.1,0.6648051121880669,0.044834375602884266,0.0342550000000081,0.9626400000000054,27.7,0.8410628783474943,0.0351880182403208,0.06369500000000058,0.9817825000000013,True,3.4,"[0.7 0.5 0.4 0.2 0.  0.2 0.2 0.2 0.4 0.4 0.2 0.2 0.2 0.4 0.4 0.2 0.2 0.6
 0.6 0.4]",19.975998030607638,0.9008741925576377,0.050065392030848324,24.694333894063103,0.6926077128283534,0.04047125779625781,1.8933088963107296,0.0046329174714783644,no effect,3
103,AG7499,2,011122,1.4,1,Naive,53,5,right,/Users/johnparker/paper_repos/Aristieta_Parker_Gao_Gittis_Rubin_2024_D1_GPe/data/d1_msns/pre_processed_data/Naive_D1-MSNs_cell_body_stim/Neuron_0053,/Users/johnparker/paper_repos/Aristieta_Parker_Gao_Gittis_Rubin_2024_D1_GPe/data/d1_msns/pre_processed_data/Naive_D1-MSNs_cell_body_stim,Naive_D1-MSNs_cell_body_stim,True,25,250,0.025,/Users/johnparker/paper_repos/Aristieta_Parker_Gao_Gittis_Rubin_2024_D1_GPe/data/d1_msns/processed_data/Naive_D1-MSNs_cell_body_stim/Neuron_0053,10,0.05,"['complete inhibition', 'complete inhibition', 'complete inhibition', 'complete inhibition', 'partial inhibition', 'partial inhibition', 'partial inhibition', 'partial inhibition', 'partial inhibition', 'adapting inhibition']",[0 0 0 0 2 2 2 2 2 1],1.0,1.0,1.0,0.0,99,90,3,3,2,2,"[ 1.21732809  1.80098454  1.84295588 ...  9.56937035 10.15471943
 10.41580462]","[ 0.90977131  1.58166728  1.68227173 ... 10.13805972 10.15471943
 10.3172046 ]","{'complete inhibition': 0, 'adapting inhibition': 1, 'partial inhibition': 2, 'no effect': 3, 'excitation': 4, 'biphasic IE': 5, 'biphasic EI': 6}",101.6,0.6571760851895297,0.010464675918581783,0.007990000000008735,0.9952199999999998,9.1,0.5082877675162506,0.07195874551435331,0.4208650000000119,0.9677025000000157,False,1.1,"[1.  1.  1.  1.  1.  1.  1.  1.  1.  1.  1.  1.  1.  1.  1.  1.  0.9 0.9
 1.  1. ]",56.99970421598443,0.6115429488596503,0.01754722540866074,54.63016375975801,1.3386198133879037,0.013703964691801303,7.163827500302555,3.7604648547748494,partial inhibition,2
104,AG7499,2,011122,1.4,4,Naive,54,12,left,/Users/johnparker/paper_repos/Aristieta_Parker_Gao_Gittis_Rubin_2024_D1_GPe/data/d1_msns/pre_processed_data/Naive_D1-MSNs_cell_body_stim/Neuron_0054,/Users/johnparker/paper_repos/Aristieta_Parker_Gao_Gittis_Rubin_2024_D1_GPe/data/d1_msns/pre_processed_data/Naive_D1-MSNs_cell_body_stim,Naive_D1-MSNs_cell_body_stim,True,25,250,0.025,/Users/johnparker/paper_repos/Aristieta_Parker_Gao_Gittis_Rubin_2024_D1_GPe/data/d1_msns/processed_data/Naive_D1-MSNs_cell_body_stim/Neuron_0054,10,0.05,"['complete inhibition', 'complete inhibition', 'complete inhibition', 'complete inhibition', 'adapting inhibition', 'complete inhibition', 'adapting inhibition', 'complete inhibition', 'partial inhibition', 'complete inhibition']",[0 0 0 0 1 0 1 0 2 0],1.0,1.0,1.0,0.0,99,90,3,3,2,2,"[0.6767716317912782, 0.9608979343395413, 1.4942952811703707, 0.9606271225233954, 1.5476492114181828, 1.0623265997088285, 0.6431776392476773, 0.8176086006835478, 0.6283312475031988, 0.9315734259159116, 1.2350322540725447, 2.2377480545672106, 2.6696608352134907, 1.8550363601200792, 1.0618882048478953, 0.7505535967125234, 0.7444801945554692, 1.2925322686363292, 2.0353674493896756, 1.0537204915216538, 0.7260283799802372, 0.9377710113602457, 2.045584292132823, 2.337285159859611, 2.104613935216426, 1.7869288848016793, 0.9398681197695785, 1.077242258091077, 0.7856896279436754, 1.0268939135274113, 1.1701757693367763, 0.7347038431754981, 0.6472499325769103, 1.096714516464552, 1.5141384080185685, 0.8245692421345361, 1.3717965712587596, 2.230099660136005, 0.9704958231001947, 0.38624793068757446, 2.2174612227812855, 2.309228457252974, 2.2114003054091436, 1.1472179026525193, 1.0454983391444679, 1.2265576340982374, 0.5514986568055027, 0.7371721725207305, 1.081103526429573, 1.0417495344919077, 0.8395755535002748, 1.4106258316216551, 1.6109248545297985, 1.2598781373656918, 0.7776532054611798, 0.5906913223831236, 0.7875478453139334, 1.5655588653611172, 1.1695191816868047, 0.7697330912674466, 0.668533904226785, 0.71872008550175, 1.501302230643962, 1.1995471528012887, 0.9171385609501811, 1.5700246433883096, 1.8573916575308993, 0.9104147775680701, 0.5835660676448321, 1.6386824821836916, 1.4306591936174713, 0.8017081126746399, 1.0643613099013152, 0.8979904870175143, 0.7235477048670098, 0.6456570093352564, 1.6260943131261145, 2.2466380609093424, 2.0641024771183543, 1.376629388574015, 0.8211493843844807, 1.556949291561585, 2.4338330651335043, 1.5086869830873215, 0.5585162677572456, 1.0713705681947734, 0.887307829647608, 0.7561133501779421, 0.8362571402500757, 1.9609296033026848, 1.8670820213286865, 1.0736634609594473, 1.1335946124540763, 0.5426363269119542, 0.905451853611442, 1.102893210628969, 1.39984685709741, 0.6924702387786126, 1.8170630909423164, 1.6018384671719226, 1.2145945511175096, 0.6710817773082913, 1.3024951538646645, 1.0055977198028252, 1.126613944060305, 1.2975366222714124, 0.827012950089395, 0.5260470827599371, 1.3109943952054701, 2.273584267081988, 2.316957122591781, 0.9572237255406277, 0.9709611830530076, 1.4177567181339055, 0.7513900288953863, 1.4731614430613134, 1.462886254776334, 1.7025132250607635, 1.1045860756883903, 0.7132409164115628, 0.6773789329609027, 0.8930549572513788, 1.1605117870521626, 0.905455618465437, 0.9503436550504869, 0.6811835821575034, 0.921044185080498, 1.7163459987682053, 1.601592114452286, 1.467729628208959, 1.4179471845651335, 1.94363265560594, 2.0469292272388797, 1.7440402156771797, 0.7341702072308913, 0.7091913272600241, 0.8113603181898019, 2.3817710718491027, 1.6819993476389528, 0.27786323077311637, 1.508016864301248, 1.24899561255649, 1.7357712477142895, 2.8765591982090895, 1.3200018673324476, 0.6864362687799281, 0.5409256175123216, 0.686871500938981, 0.5748899190261072, 1.0538163711410333, 2.0412574991300128, 1.6006400650151769, 0.8583762571549256, 0.8965545350538192, 1.3668904820210794, 1.3937642918779343, 1.0447039641189566, 0.9436783808233736, 0.9869165333360225, 1.1293735192087617, 1.1491439125467766, 1.1174447665430884, 1.4880815517445565, 1.478887025045673, 1.4510443340373291, 1.1350795319274585, 0.8568947740545391, 0.6350315311526508, 0.808124694563577, 1.8612215868566264, 2.2680896187990065, 1.9710712219291886, 0.7024988946929667, 1.3831708160708325, 1.765688006828272, 2.1075847804365835, 1.1089571360065782, 0.570138492765845, 0.6945665714870711, 0.14470209515703983, 1.1157073586605428, 0.8798109830120074, 1.7670760303455006, 2.012129998720908, 2.1601193519934383, 1.0659533585217766, 1.2030480840451356, 0.6463988031183704, 1.2931543459302346, 1.1822865971275018, 0.8471084563246363, 0.9411412643766727, 0.659275295325967, 1.2042611878188805, 1.471129760180401, 0.6066960792948589, 1.6212801924275924, 2.1149726283305728, 0.9752359040705977, 0.7084569664181882, 0.9142937447539113, 1.11318806845933, 0.8157186829350344, 0.9277855177059551, 1.1278681597289817, 0.7892703977465515, 0.6098566987658838, 1.4844682469813222, 2.237312789953898, 2.1209590211687437, 1.2729409529784759, 0.3283766279720699, 0.2128928972421292, 0.6778982099652019, 0.44941107195585517, 1.6019615157264417, 1.6580820868021975, 1.2887897446449739, 1.646735728408764, 0.4580257908937829, 0.6667020019101331, 0.6572579129484841, 1.259430877738436, 0.8104298514512278, 1.3783664902187882, 0.9477345045701525, 0.4866908189478756, 0.9776530363761187, 1.3899954460184403, 1.2923848782718368, 1.6599550781010983, 1.497940765228078, 1.4944187588415718, 1.7730279192099936, 1.8419161944400724, 1.4350534429098891, 0.19297832483682822, 0.4393181998054287, 1.130094141951702, 0.40728228852120285, 1.5934347316790618, 1.0816271205384227, 0.7792676208346614, 1.1637421003257113, 0.5825895991512741, 0.9051447269747325, 0.5603666689447961, 0.1132953111715381, 1.0165045314262064, 1.4778516130147432, 1.576296010914416, 1.3828488515691237, 1.1769697856254224, 1.0209924824049226, 0.7429795976812344, 1.1069384930417143, 1.2746892536013894, 1.8388408263606677, 1.523405331980941, 0.7395217824386651, 1.438283971343556, 1.8874265339782892, 0.3912673374239829, 0.300179011847373, 0.8874074710696266, 1.139936536578372, 1.4066561492479999, 1.1285832881123072, 0.9551326040120629, 0.3634136842816705, 1.2077403368449895, 0.8761488336295516, 1.0987279035374922, 1.1931562056961669, 1.5576247366382556, 0.8932431782508955, 0.7347344390131734, 1.5887855973734033, 2.0351437392338436, 0.6169917041641848, 1.0461151425542796, 1.5955125525435228, 1.9837662969032608, 1.0531708997064426, 0.41540000714816133, 1.1796274958062625, 1.8086419338996766, 1.4133405696520516, 0.4914275439131697, 0.9761018858425276, 1.0682591550412375, 1.1468219096868508, 0.5405761091347722, 0.13269502594362367, 1.0827063595246287, 0.9588910475593113, 0.9045151784957708, 1.4560634514214204, 1.3676656641231901, 0.9418509412795101, 0.7259017188147334, 0.8854649668800634, 1.0891406421848124, 1.0940551073290732, 1.8871288474658665, 1.016218163381018, 0.1389106036794937, 1.3580364539213392, 1.8160359144766587, 1.4464483236473011, 1.4288935211864982, 0.8524354220314974, 0.6475466372245912, 1.315441907733915, 1.6773613251741866, 1.4910457841687481, 1.473947076375557, 1.138960503182238, 0.26326504295187664, 0.0038855151268546895, 1.050771395205972, 1.2107348763389725, 0.950342387926983, 0.5274345423962616, 0.5624533173746256, 1.3306815466530897, 1.8035030269133645, 1.2920724977068787, 1.1958452056531397, 1.4765971219367182, 1.0577928531353098, 1.188696659421901, 0.6954700348275219, 1.5744865295918813, 0.781011529418119, 0.11577489571941432, 1.2260055301856954, 1.9413057317033966, 1.3556939421048295, 0.3926842588660638, 1.051551163713284, 1.662934424114216, 1.8284356871240952, 0.4659103116468445, 1.1891238262824404, 0.8032024181484534, 0.9570176347987416, 1.0217084550764393, 1.526015276056208, 1.7864823804594938, 2.0829185888957196, 1.5964386781324051, 1.1674857504449194, 1.2189397105037485, 1.0709551845535075, 0.5011298961710511, 1.1717571760733743, 0.6138306948186848, 0.02271856744246329, 2.899932651918003e-05, 1.3317061629884925, 0.666801104343924, 1.3534912163010244, 1.2259396500912174, 1.0238705057203101, 0.9066805733261276, 1.2469059684993808, 1.658216450418624, 1.37536550830497, 1.6216207507670275, 1.080414417632127, 0.11606545247486848, 0.5282572721355848, 0.4629623918699164, 0.7595577218263091, 1.3396402260758729, 1.083129318077517, 1.3069651060599012, 1.8593076588164257, 0.613628509818091, 1.0080742149748343, 1.286730981537414, 2.125363124455777, 2.4492830366910283, 1.408069801181989, 1.0013501912222227, 1.5243017245605535, 1.6999491405572749, 0.45468829230278923, 1.175816935733922, 0.8314671324341284, 0.6966109326067255, 0.5343368660318774, 1.0369691305483246, 1.2848440231341192, 1.2541795573618013, 1.3563845493314877, 0.5901433092943751, 0.022345565261010916, 2.8901583357786664e-05, 1.610679518974552, 1.8519386964133178, 1.4358300746925827, 1.3256928752644876, 2.136444315849802, 3.3853155029481865, 3.457671980409733, 2.018956765493274, 3.00732972576645, 3.2636948499788967, 2.967221794182852, 1.9060876976221963, 1.4670458005266318, 1.3355734272465305, 0.9975017171538065, 2.26639148466509, 2.594971570607541, 2.031447699783652, 2.127700410459075, 1.0095352574742569, 1.8627763821421979, 3.2091704279624595, 2.4893321815343565, 2.8443505823584627, 2.4756901369519912, 1.8443705779604187, 1.5649779372649197, 2.0699168849901395, 3.195033606357642, 2.6480257532462437, 1.6332524513210278, 1.4320520404817374, 1.6690870447910677, 2.2227087039884, 2.428729785806904, 2.8720393186909017, 1.6943418570052844, 0.9191848802345873, 2.286591809942545, 1.0489006582534026, 2.860921815762425, 3.1198887480492035, 3.4776905589406133, 2.568408748517736, 2.2346811210257234, 1.6226186452148124, 1.15435865707391, 1.424161401548975, 2.590933014932612, 2.3709533149459863, 1.8718957431425942, 2.142997120342193, 3.015292956897953, 3.0541455817735637, 1.8229752542941733, 2.137486354800765, 1.938753065762525, 1.4935071248502505, 0.7320983142149546, 0.47370679367316887, 1.8811928613854616, 2.816863331438839, 2.7766997582945185, 2.6741018052022687, 1.7455115245509751, 0.8958686298618265, 2.2760736423273635, 1.6422029739668706, 1.3658246717613605, 2.1724416589319326, 2.8851708222777366, 1.9722902867070635, 1.9330525768258917, 1.5432317215590767, 1.4299095380932512, 2.4855450827619254, 3.1041905379486354, 2.244444807114614, 1.8959786139939756, 2.1350245533335275, 2.420838848052935, 2.642459108550052, 2.2455467310360318, 2.548489743132643, 2.5655274538716113, 2.1848538835572255, 1.937710958909513, 1.7154535854165767, 2.441264330058761, 1.5828795373213456, 2.046213031098347, 2.153091708464349, 1.6216343807341786, 1.3938284269949517, 2.337001431299013, 2.259762960274783, 2.9953537691208316, 3.2045450846375636, 1.1806987514863119, 0.6918520081506586, 2.3476117407554686, 2.9338543245835247, 1.7651022312512814, 2.3064861803438856, 2.958335534759546, 2.875938249746326, 1.6392828281846643, 1.5086155552285285, 1.8715683637240448, 1.801780791210436, 0.8127232249915012, 1.601720530373625, 2.9133058078927148, 2.2819639138486782, 2.3374777129009345, 3.15194091191007, 2.351249223033442, 2.2170512842421513, 1.926918586931862, 0.7028634926167119, 1.4992145367361767, 1.6986913346048371, 1.6865979416933092, 2.09612530856817, 2.079818409643897, 2.4644294089849046, 2.855178732962216, 2.467262941332483, 2.7681585245215428, 3.137386150290584, 2.4629500380524356, 1.7817616590753549, 1.8245871363706898, 2.067320350446695, 1.8830028327821686, 2.0828692203417334, 0.9992057479303186, 2.1247764018555833, 2.152922148956454, 1.8477874322485084, 2.2381720202961213, 3.1532834336995488, 2.5452533612063455, 1.8808098798521742, 1.7243674257382535, 1.8933329824180343, 1.4919717241736459, 2.3654034519666745, 2.7244815295483176, 2.675266429192205, 2.5365277071836565, 2.128021665629997, 2.07378936959023, 1.7841432237495374, 1.072690309325763, 1.7967244300463698, 1.3890456658476624, 1.4067569940652982, 2.761404141579034, 2.3711559486324862, 2.1636905270904427, 2.4526867972850486, 2.7673827756339175, 2.1923811754503224, 1.8035309706392828, 2.2801553444936227, 2.5299157523463105, 1.8948200695979107, 1.526127899359235, 2.4541238755439214, 2.948937982805063, 1.9531489295743814, 1.9341864465689367, 3.3223308746264526, 2.6027771859250937, 1.754037543637286, 1.6504919574131272, 1.9075199897165227, 1.6752823964101542, 0.1681042106754172, 1.5202997797454276, 3.0195382690250887, 2.477463924176197, 1.9644938423236615, 2.11147783586947, 1.1739344298763772, 2.230357639358027, 2.534273947943275, 2.261939812477828, 1.6364056662492381, 2.642601438873864, 1.9211005511696415, 1.7704072897335044, 2.1787349631323734, 1.8854757826007034, 2.231957259818078, 3.159418297928467, 2.9088335029039545, 1.607677292922832, 0.9873796113716791]","[0.002088390990518697, 0.0021900797017682127, 0.0021148549000055486, 0.0023017962410265295, 0.0026115745464484075, 0.002869774374118977, 0.003064857515065373, 0.0031654158472079466, 0.0028760882778221886, 0.0024117652726659685, 0.0019350243116448528, 0.0015944058531943022, 0.0018015630566828344, 0.0020721251028218567, 0.0024234505435846705, 0.0025363682293660012, 0.0024366166115835928, 0.0021381951174264746, 0.0018249944876726784, 0.0014885062621371225, 0.0013929086827042156, 0.00188998507236934, 0.0023494322331041773, 0.0028485219817145804, 0.003140583088280772, 0.0029871191367421292, 0.002785209880579053, 0.002422238688830384, 0.0020977233717641808, 0.0018800794994616957, 0.0021518236102399477, 0.0024999364529679196, 0.002714242016004487, 0.0026889850553344277, 0.002934716948650711, 0.0027473516481046627, 0.002284730961274629, 0.0019166490839998618, 0.0019053765725775915, 0.0016427764677077214, 0.0019820279476648723, 0.0023134442273331775, 0.002332524149376131, 0.0021091951386609346, 0.002110343025555602, 0.0022897594052784533, 0.0020755806602640323, 0.0021239147130321626, 0.002304340980248161, 0.0022972031151815312, 0.0019893356455832093, 0.0021133057202884545, 0.002297434293055058, 0.0023568197481612318, 0.002591419322280751, 0.002645712339967686, 0.0023267681738078365, 0.0019549834477806346, 0.001901480713202014, 0.0015180046864607688, 0.0016211685944871749, 0.001536157882426864, 0.001818276367292796, 0.001973094526503461, 0.0018943405177459234, 0.0019206709528744237, 0.0024349376078875566, 0.0025772494672201447, 0.0027680033155942658, 0.0027941882421777813, 0.0027468513093726744, 0.0022968529047621396, 0.0019283968324802449, 0.0020163090228429545, 0.0023787028972605227, 0.002745104344945675, 0.0031137847511066652, 0.003424742936285012, 0.0034575835359173905, 0.0032814649715317856, 0.0017800178787575885, 0.0019101225603793848, 0.0018639187098928127, 0.002020152214852066, 0.00212900885912093, 0.001981218916860969, 0.001984471277103466, 0.0019243378589278162, 0.0020754997780347926, 0.002187183719216351, 0.002142180126779638, 0.0022928843862500825, 0.002458937145903778, 0.002472698961634412, 0.0026853685520785253, 0.0027288852896124646, 0.0026045851217055853, 0.002710752356167731, 0.002630824881155792, 0.0022800915128269447, 0.0016964768727866732, 0.0017182374125331375, 0.001763220998954059, 0.0018729421064390683, 0.0018651204447874062, 0.0017250550140720108, 0.0017126616420030094, 0.0019703032332878093, 0.0022025129046580635, 0.002108641434143656, 0.0024346528296761497, 0.0027148501660591872, 0.0024257322988801163, 0.0022714254688634503, 0.0026909539037616136, 0.0029378015869510436, 0.0032258570777358897, 0.0037967165120269173, 0.004255011044180729, 0.004308271616097097, 0.0020625376400161717, 0.002061139002068138, 0.002401529015619291, 0.0027698061560354078, 0.0027405798268512393, 0.002580167188209017, 0.002771432749993349, 0.002519461880936824, 0.002059830176144025, 0.0018259227389433733, 0.0019260658418690044, 0.0017519906647167009, 0.0017983817369944203, 0.0019260482797814043, 0.002039063480597624, 0.0020324584477234018, 0.0021858428024770825, 0.0024497491430455504, 0.0026247498730182827, 0.0028473470989102663, 0.002951218484637008, 0.003154563381892065, 0.0033618414002519817, 0.0035540679989660845, 0.003189108916507262, 0.0027948048496278417, 0.002718410136459354, 0.0025568666170452015, 0.0023745954899526806, 0.0024674167465835433, 0.0023578124821524615, 0.0018930555710796404, 0.0014834244829080398, 0.0013452752700087896, 0.0013600875244519008, 0.001473566351905379, 0.0020363075949487485, 0.0026909271855814075, 0.003060484489181529, 0.0032727176766476477, 0.0018635337827086402, 0.002303424185757733, 0.002425362564324131, 0.0023913899813699383, 0.0022344213650937798, 0.002261968635179962, 0.0021974528056159523, 0.0020502581654043483, 0.002082706672247969, 0.0024474088171769874, 0.0024831585021088554, 0.0021045480717299444, 0.0022099431886059293, 0.0025791647906616647, 0.002308771242005716, 0.0022567057981696015, 0.0027171391745075928, 0.002821470283628479, 0.002678434510960272, 0.002856756331344334, 0.0024879450853122907, 0.002403934300866824, 0.002178521499947763, 0.0019968277586417723, 0.002091095821599856, 0.0018537483850544147, 0.0020410253685643046, 0.002334760529579327, 0.0023499882063754613, 0.0022402310872499335, 0.002372179441889116, 0.00205409693262365, 0.0018023742610776675, 0.0017969352583378556, 0.0018673010743807438, 0.002068912547527474, 0.002405656634190379, 0.002645770962219522, 0.002864500076873089, 0.0029438614299740094, 0.0024046531329340887, 0.002440839182857189, 0.0025186120769811397, 0.002866136218671604, 0.0028817452352921055, 0.002590847664132276, 0.002328173180490892, 0.002097418384803607, 0.002298526422771646, 0.0030048877872542092, 0.003796807041965618, 0.00449069863531686, 0.0046984672368316415, 0.004033467280165938, 0.003151430769458962, 0.0024060648986272797, 0.00181067597628892, 0.0018535826101994837, 0.0020069908091191724, 0.0020498064970729045, 0.0039554801413733826, 0.003754887653447077, 0.0035154399831122916, 0.0032341562202009514, 0.002723054956188559, 0.002275022195674946, 0.002109104554324547, 0.0019220043098771033, 0.0017556885037582214, 0.0020606966732063595, 0.0027044943871721732, 0.002933971906615955, 0.0029524181758472995, 0.00296432234415813, 0.0026532129736394003, 0.0021938002794689142, 0.0019713745354267087, 0.0021326433575917783, 0.002289506650727051, 0.0023268083004218763, 0.0026787547401945036, 0.0025397581886930543, 0.0027744589948713247, 0.002808728572321004, 0.0025928068279285465, 0.0021979739016916027, 0.0021332590358913396, 0.0019850613712890336, 0.0019038255057413603, 0.001885542795755968, 0.0020268684226660647, 0.0020235866568661938, 0.0023149600298488513, 0.0030363609221225893, 0.0033833533121358918, 0.003457225457483879, 0.003561765689557283, 0.0031753037492749, 0.0026032866900042115, 0.002206143843998911, 0.003227109160766642, 0.003390334383522798, 0.003467342897313262, 0.0033317012038632833, 0.0028732558996150763, 0.0028053770467724544, 0.002602749508509384, 0.002212028491515686, 0.0020951382484748256, 0.002084422557655906, 0.002274602145314534, 0.0028617579327254866, 0.0033600032228365364, 0.00349910539793771, 0.003563793026731528, 0.0031465531625163787, 0.002237695260232693, 0.001753894343118496, 0.001606021961729888, 0.001424119958398425, 0.003685106388982992, 0.0035250913077995026, 0.0033622596043748586, 0.0030521273801548303, 0.0024404145348893586, 0.0019360883466341193, 0.0015877041899861955, 0.0013860336033613152, 0.00157927590522081, 0.0020437533486680625, 0.0023731989548374964, 0.0029853635765796855, 0.003825740247106024, 0.004144441747348974, 0.0038907729037541746, 0.0036582161033911287, 0.003179598294830972, 0.0025941648211453383, 0.0022317027732140214, 0.0021092629164392598, 0.0051460551528221985, 0.005077081080786007, 0.004682940288960243, 0.004161303489182554, 0.0033015774473851515, 0.0024575852006625256, 0.0018161609754125242, 0.001682160324894618, 0.001956779765029904, 0.002161089438903215, 0.002121603348493173, 0.0022181006880631687, 0.0020773133498488364, 0.0018432410517408944, 0.001659214727513404, 0.0017584467112041926, 0.002380269325362316, 0.0031127673478725288, 0.0035272357060659983, 0.004044392444607443, 0.002430152504562689, 0.0024568738710603467, 0.0024352799908246873, 0.002654407099509755, 0.0027177654415444516, 0.002835240007530029, 0.0028574169102936345, 0.002880464879566729, 0.0030244531393482875, 0.0027857765107004305, 0.0022229890277627212, 0.0020001413468379425, 0.0018716148690498494, 0.0016626832374473743, 0.0022564850068760136, 0.0033339528030836845, 0.004368517219212304, 0.005040263463458729, 0.005777676926923653, 0.005894463528459266, 0.0030449493939879633, 0.0030736391509686325, 0.002850861057848028, 0.0026967399152125443, 0.0024072963598662364, 0.0018792180368683753, 0.0015880792208520487, 0.0014939477292216748, 0.001595531162602385, 0.002309741618620036, 0.0030867597963254094, 0.0036417993841849953, 0.004015835974396817, 0.004098572767474665, 0.003510417525066387, 0.003272724685776531, 0.003255901890982486, 0.0034066411964504676, 0.0037433649912177918, 0.004063844552839266, 0.0016077346005576865, 0.001796596127985918, 0.0024517031670951055, 0.003105716551697417, 0.003332610112057924, 0.0034565953442637016, 0.003510770456077649, 0.002787035322977772, 0.0020991035871226, 0.0021934305886267156, 0.002476253423720964, 0.0024534950412873273, 0.0025667350156269547, 0.002487734067900834, 0.002488249381648362, 0.0027624278939112944, 0.0032044274897156584, 0.0036787238213454084, 0.004322251379032126, 0.004518825040584075, 0.0016827303661388932, 0.0017327746627148295, 0.002125427411122743, 0.0024449901801700032, 0.0024471264488485672, 0.0023747445836941545, 0.002702768913236857, 0.0031469140499794813, 0.0035517896911846196, 0.0039017306561165035, 0.004147351082532634, 0.003853547012255595, 0.003363386841271573, 0.0030972030974726066, 0.0029285509244056933, 0.002759894851369305, 0.002694538325675402, 0.0024233390773092645, 0.0019968371202504034, 0.0016759059989469765, 0.001576428138788287, 0.001682740009588753, 0.0015715303811166083, 0.0014033805504303093, 0.0013035076239715912, 0.0012130891783478557, 0.0009918015149815152, 0.0009503836642731754, 0.000994721235321058, 0.0011490498294924052, 0.0011941140737987833, 0.0015363216760169642, 0.0017704734619635666, 0.001783547745652636, 0.0016726549593970793, 0.001586781471640414, 0.0013188834462176087, 0.0013033470443194958, 0.0014104757037039512, 0.001478516459699237, 0.0009545704975288045, 0.0010611465468583006, 0.0010587209771044826, 0.0010825879174524964, 0.0011207721274059746, 0.0014850186182400681, 0.0014679454729078364, 0.0014986321428705307, 0.0015131839266817617, 0.0014604458768042964, 0.0011319857299956447, 0.001229289113798804, 0.0013569479099481015, 0.0013812821467321789, 0.001500649042176341, 0.0016510229364742194, 0.0015141086460617149, 0.0014393583936834686, 0.001502564436945525, 0.001397389177621822, 0.0012448998227660775, 0.0013103814704247209, 0.0013738925867370535, 0.0014615033740478399, 0.0017048851692506206, 0.0016745839403548486, 0.0016369662045826756, 0.0016004181930988066, 0.0016153144561850278, 0.0013396010070114614, 0.0011980382199542916, 0.0012012602983514158, 0.001073067281453003, 0.0009904500900377385, 0.000957304962900865, 0.0010378969132570739, 0.0011152968408142875, 0.001248010507153092, 0.001316318377543607, 0.0013996147499962994, 0.0019290433152022403, 0.001969521884258474, 0.00197659594756988, 0.0016999376643499267, 0.0015599144508116963, 0.001497123736960202, 0.0013764998460684425, 0.0012188939516669293, 0.0012716805782943884, 0.0012806969173765285, 0.0012517012290288868, 0.0011498006729464471, 0.001125051422151572, 0.001074074804938586, 0.001135799989936314, 0.0011219921291813185, 0.0011280956940891407, 0.0010662606326353038, 0.001020613567892112, 0.0008606486142938178, 0.0012004087695288242, 0.0012393198252963703, 0.001263025942806606, 0.0013578002689287885, 0.0013775640251574427, 0.001326211043621988, 0.0012628480687965073, 0.0013607541283267295, 0.0013090679886541227, 0.0012646980628028062, 0.0012829339403933498, 0.0012400964467078732, 0.0011393242459598156, 0.0011570438908293083, 0.001127010991497742, 0.0013350780230863702, 0.0016149381017806035, 0.0015860683515075522, 0.0016654523234562282, 0.0017491532095022095, 0.0012541167647302372, 0.0011395040388992644, 0.0010857017666048318, 0.0011762782750225215, 0.0012676033773438412, 0.0011846411181982736, 0.0013938631203035475, 0.0015270728709627054, 0.0014129304483035097, 0.0015247583889250143, 0.0018534550675179567, 0.0018111685318465433, 0.001747844844995414, 0.0018793578082634873, 0.0017029402891151092, 0.0014375139901830474, 0.0012766749897492585, 0.001185043398012594, 0.0010603442159019347, 0.0009644481841650087, 0.0017740681946735136, 0.0016216090448283248, 0.00149656152946182, 0.001283713240922557, 0.0010687259283047594, 0.00113456165235755, 0.0012185461598388026, 0.0012341014099658484, 0.001187924296909244, 0.001239946828294426, 0.0011319817539683545, 0.0010213379723899084, 0.0011116988599375293, 0.0012416422453012104, 0.0013995401546465093, 0.0016258112552017345, 0.0017066513966408337, 0.001609513273300918, 0.0016697724094935508, 0.001502617337838768, 0.001798420923663271, 0.001814621352957321, 0.0020520353727848492, 0.0020077444219516534, 0.0018702368575705126, 0.0017876148325861295, 0.0016660847598612568, 0.0013280866207356547, 0.0012358985459776475, 0.0011397309766240217, 0.0011238175173160286, 0.0011819873221767206, 0.0012156532446642374, 0.0012063733358913269, 0.001195310006341584, 0.0011482891346846532, 0.0010131387328218677, 0.0009123936442940872, 0.0008458880725825056, 0.0007883048877719096, 0.0009875853468902373, 0.0010965623723545503, 0.001118670048435704, 0.0010409527510053585, 0.0011057276952416548, 0.0011244208012529035, 0.0010351998013465992, 0.0013157200951108524, 0.0015750108583817864, 0.0017436594829120142, 0.001820783801110654, 0.0018487030663678337, 0.0015893082402771502, 0.0014421304736963185, 0.001450750144491114, 0.001438471979633049, 0.0013917069013356666, 0.0013653293968146588, 0.0013534824034600647, 0.001124219756166051, 0.0012099548080915618, 0.001335515029328734, 0.0013261414946507135, 0.0013160351498168106, 0.0013342182137049206, 0.0013368737214202028, 0.001461999611472938, 0.0015405110368104462, 0.0016590644874278956, 0.001682667220136616, 0.0015866205567870789, 0.0013544396958515058, 0.0012264887545486184, 0.0010534096479653172, 0.0010162496838714847, 0.001030145627271943, 0.0010366643638751304, 0.0011766788791066558, 0.001244779402745232, 0.0012542367295119467]","{'complete inhibition': 0, 'adapting inhibition': 1, 'partial inhibition': 2, 'no effect': 3, 'excitation': 4, 'biphasic IE': 5, 'biphasic EI': 6}",20.0,0.6717193808617103,0.06566238307441379,0.114505000000009,0.9128375000000026,3.7,0.4079494536071941,0.08736003571428815,0.5718899999999962,0.8142975000000063,True,0.4,"[1.  1.  1.  1.  1.  1.  1.  1.  1.  1.  1.  1.  1.  1.  0.8 0.8 0.8 0.8
 0.8 0.8]",12.904272755302403,1.7776925801904073,0.07746320564516129,12.384986125310354,1.7463511881619738,0.08073876050420155,,,complete inhibition,0
105,AG8019,8,060922,1.4,1,Naive,7,14,right,/Users/johnparker/paper_repos/Aristieta_Parker_Gao_Gittis_Rubin_2024_D1_GPe/data/d1_msns/pre_processed_data/Naive_D1-MSNs_cell_body_stim/Neuron_0007,/Users/johnparker/paper_repos/Aristieta_Parker_Gao_Gittis_Rubin_2024_D1_GPe/data/d1_msns/pre_processed_data/Naive_D1-MSNs_cell_body_stim,Naive_D1-MSNs_cell_body_stim,True,25,250,0.025,/Users/johnparker/paper_repos/Aristieta_Parker_Gao_Gittis_Rubin_2024_D1_GPe/data/d1_msns/processed_data/Naive_D1-MSNs_cell_body_stim/Neuron_0007,9,0.05,"['complete inhibition', 'complete inhibition', 'adapting inhibition', 'complete inhibition', 'complete inhibition', 'complete inhibition', 'partial inhibition', 'complete inhibition', 'complete inhibition']",[0 0 1 0 0 0 2 0 0],1.0,1.0,1.0,0.0,99,90,3,3,2,2,"[0.7250685427159489, 1.5050805324929455, 2.114909774842737, 1.5243483671905096, 0.9037920653280496, 0.8529554470085609, 1.2201895641011635, 0.9100525256756302, 2.0555048784204346, 1.7380571060738803, 0.7951864030178651, 1.3485744874826289, 0.9637846589518179, 0.9436896470424111, 1.920402501535119, 1.7576263544772552, 1.3267855445394068, 0.9692612083596582, 0.3464060702840856, 0.008271033495656305, 1.0149423895951675, 1.9004736058965648, 1.762489725213521, 1.4060635588598625, 1.3912645051099777, 1.0084489214995105, 1.6776199838840875, 1.4199098293500452, 0.6224436504102304, 0.7143217972834267, 1.1176321842640689, 0.9871452733055605, 1.2884514102330926, 1.3574679172032735, 1.3955309128862858, 1.050043832306114, 0.784775401864204, 1.0778423306722762, 1.6128728351866501, 0.3286040220697819, 0.9099256157472078, 1.2659974484839578, 1.2207866159784053, 0.7992908350287549, 1.0718662136945742, 2.049775578036282, 1.8446530472751397, 0.8195503492879146, 0.7100477425145535, 0.651544607717254, 1.2569494489764428, 0.6463159204593603, 0.6726514229125176, 0.9763722751759764, 1.3121078813616185, 1.505563516945896, 1.8284336309677809, 1.6696625296121232, 2.005631280803864, 0.6882712461734073, 0.7135790643749254, 0.9809058181935255, 0.6017131143976197, 0.9907162536298135, 1.654113027772403, 1.0849211868308755, 0.8899626910275428, 1.0720251847667128, 1.4871074296225528, 0.8055716589462345, 1.630349625952142, 2.2301272245342783, 1.9831033577680472, 0.8818382122180499, 1.072890163612351, 1.3691864516520766, 0.6744422701523903, 1.286063428788309, 1.9578846964411127, 0.5514770938462772, 0.6198812443130537, 0.5700042468584061, 0.7651932959393254, 1.1162602310670275, 0.936175944387382, 1.4301807929172399, 1.3716788623848628, 0.9272040041082765, 1.908466469507047, 2.06446834935086, 1.5288276601405573, 1.6529188492459808, 1.6251596126970282, 1.927179289633265, 1.092020179612565, 0.5613919920962167, 0.8484894123981513, 1.2599321758799136, 1.4483172511695972, 0.2735401206466897, 1.3609410836495703, 2.1647882881765312, 1.4133626336793261, 1.8472944397989468, 1.5981158467879268, 2.0079258408963625, 1.948240966880197, 1.1700740725122218, 1.1199709798663622, 0.5779197816808169, 1.3949128188851985, 1.7606328982038129, 0.8535277173183218, 1.0241904608214396, 1.3185295523447822, 0.6516421809495428, 0.6839452237552697, 0.665599722204399, 0.3383979989424479, 0.008265696674175056, 0.6317977413643323, 0.8954846673471328, 1.2499575128707752, 0.7414248406226948, 1.408406466927316, 1.591930403992656, 0.6982148013780267, 1.080923334764167, 1.3074067579478066, 0.5840856430333732, 0.9254222372256795, 1.762673852516703, 1.852238178387066, 0.9720565905744942, 0.8487123222243262, 2.2476147965647986, 1.8532140233227095, 1.9803290675963334, 1.1941037438298596, 0.10402206001278028, 0.666793817669614, 0.9035154406726515, 0.5483851738765683, 0.7179273136489713, 0.8510140025881668, 1.7190461439711051, 2.1112340015283135, 1.3766267184005772, 1.0947688598992693, 1.6408026133431366, 2.0100563036394266, 1.6960656706153603, 1.4366856426872563, 0.7867131245134609, 1.6524764160105483, 0.966062960514536, 1.4403026021290428, 1.209383678204266, 0.6495293559528207, 0.4342981321951092, 0.8884152086402906, 1.964315811806764, 1.0773268364719877, 0.7036881170929206, 0.723630427372916, 0.6696979090139737, 1.2226333174832262, 1.7946034012444485, 1.9248999653754355, 1.3282444086852525, 1.97251467361429, 1.5535850265798476, 1.3315058595302136, 0.8221905806882971, 0.6925295704112671, 0.7680042188884055, 1.8427161192861121, 1.2759780067924804, 0.9669241746196653, 0.39184157253872837, 0.6209240240465423, 0.6424908940742509, 1.4336410150954328, 1.699934307326278, 0.9462413541682851, 1.245329763129178, 1.4013424034615725, 2.7188756810019354, 2.6175003682677325, 1.463482081108015, 0.6068182043669069, 0.6362907159272334, 0.979138341606146, 1.1198482908181784, 1.5420604351901934, 1.417649327108439, 1.3250544966882989, 0.6842793509653321, 0.6945742474242337, 0.1339686653142608, 0.6325012016872913, 1.180315008898797, 1.1969377144616926, 1.7219640920016592, 1.5729520415978626, 1.381962336783424, 0.8816558737000422, 1.8419286457763495, 1.534668594483571, 1.7290352711697012, 1.6888593442912274, 1.59908793412265, 1.836189305437422, 1.862270358065772, 1.9741026140666162, 2.161288791514101, 1.388860624146208, 1.4638475427519977, 1.1611790233291082, 0.1540491809339178, 0.6135394044523924, 1.756345467897661, 2.4176816321163987, 1.9081391475424907, 1.1276546344703615, 0.9056806363678247, 1.6551110902617883, 1.377751654524138, 1.0100704948566104, 1.0959472130067953, 1.1711370743830265, 1.2937041182880924, 1.61634508343251, 1.9477712311287567, 1.6096476269500946, 1.798712661510422, 1.71209908478798, 1.7283906490629166, 1.633887049013149, 0.5638820666617266, 0.6738976247960249, 1.5350738837100015, 1.6230518418879958, 1.567847687241954, 1.7143327639707873, 1.6957891574211506, 1.690940905686187, 1.4620266427916897, 1.3879880638235707, 1.3788261085461533, 1.494026323221083, 1.4994915411180638, 1.5629900055643926, 2.2101538259627853, 1.6760004259133463, 1.0179566281786132, 0.7826392142796319, 1.3487742900500412, 1.9919436238208377, 0.6272752043981473, 0.6387534194613238, 1.182173199637235, 1.224027437464991, 1.7999470450524735, 1.4998905647112935, 1.5741876786249658, 1.1559990787410075, 1.2738751447262298, 1.3964985370169214, 1.329849517199953, 1.6963725250006618, 1.9896488304422455, 1.87105285385196, 1.2666285585014876, 0.853561602803024, 1.649279649603815, 2.256250152056421, 1.649634308620777, 1.5220944161312289, 1.0438690107297208, 0.5249006315554897, 0.6630712815341017, 1.3074939842417685, 2.0382443428412933, 1.8736659380247633, 1.4990600693452472, 1.3418382970733862, 1.4321694115133976, 1.7220257176487852, 1.1541128380340524, 1.6230402934441464, 2.139239214495626, 1.971880882379578, 1.524346768064622, 1.1946833679247775, 1.967948705343903, 1.6551237775545116, 1.6653812668750505, 1.3938058699116183, 0.26985635178751316, 0.6228490346253983, 1.6540381025682156, 2.057579982994181, 1.7774638383125718, 1.900707601567738, 1.8710833368835331, 1.648609546865227, 1.3506177020990264, 1.9430482717794657, 1.6332332990268026, 1.5360044584402686, 1.022834823556335, 0.8168266550230179, 0.7573114087309077, 1.2885762171159583, 1.4977529787817392, 1.611433690230654, 1.2281858447563292, 1.6867054755982673, 0.9805138177199274, 0.6706679439087114, 1.6321646288193412, 2.0992382172775286, 1.6618342490604825, 1.5273554300500825, 1.7584001068776647, 1.846982843552332, 1.735262998574336, 1.5146437984460626, 1.2920103506211889, 1.0156718460896748, 1.126254443807785, 1.064355385037099, 1.0509351889546878, 1.81505631943856, 1.9038373448052832, 1.9821428181565806, 1.9517984661583916, 1.1511692562015414, 0.1632151357700536, 0.7682123188785946, 1.5389985683415623, 1.9739083479836785, 1.9499115220660863, 1.8395017895792634, 1.2023118430455844, 1.5144167445313215, 1.2330562614821758, 1.2041310307171638, 1.3058069786926143, 1.1818308820846646, 1.9033209551607746, 1.9448065395278464, 1.6665924989786085, 0.8702204501107895, 1.3675109803246175, 1.9383176795362962, 1.7335325236071388, 1.3029549567407435, 0.5010900851380552, 0.828544585640461, 1.699685814680601, 1.3310112841627266, 1.7367754240395885, 1.5980117677126708, 1.0657533797220242, 0.7517007538679172, 1.171558903333319, 1.5271217753236082, 1.7901193953932923, 2.03125770927883, 1.76327215930387, 1.285905732576961, 1.9787248805692483, 2.1068803985346403, 1.8865934163744482, 1.8319630257038997, 1.471199259926, 0.9587902366492524, 0.14429412313019202, 0.6998749751149368, 1.9030211611597603, 1.6742726244864226, 1.0784115724839398, 1.5100865131606782, 1.5228252631270236, 2.071968558578969, 2.0319528214773133, 1.7765312268376545, 1.7671562858819507, 1.2902680779993534, 0.7680423863728073, 1.1326349735998502, 1.3861623052749015, 1.3950005572256612, 1.2922976588040886, 1.1040363775594157, 1.72546231565853, 2.0476473398332025, 0.7562978173365166]","[0.0014903643864875838, 0.001713283902555699, 0.0020421254015237146, 0.002066159398706836, 0.0023270709356663474, 0.002500292566663111, 0.002271335210032706, 0.002043506288746481, 0.002121409787131894, 0.001988962140373044, 0.002172944533909369, 0.0023401372660572925, 0.00215322446290412, 0.0019886852049897435, 0.0020014804396011757, 0.0020415299359620403, 0.0027104184940857654, 0.003523320276377348, 0.004077514556342535, 0.004607863174899998, 0.0011992694038616884, 0.001470270137781627, 0.0018431545959380323, 0.00215974825683431, 0.0027089896921411714, 0.0032234361758973775, 0.003406358776279735, 0.003223289704726213, 0.0032359752360344566, 0.0029893144954606554, 0.0025209269868308255, 0.0021395158421474683, 0.00202166626835778, 0.0017240469864856396, 0.0017912236792980607, 0.0018987591401379083, 0.002184660538957767, 0.002587501461053434, 0.0028991427004417905, 0.002829271318269414, 0.001403321226319127, 0.0016690784397473647, 0.0017161033192341331, 0.0020759626024077077, 0.0022539300733762377, 0.0021100294119053213, 0.002180500621278392, 0.002375756715243465, 0.0021480177081377788, 0.0021566228978375382, 0.0022802155185354714, 0.002043193219166618, 0.001949969355495538, 0.0022224969271585674, 0.0024232819408087176, 0.0026330784045723132, 0.003264543009514102, 0.003756876125792718, 0.0038711707441386844, 0.004091289336370645, 0.0019672779452894183, 0.002109211626649855, 0.002341106122312012, 0.0024971885525778307, 0.002624071001545934, 0.002739304204254719, 0.0027814212288188784, 0.0024811909453923806, 0.002316814146770762, 0.002252527463095155, 0.0019388991919043774, 0.0017456401412000845, 0.0016540891341388156, 0.001831971864457019, 0.0018177177007982475, 0.0019008019564006105, 0.0026175546481184008, 0.0034392209982167994, 0.0038285868507545668, 0.004295829137982388, 0.0017305108940111483, 0.0021095582055476875, 0.0024264661199899415, 0.002576813499904344, 0.002529000344789853, 0.002518142086914271, 0.002525085650588828, 0.0023544212341747297, 0.0021395784396286885, 0.0022092572055885753, 0.0024683270539272977, 0.0021877227065945754, 0.0021909929263706856, 0.0023042174486950953, 0.002117371957854864, 0.0017937879429195437, 0.002068942823353329, 0.00231450372016433, 0.002454654215220477, 0.0028344164111202682, 0.0021630404322122957, 0.002028257462880063, 0.00216717060294445, 0.0024019088979350053, 0.0022769641668388156, 0.0023963610335996136, 0.002669844502397873, 0.002477822114135789, 0.0022527974320156255, 0.0023673755211070127, 0.0022106807778278803, 0.0018904918833178236, 0.0019171680655043466, 0.0021860036782098318, 0.0020333367916361062, 0.0019274935368182291, 0.0021595101370473556, 0.0024649939062269207, 0.0024043200600681156, 0.002560106951694575, 0.0023710446861118627, 0.0024056010270687746, 0.002250080854663361, 0.002339991642193222, 0.002394453303327223, 0.0021101135708311413, 0.0020278793707276545, 0.0022285783470892277, 0.0022646457222238645, 0.0020176766441252748, 0.001878917003553352, 0.00184732834571674, 0.0018322605885324763, 0.0018553827804111706, 0.001836584571148549, 0.002232667622378797, 0.0029465898761369983, 0.0035055961793475122, 0.0038740881402536073, 0.004587515790469818, 0.0018218957723341851, 0.0021408237104244897, 0.0020715201176608453, 0.0020688362811995846, 0.0022456702143964693, 0.0024729099813185647, 0.002395507744394142, 0.0026334616865480733, 0.0031249865190452306, 0.003275132788317813, 0.003212830416998963, 0.0030087536964016636, 0.002705677004977885, 0.002384758012969975, 0.0020140452557652275, 0.0017282142715832377, 0.0016999715936612896, 0.0019644074829536684, 0.001925872846852886, 0.0018735325249244683, 0.002320458722930185, 0.0024062293443334504, 0.002529707658723687, 0.0025310834891614517, 0.002701893061756662, 0.002767119736781494, 0.002713523572429475, 0.002628298611893036, 0.0026241901406699173, 0.002281532567922912, 0.0018473134600175585, 0.0016563373388984613, 0.0015179948165797666, 0.0014788321914757185, 0.001697114368504762, 0.0017955055299175876, 0.0018984494608057956, 0.0021552258866511615, 0.0022631191713168393, 0.002223032650367023, 0.0026075531197200966, 0.0024818842655073216, 0.002591455367024843, 0.0025856281965095634, 0.0022596551880245744, 0.002003496496154554, 0.0018574615892835748, 0.0015078100145779392, 0.0014175364298076446, 0.001615357747527762, 0.0016173739082878465, 0.001873460868294273, 0.0022045279850376586, 0.002265108803545403, 0.002157503777954089, 0.002380684706676595, 0.0029952849894425986, 0.003516447707152687, 0.003991143129523744, 0.004556452584664714, 0.0020071103217419203, 0.0019131394172367873, 0.0018405747373090413, 0.0019673738961525342, 0.0019173497616332858, 0.0018256915614054952, 0.0018698312785713214, 0.0018282744915090214, 0.0016176687757683893, 0.0015236982718304756, 0.0015060278431166252, 0.0014497355583841071, 0.0014147470370404914, 0.0013688054116775445, 0.0014471765387144774, 0.0015046502486065726, 0.0017500137976379708, 0.0022486245836856613, 0.0025316284042038763, 0.0026554506507459608, 0.0016814494095303808, 0.0018276145149263832, 0.0018451577286724826, 0.0017328660191733363, 0.0017785114592559763, 0.0018991701043129816, 0.0019314180025612065, 0.00190065858222985, 0.002095528042324164, 0.00212161938759781, 0.0020309619251582347, 0.001922975502597707, 0.0018915120633560924, 0.0016562578601736772, 0.0015683375986164313, 0.0015454474884408816, 0.0014031318529780627, 0.0014252498305113279, 0.0014403144574748079, 0.0013499306616018654, 0.001927071306162469, 0.001872586606167791, 0.0018698347852029269, 0.0017364838690792635, 0.0015383277842892183, 0.0016303994283977973, 0.0016616769993376488, 0.0015546743121512088, 0.0016108931805270444, 0.001938097783911983, 0.0019138687638190078, 0.0019846986828337934, 0.002050973194722371, 0.0018921472109787512, 0.0016804981001329149, 0.0016601431474267242, 0.0015318783156233796, 0.0016021209491929125, 0.0017509953577814618, 0.0017203831287572065, 0.0015850295888600431, 0.001778816957797185, 0.0017422089097672724, 0.0016368524649513813, 0.001798016931861848, 0.0018833168511751875, 0.001760881684753376, 0.001810805468213763, 0.0018740758119268912, 0.0018449586956177473, 0.0018158653176934408, 0.0017484413802058988, 0.0018718004524446656, 0.001950894521023496, 0.0017805243437876515, 0.001648641550072284, 0.0017001255918818038, 0.0016740400220495782, 0.0016286338958536532, 0.0017648795300230218, 0.0014844292676699498, 0.001843983843559899, 0.002054056871263074, 0.0020432221286351077, 0.0020844929414928506, 0.0021856651068914794, 0.0019705787552504322, 0.0018476654961509793, 0.0019702108326567114, 0.0019168604389881534, 0.0017568157373106133, 0.0016479705319678865, 0.0014811937627004664, 0.001367216350652701, 0.0013796123013058725, 0.0014684662594561888, 0.001696120014327448, 0.0019178285139110152, 0.0020037691909591524, 0.002133973323822331, 0.00159429909942264, 0.001595627460493861, 0.0015781972636671508, 0.0015315333043102244, 0.0015351312872717256, 0.0017868325781084011, 0.0020277691295679553, 0.0019936277593890586, 0.0019610583937663077, 0.001983703733912698, 0.0017020790912975474, 0.0014594520222845086, 0.0015345408136234798, 0.0015971407983333373, 0.0016795443049073275, 0.0018126170131317766, 0.002078280947159999, 0.0022888204621941866, 0.002509159583846593, 0.0026198799644044806, 0.0015321031249046404, 0.0015416914435068625, 0.0015251856509947016, 0.0015480062586737192, 0.001573862505616149, 0.0017746427073742242, 0.0018736082453038327, 0.001815205903859273, 0.001753533992716616, 0.001766032167406112, 0.0016944919460136145, 0.0016953463576007033, 0.0017219077011049041, 0.001651273129339635, 0.001620340448564979, 0.0018162064223148971, 0.0021322762758164172, 0.0024946243007597673, 0.0028649396763917247, 0.0032227802605369962, 0.0016259700734543318, 0.0018732483547604568, 0.002059038959568735, 0.0022711462856608217, 0.002344150900852948, 0.0023134047907628972, 0.0021354661635088743, 0.0019200123287953725, 0.0016867300535752115, 0.0016433930153265438, 0.001565991611484508, 0.001508502121265674, 0.0014465888100607103, 0.0014495644830952114, 0.0015555544688530439, 0.001619600322095477, 0.0016563778421501232, 0.0017354910415134496, 0.0017025104278620604, 0.001552562076571877, 0.0016421216045946045, 0.0017578883481455532, 0.0019080754818116474, 0.001949792357451945, 0.0018712387980605936, 0.0017900305832909305, 0.0016802512304730378, 0.0015269606566575453, 0.0013751507537275813, 0.001356899629981505, 0.0014296440861390949, 0.0015226868906735845, 0.0017284594471933723, 0.00183347363417598, 0.0019274354456954397, 0.0020114659386311845, 0.0020034893497110494, 0.002021212170337957, 0.00213367509264103, 0.0022338338762958256, 0.0014752374235016902, 0.0016230056364987349, 0.0016216568470810145, 0.001584452981283682, 0.0016410414953207967, 0.0016464547031346752, 0.0017071811470334144, 0.0020325201141634594, 0.002365689674859354, 0.002512465068322557, 0.0025219260311412474, 0.0024098750382246874, 0.0021791085253476893, 0.0018147143536150399, 0.0016017043187774073, 0.0015249032903139068, 0.0014663478966480557, 0.0013545325265305623, 0.001376524183120618, 0.0013981679272280073]","{'complete inhibition': 0, 'adapting inhibition': 1, 'partial inhibition': 2, 'no effect': 3, 'excitation': 4, 'biphasic IE': 5, 'biphasic EI': 6}",27.0,0.5605513757010736,0.03762239989333332,0.03618333333334552,0.983119444444458,3.888888888888889,0.43040557759455683,0.18457800925926446,0.24695833333334052,0.6785833333333452,True,0.3333333333333333,"[0.88888889 1.         1.         1.         1.         1.
 1.         1.         1.         1.         1.         1.
 0.88888889 0.88888889 0.88888889 0.88888889 0.88888889 0.88888889
 0.88888889 0.88888889]",29.431964113836955,0.5811327010988485,0.03395055555555556,20.731050364708196,3.649667777567458,0.0436807445759369,,,complete inhibition,0
106,AG7499,2,011122,1.1,6,Naive,38,12,left,/Users/johnparker/paper_repos/Aristieta_Parker_Gao_Gittis_Rubin_2024_D1_GPe/data/d1_msns/pre_processed_data/Naive_D1-MSNs_cell_body_stim/Neuron_0038,/Users/johnparker/paper_repos/Aristieta_Parker_Gao_Gittis_Rubin_2024_D1_GPe/data/d1_msns/pre_processed_data/Naive_D1-MSNs_cell_body_stim,Naive_D1-MSNs_cell_body_stim,True,25,250,0.025,/Users/johnparker/paper_repos/Aristieta_Parker_Gao_Gittis_Rubin_2024_D1_GPe/data/d1_msns/processed_data/Naive_D1-MSNs_cell_body_stim/Neuron_0038,10,0.05,"['complete inhibition', 'complete inhibition', 'complete inhibition', 'complete inhibition', 'complete inhibition', 'complete inhibition', 'complete inhibition', 'complete inhibition', 'complete inhibition', 'complete inhibition']",[0 0 0 0 0 0 0 0 0 0],1.0,1.0,1.0,0.0,99,90,3,3,2,2,[],[],"{'complete inhibition': 0, 'adapting inhibition': 1, 'partial inhibition': 2, 'no effect': 3, 'excitation': 4, 'biphasic IE': 5, 'biphasic EI': 6}",16.8,0.6605377194140498,0.06425517018398269,0.05371000000000024,0.9389799999999979,0.2,0.0,0.0,0.8003450000000001,0.8003450000000001,True,0.0,[1. 1. 1. 1. 1. 1. 1. 1. 1. 1. 1. 1. 1. 1. 1. 1. 1. 1. 1. 1.],20.088639480478896,0.6506960682950819,0.049720222513089,13.471205298674082,0.6968847807916099,0.056510937500000025,,,complete inhibition,0
107,AG8017,4,070722,1.1,6,Naive,31,7,left,/Users/johnparker/paper_repos/Aristieta_Parker_Gao_Gittis_Rubin_2024_D1_GPe/data/d1_msns/pre_processed_data/Naive_D1-MSNs_cell_body_stim/Neuron_0031,/Users/johnparker/paper_repos/Aristieta_Parker_Gao_Gittis_Rubin_2024_D1_GPe/data/d1_msns/pre_processed_data/Naive_D1-MSNs_cell_body_stim,Naive_D1-MSNs_cell_body_stim,True,25,250,0.025,/Users/johnparker/paper_repos/Aristieta_Parker_Gao_Gittis_Rubin_2024_D1_GPe/data/d1_msns/processed_data/Naive_D1-MSNs_cell_body_stim/Neuron_0031,10,0.05,"['complete inhibition', 'complete inhibition', 'partial inhibition', 'complete inhibition', 'adapting inhibition', 'biphasic EI', 'complete inhibition', 'complete inhibition', 'adapting inhibition', 'no effect']",[0 0 2 0 1 6 0 0 1 3],1.0,1.0,1.0,0.0,99,90,3,3,2,2,"[2.24988205e-31 2.24988205e-31 2.24993293e-31 2.25096489e-31
 2.42760909e-29 2.42760909e-29 2.73681212e-28 5.87803296e-25
 5.87803301e-25 4.92598960e-23 4.93274216e-23 6.24822031e-23
 9.15583402e-23 9.15583402e-23 9.15583402e-23 9.15583402e-23
 9.15583402e-23 9.15583402e-23 9.15583402e-23 9.15583402e-23
 9.15583402e-23 9.15583402e-23 2.88022340e-22 2.88022340e-22
 4.37339692e-22 4.37339692e-22 4.37396793e-22 4.38085216e-22
 6.88736535e-22 6.88830229e-22 5.20758888e-21 5.56101933e-21
 5.56101933e-21 5.56101933e-21 2.10054429e-20 2.10054429e-20
 2.60036625e-20 5.48861543e-20 1.54008721e-19 2.46555637e-19
 2.46555637e-19 2.46555637e-19 2.63221417e-19 5.78319501e-19
 5.78319501e-19 5.78455219e-19 1.05888107e-18 1.74213469e-18
 1.74213469e-18 1.47144593e-17 1.80523645e-17 1.80523645e-17
 7.99291182e-17 7.99291377e-17 2.81759483e-15 2.83056715e-15
 3.42230650e-15 4.63072029e-15 4.63072029e-15 4.63072029e-15
 4.63072029e-15 4.63072029e-15 4.63072029e-15 4.63072029e-15
 4.63072029e-15 4.63072029e-15 4.63072040e-15 1.15586159e-14
 1.15586159e-14 1.61210143e-14 1.61210143e-14 1.61330886e-14
 1.62178782e-14 2.31374224e-14 2.31554747e-14 1.15080341e-13
 1.21212879e-13 1.21212879e-13 1.21212879e-13 3.45918032e-13
 3.45918032e-13 4.09217172e-13 7.36188259e-13 1.65292918e-12
 2.38825364e-12 2.38825364e-12 2.38825364e-12 2.53148093e-12
 4.64518594e-12 4.64518594e-12 4.65152773e-12 7.43837710e-12
 1.10412098e-11 1.10412098e-11 5.71159191e-11 6.67348242e-11
 6.67348242e-11 2.08988360e-10 2.08989700e-10 2.57982104e-10
 5.43144019e-10 5.43144019e-10 3.13102557e-09 3.17710028e-09
 3.66550171e-09 4.53483052e-09 4.53483052e-09 4.53483052e-09
 4.53483052e-09 4.53483052e-09 4.53483052e-09 4.53483052e-09
 4.53483052e-09 4.53483052e-09 4.53483599e-09 8.99773897e-09
 8.99773897e-09 1.15348222e-08 1.15348222e-08 1.15837813e-08
 1.17768885e-08 1.50992421e-08 1.51659770e-08 3.67738707e-08
 4.95795291e-08 5.15149525e-08 5.15149525e-08 5.15149525e-08
 1.11358713e-07 1.11358713e-07 1.25941800e-07 1.59115268e-07
 1.59115268e-07 1.59115270e-07 1.71371385e-07 1.71371385e-07
 1.71371385e-07 1.93411882e-07 1.93460841e-07 1.93461434e-07
 3.48260234e-07 4.54620134e-07 4.54620134e-07 4.54620134e-07
 4.86137195e-07 6.09947259e-07 7.34698849e-07 7.34698849e-07
 7.40440197e-07 1.03050760e-06 1.40666040e-06 1.40666040e-06
 1.40666399e-06 3.30986242e-06 3.94040427e-06 4.10553051e-06
 4.43645610e-06 4.43645673e-06 4.43645673e-06 4.43645673e-06
 4.61791145e-06 4.90246410e-06 4.90246410e-06 4.97724597e-06
 9.46814930e-06 1.03576259e-05 1.03576259e-05 1.03576259e-05
 1.03576268e-05 1.09087353e-05 1.09105166e-05 1.26314178e-05
 2.11580689e-05 2.11580689e-05 2.87315624e-05 7.13210951e-05
 7.43508908e-05 8.19038022e-05 9.00013512e-05 9.00013512e-05
 9.00013512e-05 9.00013512e-05 9.00013512e-05 9.00013512e-05
 9.00013512e-05 9.00013512e-05 9.00013513e-05 9.00064844e-05
 1.25177526e-04 1.42523119e-04 1.42523119e-04 1.68197594e-04
 1.68197594e-04 1.72137998e-04 1.80281653e-04 2.01153702e-04
 2.06056166e-04 3.61674710e-04 3.94212282e-04 4.19176970e-04
 4.39635958e-04 4.50744217e-04 4.50744217e-04 4.50744217e-04
 4.52748010e-04 4.58878804e-04 4.75551122e-04 5.06491219e-04
 6.67228741e-04 6.83545536e-04 7.09854877e-04 7.34604666e-04
 7.42473635e-04 7.42473679e-04 7.70758975e-04 8.00274680e-04
 8.03578889e-04 8.45785707e-04 8.45938219e-04 8.45938219e-04
 9.14331333e-04 9.33440193e-04 9.33440193e-04 9.33442370e-04
 9.78556206e-04 9.78556206e-04 9.78556206e-04 1.05729307e-03
 1.05729307e-03 1.05729307e-03 1.08230306e-03 1.08230307e-03
 1.08230307e-03 1.08252705e-03 1.09103099e-03 1.16081493e-03
 1.52070956e-03 1.53488032e-03 1.64939217e-03 1.81484929e-03
 1.81484929e-03 1.81484929e-03 1.94704996e-03 1.95970100e-03
 2.04814057e-03 2.05681279e-03 2.08036676e-03 2.18092000e-03
 2.44864849e-03 2.44864854e-03 2.55413087e-03 2.73688089e-03
 3.02408220e-03 3.06406333e-03 3.30872624e-03 3.45346291e-03
 3.56451486e-03 3.89131091e-03 4.01509149e-03 4.01509149e-03
 4.01509149e-03 4.82957440e-03 4.91707721e-03 5.02956145e-03
 5.14271251e-03 5.17716779e-03 5.34282761e-03 5.45150826e-03
 5.70333699e-03 6.33566161e-03 6.33566161e-03 6.49187064e-03
 6.81507621e-03 6.93008536e-03 7.34611491e-03 7.34826765e-03
 7.70522047e-03 7.70522047e-03 7.70522047e-03 7.70522047e-03
 7.76190821e-03 7.76190821e-03 7.77090433e-03 7.97772810e-03
 8.22688939e-03 8.77387160e-03 8.77387160e-03 8.77387160e-03
 8.77387160e-03 8.77387160e-03 8.77387160e-03 8.77401316e-03
 8.80146389e-03 8.80146389e-03 8.80146389e-03 9.30194412e-03
 9.58865240e-03 9.58865428e-03 1.05619005e-02 1.12848634e-02
 1.19106455e-02 1.19106455e-02 1.19106455e-02 1.19106455e-02
 1.24155398e-02 1.24630616e-02 1.28824462e-02 1.35157221e-02
 1.39545619e-02 1.41172826e-02 1.67022078e-02 1.81662046e-02
 1.81662046e-02 2.08130074e-02 2.12656970e-02 2.15744875e-02
 2.28475386e-02 2.40512728e-02 2.45719307e-02 2.49941968e-02
 2.51312167e-02 2.92007013e-02 2.93087317e-02 3.00907540e-02
 3.00924926e-02 3.32716443e-02 3.32717968e-02 3.32717968e-02
 3.32805010e-02 3.41219256e-02 3.56297842e-02 3.56297971e-02
 3.56668682e-02 3.56668682e-02 3.59045982e-02 3.59555780e-02
 3.65310465e-02 3.66951473e-02 3.67980091e-02 3.69063371e-02
 3.73273264e-02 3.80941452e-02 3.93477883e-02 4.05072345e-02
 4.05072345e-02 4.05072345e-02 4.05072345e-02 4.05072345e-02
 4.05072345e-02 4.05072345e-02 4.05072345e-02 4.05072838e-02
 4.06050680e-02 4.29855808e-02 4.30379173e-02 4.33479318e-02
 4.41081977e-02 4.47150603e-02 4.49961392e-02 5.02723277e-02
 5.15933927e-02 5.15933927e-02 5.17501630e-02 5.17501630e-02
 5.23153771e-02 5.23153771e-02 5.23153787e-02 5.64540968e-02
 5.64540968e-02 5.86058788e-02 5.95776507e-02 6.00011610e-02
 6.08022617e-02 6.19686675e-02 6.20024860e-02 6.26519698e-02
 6.32691730e-02 6.96279485e-02 6.97305757e-02 7.13996016e-02
 7.32869104e-02 7.60821469e-02 7.67487933e-02 7.77675238e-02
 8.36152229e-02 8.44413853e-02 8.50250185e-02 8.57768117e-02
 8.60991873e-02 8.92917874e-02 9.21289607e-02 9.21812245e-02
 9.33301669e-02 9.33301669e-02 9.33301669e-02 9.36809453e-02
 9.41627598e-02 9.53986579e-02 9.58399492e-02 9.58520877e-02
 9.64619902e-02 9.74880845e-02 9.76131939e-02 9.92949409e-02
 1.02566560e-01 1.04505677e-01 1.07537364e-01 1.09655194e-01
 1.10562391e-01 1.10576256e-01 1.13090696e-01 1.14041982e-01
 1.14042588e-01 1.14224930e-01 1.14415371e-01 1.14984243e-01
 1.16344615e-01 1.17057306e-01 1.18295937e-01 1.19089608e-01
 1.19092699e-01 1.20242029e-01 1.21076571e-01 1.21076572e-01
 1.21605077e-01 1.21605077e-01 1.21648710e-01 1.22990086e-01
 1.23687622e-01 1.26746867e-01 1.27655340e-01 1.27655340e-01
 1.27788127e-01 1.27837756e-01 1.30601385e-01 1.32814747e-01
 1.32814747e-01 1.32869503e-01 1.35806375e-01 1.35806375e-01
 1.35806375e-01 1.36164410e-01 1.40383991e-01 1.40834246e-01
 1.40834246e-01 1.40834246e-01 1.41213792e-01 1.42185297e-01
 1.42383580e-01 1.42385236e-01 1.42385236e-01 1.42836473e-01
 1.43544395e-01 1.47112052e-01 1.51314693e-01 1.58116103e-01
 1.58841190e-01 1.59499150e-01 1.60625154e-01 1.66535702e-01
 1.66553624e-01 1.67279444e-01 1.67875324e-01 1.69260914e-01
 1.72255716e-01 1.73242621e-01 1.79189606e-01 1.79418702e-01
 1.80425959e-01 1.80425959e-01 1.80425959e-01 1.83404586e-01
 1.84062255e-01 1.84062255e-01 1.86570760e-01 1.86702254e-01
 1.87501875e-01 1.88241417e-01 1.88789304e-01 1.90067028e-01
 1.90400191e-01 1.90444908e-01 1.91743071e-01 1.95783992e-01
 1.99215890e-01 1.99664167e-01 2.05014136e-01 2.05822421e-01
 2.05980431e-01 2.05984226e-01 2.08730152e-01 2.08730152e-01
 2.12086610e-01 2.12813475e-01 2.27374598e-01 2.28937893e-01
 2.33606451e-01 2.41873047e-01 2.44200397e-01 2.45057734e-01
 2.46040969e-01 2.50087688e-01 2.52450389e-01 2.56948090e-01
 2.57436472e-01 2.58402025e-01 2.63252981e-01 2.64869592e-01
 2.64869594e-01 2.75993353e-01 2.77905219e-01 2.78170228e-01
 2.78663183e-01 2.83851852e-01 2.85500830e-01 2.85978617e-01
 2.85978617e-01 2.86300325e-01 2.87480458e-01 2.87767533e-01
 2.87789385e-01 2.87801455e-01 2.87804701e-01 2.88042318e-01
 2.88524365e-01 2.90486884e-01 3.02721497e-01 3.04243274e-01
 3.04243274e-01 3.04243274e-01 3.04243274e-01 3.09181369e-01
 3.12285910e-01 3.13255277e-01 3.14173975e-01 3.14280641e-01
 3.16236940e-01 3.17563963e-01 3.18246598e-01 3.23398976e-01
 3.30222042e-01 3.30222042e-01 3.33689940e-01 3.34118239e-01
 3.34354452e-01 3.34371092e-01 3.34371092e-01 3.34371092e-01
 3.35174269e-01 3.37107303e-01 3.38468254e-01 3.38976716e-01
 3.38976716e-01 3.38976716e-01 3.45110313e-01 3.45110313e-01
 3.45429406e-01 3.45798247e-01 3.45798247e-01 3.45798247e-01
 3.45798247e-01 3.45798247e-01 3.45798254e-01 3.46664380e-01
 3.52980040e-01 3.55321912e-01 3.55321912e-01 3.55391807e-01
 3.58765366e-01 3.64195348e-01 3.66910084e-01 3.66910084e-01
 3.66910084e-01 3.70355344e-01 3.71270411e-01 3.75948523e-01
 3.78031996e-01 3.79531951e-01 3.86306767e-01 3.86306767e-01
 3.86306767e-01 3.86306767e-01 3.86340721e-01 3.86340721e-01
 3.86340722e-01 3.86340722e-01 3.87971298e-01 3.90773397e-01
 3.91616396e-01 3.93323694e-01 4.02051050e-01 4.03709791e-01
 4.05866116e-01 4.10358074e-01 4.10468584e-01 4.12993910e-01
 4.13255120e-01 4.14190260e-01 4.14190260e-01 4.14190260e-01
 4.14190260e-01 4.18307878e-01 4.18496625e-01 4.18496669e-01
 4.20668880e-01 4.23478106e-01 4.25024109e-01 4.26098249e-01
 4.27089343e-01 4.27565930e-01 4.27607790e-01 4.27810547e-01
 4.28954909e-01 4.30098813e-01 4.30603044e-01 4.31923021e-01
 4.32112048e-01 4.34998026e-01 4.37839592e-01 4.44521300e-01
 4.45932629e-01 4.45932629e-01 4.48483869e-01 4.50101244e-01
 4.51726973e-01 4.53368243e-01 4.58424586e-01 4.58927029e-01
 4.63831475e-01 4.65319565e-01 4.66005633e-01 4.68334815e-01
 4.70428371e-01 4.71203445e-01 4.72867393e-01 4.77745688e-01
 4.78313633e-01 4.84225529e-01 4.84407066e-01 4.86279090e-01
 4.89486403e-01 4.90709083e-01 4.95883110e-01 5.04550140e-01
 5.07318650e-01 5.07559788e-01 5.08641212e-01 5.09141965e-01
 5.09142028e-01 5.09586399e-01 5.11493525e-01 5.12466191e-01
 5.15067580e-01 5.18135982e-01 5.22295771e-01 5.25446070e-01
 5.25641566e-01 5.25693303e-01 5.29177790e-01 5.29847938e-01
 5.30284816e-01 5.32003738e-01 5.33355775e-01 5.33370262e-01
 5.34013161e-01 5.34264247e-01 5.34264247e-01 5.38856826e-01
 5.38869780e-01 5.39301098e-01 5.40136065e-01 5.40465288e-01
 5.40470422e-01 5.42666184e-01 5.43225097e-01 5.43902352e-01
 5.44402719e-01 5.44660341e-01 5.45933544e-01 5.46257048e-01
 5.49406445e-01 5.49407730e-01 5.61175190e-01 5.61175190e-01
 5.61175190e-01 5.61175190e-01 5.61175191e-01 5.61175191e-01
 5.61175191e-01 5.61175191e-01 5.61613154e-01 5.69157927e-01
 5.70896414e-01 5.80433590e-01 5.83802072e-01 5.88545828e-01
 5.90883669e-01 5.91014673e-01 5.92303131e-01 5.92303131e-01
 5.92973098e-01 5.93205524e-01 5.93737494e-01 5.93737494e-01
 5.93737610e-01 5.93737610e-01 5.93737610e-01 5.93859930e-01
 5.94262906e-01 5.94262906e-01 5.99222629e-01 6.01160491e-01
 6.02393059e-01 6.03539893e-01 6.05388841e-01 6.05388841e-01
 6.05701074e-01 6.07016578e-01 6.10589814e-01 6.14472957e-01
 6.14508840e-01 6.16834349e-01 6.16837172e-01 6.17112838e-01
 6.19430992e-01 6.22024841e-01 6.23532224e-01 6.24069503e-01
 6.28536208e-01 6.28618131e-01 6.28618237e-01 6.28733212e-01
 6.29134803e-01 6.29520294e-01 6.29520294e-01 6.29530003e-01
 6.31922636e-01 6.35748128e-01 6.35951696e-01 6.35960009e-01
 6.36673394e-01 6.39922796e-01 6.40313600e-01 6.41393572e-01
 6.46390441e-01 6.46390441e-01 6.46390441e-01 6.47618375e-01
 6.47945012e-01 6.47990437e-01 6.49656858e-01 6.50532763e-01
 6.51919559e-01 6.55069701e-01 6.55925809e-01 6.57217059e-01
 6.57873127e-01 6.58159484e-01 6.59939586e-01 6.63323502e-01
 6.63323677e-01 6.65119326e-01 6.67211451e-01 6.67598257e-01
 6.68630720e-01 6.68870021e-01 6.69667726e-01 6.69909159e-01
 6.70730427e-01 6.71332650e-01 6.71332650e-01 6.71332650e-01
 6.71591839e-01 6.72219200e-01 6.72279742e-01 6.72337881e-01
 6.72681288e-01 6.73496674e-01 6.73499633e-01 6.74518106e-01
 6.74546477e-01 6.74546477e-01 6.74757624e-01 6.74757624e-01
 6.74757627e-01 6.75398491e-01 6.76707959e-01 6.76712041e-01
 6.76899446e-01 6.76899446e-01 6.77388780e-01 6.77543151e-01
 6.78583176e-01 6.78631889e-01 6.78907463e-01 6.79390470e-01
 6.79390860e-01 6.79876581e-01 6.80293264e-01 6.80293264e-01
 6.80973634e-01 6.80973634e-01 6.80973634e-01 6.81182510e-01
 6.81722272e-01 6.81764550e-01 6.82118376e-01 6.82180176e-01
 6.82673949e-01 6.82692683e-01 6.82714740e-01 6.83106235e-01
 6.85197940e-01 6.85613695e-01 6.86157215e-01 6.86157217e-01
 6.86958408e-01 6.87076302e-01 6.87235928e-01 6.88140679e-01
 6.90178734e-01 6.91849374e-01 6.92828077e-01 6.92893255e-01
 6.94760089e-01 6.94860690e-01 6.95376298e-01 6.98319762e-01
 7.03132479e-01 7.03345624e-01 7.03981548e-01 7.04466281e-01
 7.06782442e-01 7.08285013e-01 7.08381914e-01 7.09296884e-01
 7.09873885e-01 7.11207275e-01 7.11576873e-01 7.13718183e-01
 7.18078435e-01 7.21923401e-01 7.22255731e-01 7.24606843e-01
 7.26051162e-01 7.30571930e-01 7.32826420e-01 7.38896663e-01
 7.39042811e-01 7.44321558e-01 7.47068274e-01 7.50869474e-01
 7.54308892e-01 7.54586147e-01 7.54857544e-01 7.55334328e-01
 7.58924693e-01 7.66031419e-01 7.67970229e-01 7.72723626e-01
 7.89553108e-01 7.97851522e-01 8.02427889e-01 8.06505340e-01
 8.09704902e-01 8.09706188e-01 8.12261836e-01 8.15002774e-01
 8.22675079e-01 8.23857383e-01 8.29230372e-01 8.30246033e-01
 8.32345229e-01 8.34392915e-01 8.39800788e-01 8.45500059e-01
 8.56513761e-01 8.56535061e-01 8.57983712e-01 8.59725479e-01
 8.60247321e-01 8.71604676e-01 8.72812360e-01 8.75063790e-01
 8.76275909e-01 8.76735770e-01 8.79568928e-01 8.80332522e-01
 8.84776298e-01 8.91100742e-01 8.95453855e-01 8.95453855e-01
 9.03959337e-01 9.04621963e-01 9.19562816e-01 9.30481031e-01
 9.36595146e-01 9.36595146e-01 9.41131188e-01 9.43454381e-01
 9.47059214e-01 9.52465834e-01 9.53697524e-01 9.56095078e-01
 9.56481069e-01 9.62013383e-01 9.62351491e-01 9.62402720e-01
 9.64991509e-01 9.65460086e-01 9.70717923e-01 9.72453672e-01
 9.73838693e-01 9.78619628e-01 9.98467735e-01 1.00374670e+00
 1.00554478e+00 1.00706451e+00 1.01172192e+00 1.01293265e+00
 1.04293230e+00 1.04300597e+00 1.05052454e+00 1.05501515e+00
 1.05697735e+00 1.05918868e+00 1.06101833e+00 1.06101833e+00
 1.06101838e+00 1.06265666e+00 1.06793639e+00 1.07219091e+00
 1.07335878e+00 1.07622074e+00 1.07925848e+00 1.08451049e+00
 1.08532853e+00 1.08670395e+00 1.08718703e+00 1.09028081e+00
 1.10518156e+00 1.10672610e+00 1.13199082e+00 1.13783004e+00
 1.17047743e+00 1.19515071e+00 1.19722732e+00 1.21673131e+00
 1.22996332e+00 1.23035768e+00 1.23095804e+00 1.23155027e+00
 1.24748486e+00 1.24888211e+00 1.26948040e+00 1.26948040e+00
 1.26948040e+00 1.26948040e+00 1.27281843e+00 1.27402921e+00
 1.28497779e+00 1.28570016e+00 1.28668132e+00 1.28809424e+00
 1.29748343e+00 1.30266372e+00 1.31322552e+00 1.31794656e+00
 1.31794656e+00 1.31794656e+00 1.31845031e+00 1.35404345e+00
 1.35481759e+00 1.35499368e+00 1.38130514e+00 1.39183360e+00
 1.45539226e+00 1.46041858e+00 1.46954415e+00 1.51740162e+00
 1.52562692e+00 1.54086821e+00 1.56982174e+00 1.60681970e+00
 1.60814892e+00 1.64954037e+00 1.67815363e+00 1.68120519e+00
 1.68380399e+00 1.72661979e+00 1.75177497e+00 1.83513264e+00
 1.84910776e+00 1.86943517e+00 1.91590786e+00 1.99170615e+00
 2.06681237e+00 2.26552919e+00 2.31384070e+00 3.17790495e+00]","[0.00202355 0.00203318 0.00241571 0.00244383 0.00248222 0.00250261
 0.00254784 0.00262731 0.00264147 0.00264733 0.00266847 0.00274935
 0.00277267 0.00281034 0.0028124  0.00282376 0.00286146 0.00288329
 0.00288711 0.00289424 0.00291207 0.00295101 0.00295559 0.00295962
 0.00296331 0.002964   0.00299194 0.00300217 0.00302037 0.00302301
 0.00304354 0.00306474 0.00307093 0.00310293 0.00311041 0.00312997
 0.00313176 0.00315606 0.00315839 0.00316276 0.00317383 0.00318542
 0.00319807 0.00322286 0.0032526  0.00328143 0.00328375 0.00329079
 0.0033024  0.00330588 0.00330776 0.00331463 0.00332328 0.00332554
 0.00335406 0.00335701 0.0033604  0.00336046 0.00336516 0.00336711
 0.00337444 0.00338298 0.00338376 0.00338892 0.00338986 0.00340208
 0.00341993 0.00342147 0.00342576 0.00344251 0.00344862 0.00345091
 0.00345456 0.00346152 0.00346274 0.00347408 0.00348155 0.00348385
 0.00349101 0.00350058 0.00350657 0.00351679 0.00353518 0.00354735
 0.0035598  0.0035626  0.00360773 0.00361304 0.00366346 0.00367874
 0.00368641 0.00369068 0.00370098 0.00371193 0.00372235 0.00372237
 0.00373029 0.00374449 0.00375211 0.00376686 0.00376978 0.0037777
 0.0037798  0.00378393 0.00378448 0.00378681 0.00378801 0.003796
 0.00379619 0.00382826 0.00383571 0.00385318 0.00385378 0.00385445
 0.0038593  0.00388124 0.00391022 0.00393388 0.00393778 0.00398017
 0.00399419 0.0040004  0.00401567 0.00402428 0.00412084 0.00415346
 0.00417102 0.00418626 0.0041904  0.0041922  0.00420768 0.00423569
 0.00423692 0.00429183 0.00429869 0.00430203 0.00432529 0.00436185
 0.00436488 0.00436787 0.00438281 0.00438616 0.00438629 0.0044079
 0.00440844 0.00441111 0.00442671 0.00442916 0.0044328  0.0044454
 0.00444969 0.00445341 0.00445447 0.00446001 0.00446097 0.00446633
 0.00446749 0.00447771 0.00448407 0.00448407 0.00448859 0.00449412
 0.00449871 0.00450251 0.00450938 0.00454606 0.00455923 0.00456071
 0.00457396 0.00459322 0.00459322 0.00459439 0.00459897 0.00461818
 0.00463261 0.00464342 0.00465612 0.00465848 0.0046807  0.00468656
 0.00469741 0.00470105 0.00470315 0.00471926 0.0047307  0.00473782
 0.00477416 0.00479392 0.00481141 0.00481769 0.00483653 0.00484642
 0.0048767  0.00488976 0.00489551 0.00489554 0.00489567 0.00490712
 0.00491889 0.00492883 0.00493096 0.00493101 0.0049359  0.00494545
 0.00496408 0.00496471 0.00499331 0.00503578 0.00504016 0.00504295
 0.00504681 0.00505851 0.00505888 0.00506392 0.00506831 0.00507628
 0.00510238 0.00511762 0.00512957 0.00513191 0.00514286 0.0051954
 0.00522392 0.00523552 0.00523695 0.00524764 0.00524868 0.00524943
 0.0052638  0.00527843 0.00528228 0.00528911 0.00530239 0.00531111
 0.00531538 0.00532098 0.00532712 0.00534847 0.00536095 0.005361
 0.00538666 0.00540051 0.00540118 0.00541442 0.00543448 0.00543788
 0.0054448  0.00544871 0.00546308 0.00548313 0.00549293 0.0054945
 0.00549552 0.00551511 0.00551658 0.00553245 0.00556436 0.00556495
 0.00557031 0.00557713 0.00558153 0.00560571 0.00560871 0.00561572
 0.00562566 0.00562573 0.00563145 0.00563186 0.00563654 0.00564598
 0.00564869 0.00564966 0.00565007 0.00565629 0.00566468 0.00566836
 0.0056738  0.00569033 0.00569034 0.00570558 0.0057112  0.00571584
 0.00572174 0.00573473 0.00574277 0.00574277 0.00575039 0.00575039
 0.00575302 0.00578632 0.00578736 0.00579555 0.00580168 0.00582743
 0.00584188 0.00584361 0.0058449  0.00585995 0.0058639  0.00587311
 0.0058733  0.00587876 0.005881   0.00588346 0.005888   0.0058916
 0.0058955  0.00589619 0.00589642 0.00590305 0.00591788 0.00592319
 0.00592522 0.00593914 0.00594336 0.00594586 0.00598616 0.00598637
 0.00598878 0.00599293 0.0060116  0.0060195  0.00602129 0.00602977
 0.00603568 0.00603568 0.00604426 0.00605026 0.0060686  0.00607026
 0.00607109 0.0060746  0.00608869 0.00609218 0.0060924  0.00609367
 0.00609426 0.00610396 0.00614248 0.0061433  0.00614419 0.00614454
 0.00615447 0.0061806  0.00619077 0.00619704 0.0062046  0.00622581
 0.0062301  0.00623686 0.00625859 0.00626674 0.00628518 0.00630668
 0.00633029 0.00633426 0.00633953 0.00635199 0.00635496 0.00635664
 0.00635898 0.00636694 0.00637356 0.00639151 0.00639824 0.00639824
 0.00640285 0.00640677 0.00641811 0.00642144 0.00642698 0.00643272
 0.00643823 0.00644601 0.00645315 0.00645999 0.00646443 0.00647608
 0.00647874 0.00650569 0.00651843 0.00652049 0.0065416  0.00654882
 0.00655956 0.00655986 0.0065676  0.00658788 0.00659058 0.00659666
 0.00662793 0.00663914 0.0066402  0.00664489 0.00666805 0.00667028
 0.00667819 0.00668291 0.00668904 0.00673945 0.00674031 0.00675826
 0.00675826 0.00677009 0.00678301 0.0067856  0.00678753 0.00678907
 0.0067916  0.00681582 0.00681986 0.00682251 0.00685999 0.0068731
 0.00689542 0.00691298 0.00691754 0.00693969 0.00694704 0.00694704
 0.006954   0.00696745 0.00697729 0.00698085 0.0069997  0.00700111
 0.00702622 0.007031   0.00704485 0.00704906 0.00705653 0.00705803
 0.00705931 0.00705992 0.00706937 0.00706942 0.00707262 0.00707431
 0.00707469 0.00707566 0.00707637 0.00707637 0.00708169 0.00708545
 0.00708617 0.00708699 0.00709861 0.00712466 0.00713012 0.00719655
 0.00719663 0.00720618 0.00723377 0.00725045 0.00725782 0.0072873
 0.00728907 0.00729106 0.0073012  0.00730562 0.00731583 0.0073322
 0.00735642 0.00735793 0.00736803 0.00736803 0.0073694  0.00737376
 0.00739103 0.00739527 0.00740081 0.00740379 0.00740652 0.00740923
 0.00741453 0.00741719 0.00742966 0.00743492 0.00743569 0.00743791
 0.00743793 0.00745087 0.00746694 0.00746694 0.00748436 0.00749763
 0.00750146 0.00750188 0.00750305 0.00750433 0.00751115 0.00752098
 0.00753191 0.00754967 0.00756324 0.00757388 0.0075764  0.00761009
 0.00765259 0.00765627 0.00768144 0.00768289 0.00770476 0.0077414
 0.00774357 0.00778401 0.00779279 0.00780666 0.00781504 0.00782239
 0.00783686 0.00783784 0.00784627 0.00785428 0.0078587  0.00786728
 0.00789586 0.0079016  0.00791529 0.00792172 0.00792325 0.00793066
 0.00795094 0.00797443 0.00797579 0.00797579 0.00798281 0.00800094
 0.00800531 0.00801327 0.00802377 0.00805484 0.00806653 0.00808067
 0.00808159 0.00808288 0.00809474 0.00810994 0.00812    0.0081245
 0.00814557 0.0081581  0.00816252 0.00816385 0.00817992 0.00818271
 0.00819776 0.00820036 0.00820101 0.0082183  0.0082259  0.00823551
 0.008262   0.00826484 0.00826635 0.00828053 0.00828839 0.00830097
 0.00830302 0.00830383 0.00831061 0.00831322 0.00833532 0.00834992
 0.00836077 0.00838179 0.00838591 0.0083904  0.00839658 0.00840512
 0.00844565 0.00849241 0.00849432 0.00851113 0.00851113 0.00852789
 0.00855112 0.00855907 0.00856341 0.00856794 0.00856794 0.00859017
 0.00859708 0.00860047 0.00860181 0.00862485 0.0086261  0.00862704
 0.00863535 0.00863712 0.00865233 0.00866515 0.0087246  0.0087246
 0.0087283  0.0087383  0.0087383  0.00874993 0.00875818 0.00876652
 0.00876992 0.00878164 0.00880278 0.00880347 0.00881815 0.00882213
 0.00883365 0.00885556 0.00886183 0.00887568 0.00889646 0.00890689
 0.00890955 0.00890989 0.00891192 0.00894205 0.00895955 0.00896738
 0.00896923 0.00897131 0.00898101 0.0089955  0.00899781 0.00900189
 0.00900328 0.00902279 0.00905568 0.00905568 0.00905568 0.00905568
 0.00906356 0.00907108 0.00907168 0.00908911 0.00909755 0.00913222
 0.0091469  0.00916999 0.00917975 0.00918315 0.00919731 0.00922654
 0.00923082 0.00927509 0.00928212 0.00931299 0.00931299 0.00931441
 0.00932472 0.00934979 0.00935715 0.00935726 0.00936502 0.00937495
 0.00938063 0.00938501 0.00938501 0.00942907 0.00954001 0.00955249
 0.00956762 0.00957037 0.00957037 0.00957207 0.00957207 0.00957242
 0.00958832 0.00959042 0.00964911 0.00968999 0.00969487 0.00969487
 0.00969625 0.00970753 0.00971127 0.00972805 0.00974517 0.00977135
 0.00981575 0.00981575 0.00984707 0.00985475 0.00986655 0.00988652
 0.00988652 0.00990675 0.00992539 0.00993121 0.00994727 0.00998792
 0.01000135 0.0100078  0.0100078  0.01002273 0.01007441 0.0100759
 0.0100759  0.0100759  0.01009258 0.01010794 0.01011146 0.01012078
 0.01013241 0.0101808  0.01023503 0.01023503 0.01024006 0.01026548
 0.01027889 0.01028986 0.01030935 0.01030935 0.01033009 0.01034138
 0.01037359 0.01045109 0.01046513 0.01046733 0.01051182 0.01051724
 0.01053644 0.01056093 0.01063461 0.01064819 0.01064985 0.01069299
 0.01069825 0.01071184 0.01071762 0.01074103 0.01080452 0.01083179
 0.01084172 0.01084172 0.01084423 0.01090332 0.01091386 0.01097139
 0.01097186 0.01097898 0.01097898 0.01098165 0.01101029 0.01101029
 0.0110854  0.01108992 0.01111957 0.01112577 0.01116863 0.01123498
 0.01123498 0.01123498 0.01123498 0.01123596 0.01123596 0.01123596
 0.01127741 0.01127741 0.01130307 0.01138614 0.01139033 0.01141579
 0.01142519 0.01145065 0.0114691  0.01150099 0.01150496 0.01153502
 0.01155336 0.01163634 0.0116733  0.01169759 0.01171296 0.01173348
 0.01181887 0.01183196 0.01183196 0.01191338 0.01201014 0.01206891
 0.01211507 0.01222543 0.01224206 0.01226537 0.01229618 0.01229983
 0.01230469 0.01230469 0.01230469 0.01246264 0.01251491 0.01259011
 0.0128222  0.0128222  0.01292713 0.0131665  0.0131665  0.0131665
 0.01318684 0.01318684 0.01324206 0.01327022 0.01327022 0.01327322
 0.01337244 0.01344625 0.01344625 0.01345596 0.01345596 0.0134602
 0.01349746 0.01352862 0.01353041 0.01353467 0.01354104 0.01354104
 0.01361283 0.01366436 0.01380334 0.01380334 0.01380334 0.01382385
 0.01386638 0.01386994 0.01386994 0.01388489 0.01393823 0.01400138
 0.01400138 0.01403391 0.01408939 0.01413042 0.01413042 0.01413042
 0.01413042 0.01413042 0.01413676 0.01416522 0.01421521 0.01421521
 0.01421521 0.01439329 0.0143961  0.01440074 0.01440074 0.01440074
 0.01441879 0.01441879 0.01441879 0.01441879 0.01441879 0.01441879
 0.01441879 0.01441879 0.01441879 0.01441879 0.0147331  0.01502618
 0.01516129 0.01531228 0.01533283 0.01533283 0.01553169 0.01576609
 0.01576816 0.01590538 0.01617147 0.01617665 0.01622862 0.01622998
 0.01622998 0.01624518 0.01637151 0.0165015  0.0165015  0.0165015
 0.01661533 0.01661533 0.01662109 0.01667177 0.0169532  0.0169532
 0.01701201 0.01701201 0.01701201 0.01716638 0.01737372 0.01737372
 0.01761576 0.01809826 0.01830346 0.01832172 0.01832172 0.01840401
 0.01880478 0.01940369 0.01940369 0.01948229 0.01959965 0.02052982
 0.02118725 0.02125699 0.02159163 0.02159163 0.02197459 0.02200144
 0.02202057 0.02242305 0.02242305 0.02242305 0.02270356 0.02315002
 0.0231643  0.02321799 0.02324182 0.02324182 0.02362069 0.02374334
 0.02377957 0.02377957 0.0239293  0.02482555 0.02488654 0.02505659
 0.02518879 0.02537567 0.02590776 0.02596751 0.02596751 0.02620598
 0.02623353 0.02688082 0.02698996 0.02733504 0.02733504 0.02733504
 0.02733504 0.02733504 0.02733504 0.02739049 0.02750163 0.02750164
 0.02750607 0.02750607 0.02773492 0.02773492 0.02779166 0.02783408
 0.02783408 0.02783408 0.02783408 0.02783408 0.02783408 0.02783408
 0.02783408 0.02783408 0.02783408 0.02783408 0.02789289 0.02789289
 0.02789289 0.02789289 0.02789289 0.02789289 0.02789289 0.02789289
 0.02789289 0.02789289 0.02789289 0.02789289 0.02789289 0.02789289
 0.02789289 0.02789289 0.02789289 0.02789289 0.02789289 0.02789289
 0.02789289 0.02789289 0.02789289 0.02789289 0.02789289 0.02789289
 0.02789289 0.02789289 0.02789289 0.02789289 0.02789289 0.02789289
 0.02789289 0.02789289 0.02789289 0.02789289 0.02789289 0.02789289
 0.02789289 0.02789289 0.02789289 0.02789289]","{'complete inhibition': 0, 'adapting inhibition': 1, 'partial inhibition': 2, 'no effect': 3, 'excitation': 4, 'biphasic IE': 5, 'biphasic EI': 6}",6.0,0.5508828026099042,0.1751097083333365,0.16442749999999223,0.8290325000000024,5.6,0.6661676294988271,0.14166230952380948,0.2564574999999941,0.8456649999999847,True,1.3,"[0.7 0.7 0.5 0.6 0.6 0.8 0.6 0.6 0.8 0.6 0.9 0.9 0.6 0.6 0.6 0.6 0.6 0.7
 0.7 0.8]",7.230113115628857,1.111454728970929,0.13640254237288138,10.733153836440584,1.6997619622696114,0.09278711977186307,0.9438148640628757,0.020595558826067333,no effect,3
108,AG7499,2,011122,1.7,5,Naive,36,7,left,/Users/johnparker/paper_repos/Aristieta_Parker_Gao_Gittis_Rubin_2024_D1_GPe/data/d1_msns/pre_processed_data/Naive_D1-MSNs_cell_body_stim/Neuron_0036,/Users/johnparker/paper_repos/Aristieta_Parker_Gao_Gittis_Rubin_2024_D1_GPe/data/d1_msns/pre_processed_data/Naive_D1-MSNs_cell_body_stim,Naive_D1-MSNs_cell_body_stim,True,25,250,0.025,/Users/johnparker/paper_repos/Aristieta_Parker_Gao_Gittis_Rubin_2024_D1_GPe/data/d1_msns/processed_data/Naive_D1-MSNs_cell_body_stim/Neuron_0036,10,0.05,"['partial inhibition', 'complete inhibition', 'complete inhibition', 'partial inhibition', 'partial inhibition', 'complete inhibition', 'partial inhibition', 'complete inhibition', 'complete inhibition', 'complete inhibition']",[2 0 0 2 2 0 2 0 0 0],1.0,1.0,1.0,0.0,99,90,3,3,2,2,"[1.838737467470009, 2.7454121258285284, 3.867001493045274, 3.893715370775207, 3.431031239376889, 3.3782180046676005, 3.1687952671951694, 2.5419663587083847, 2.3266171529430832, 2.2383346068462746, 1.692045496112239, 1.5241235211095316, 2.196633824663531, 2.4213247694392974, 2.689745778193713, 2.9408553936679818, 3.13914255624603, 2.7781825612898476, 2.6175740039441657, 1.6906121253414228, 1.9307312025984844, 1.4593482265298596, 2.2176056207640067, 2.344519525180832, 2.3951674151682245, 2.8043692831634726, 3.3814716852386395, 3.2349338893406685, 2.7116571458114502, 2.3128383178541494, 3.0342211888101493, 3.5335382925162913, 3.0542104335845512, 2.6022469338862266, 3.3473440858953003, 3.16177696402371, 2.5795314833943626, 2.897328467038372, 2.844843686626516, 1.234262494766874, 2.118185919283997, 2.701622895246775, 3.223398029296267, 2.352299233228254, 1.764064514252169, 2.182863337746708, 2.802359553042487, 2.309998935971698, 1.4113965562838937, 2.2635148005097774, 3.1325795301856965, 3.479085040560045, 3.3920962374453314, 3.2980085332670654, 2.478032094766402, 2.8837385308480563, 2.8101307686476864, 3.1261817800242895, 3.3141736737190426, 2.039196940990264, 2.3686842478726944, 2.628956914351312, 2.2442487139172025, 2.4836152258555404, 3.1224160473100966, 2.7674884632665933, 2.1249919437500235, 1.996113827936514, 2.4290604065626353, 1.6759960835291972, 2.4518770396309, 3.366322399477185, 3.4048428214201683, 3.174296223642324, 2.6958669165457962, 2.857868147212621, 3.425055646114016, 3.3691424443446776, 3.007059114017888, 1.5940793664409934, 2.598796875428946, 3.5165499138367826, 2.2658554191194153, 1.5434611528839277, 2.351350945265588, 2.8005495606995523, 2.8615474175671904, 3.246562145124912, 2.9068155022091027, 2.0804449421456983, 1.5014419181750032, 2.522942289091248, 3.0798863811307786, 3.3487984515578217, 3.0434172122744716, 3.1395094796472613, 2.7473473258303187, 2.6373671777058028, 2.6395377461310603, 2.1998180398414156, 2.1656915838533353, 2.8229944317619053, 3.007045527750036, 3.5746300623207232, 3.418972705851197, 2.137058073494352, 2.2983921721978726, 2.2059257553287543, 1.8273834287723154, 2.2947888063826114, 1.9012076097963868, 2.9189245824942893, 3.7154753171322263, 3.2589958972634943, 2.933767136922057, 2.2710085281322514, 2.790808764930209, 3.0967934994542876, 2.754407022518931, 1.708294884071813, 1.7759104947823063, 2.6252687000844888, 3.045744722052718, 3.3570978880109057, 3.7493241299627824, 2.671127858537071, 2.7597665512663823, 2.5760889037466463, 2.7665577382541553, 3.192257607256107, 2.9473068125493955, 2.782764533732294, 2.495894846931507, 2.0639497338566852, 1.3956140963801005, 2.448143285547637, 3.2675881139064367, 3.0649740959870932, 2.6241248477630417, 1.4700940241482765, 2.195232816431205, 2.9716506543964503, 4.108412149872776, 2.90372127515837, 1.8050527035113018, 1.4667312930992462, 1.8953476660894903, 2.4820595280149234, 3.0380069326576438, 2.6913557869152873, 1.9406999100695916, 2.655984466491003, 3.073130874224252, 2.8753909790204215, 3.185804393792423, 2.9413604974050047, 2.607976045307804, 2.842734753341885, 3.2338262351106644, 2.171382594791638, 2.2942950343154433, 2.5950807858475162, 1.6561439537512084, 1.9448215232252202, 3.2601459120450555, 3.291545070695764, 2.865571655513599, 2.620284339454114, 2.4342911856562353, 2.147127584103331, 2.394344730949804, 2.6459729941269163, 2.9629236360912405, 2.255656757414968, 3.126601242936034, 3.194487232628358, 2.9605046837102957, 3.124890208211363, 3.0715287844522505, 2.191697923390619, 2.703659898395336, 3.200303142961193, 2.9026039464585183, 2.285599470337904, 2.840837536903809, 3.093606475086876, 2.619090808996274, 2.9096112323978076, 2.5571621174511963, 1.9859662102240243, 2.5953879048313753, 2.9325538784869583, 2.995024861456912, 3.088411774954262, 2.2330197306931545, 1.5857128488265038, 2.273611429448741, 3.335977187537257, 3.198244582805108, 1.6968318190723441, 2.4354541338061226, 3.3236712728366005, 3.146945912889564, 3.419723877507331, 3.3659398156528657, 3.409793516547167, 3.0839912642213183, 3.2716536953145487, 3.2480737857303414, 2.769763930682706, 2.6637711619330418, 2.8186497165946682, 3.7866302759971586, 3.51372295826902, 3.148353236859781, 2.986024591503653, 3.22607513367968, 3.33264762514805, 2.4925258234175742, 1.6768434095595308, 2.6900939965360084, 3.1319113256623776, 3.888437059031897, 3.5377585936626232, 4.028145927117991, 3.0458338292696387, 2.7024604040846656, 2.5003009566915666, 2.8702321564827153, 3.0227627306999794, 3.215395466021726, 3.241760006931622, 3.3393147282701516, 3.327015096003679, 2.93988097971714, 2.7923127887270396, 2.945921128553343, 2.9263927388236084, 2.9751080568273767, 1.9100393674806098, 2.0287266513698623, 3.0037883846442273, 3.098010800298568, 3.561127854006375, 3.322170307885099, 3.209799788452671, 3.339500372232, 3.803308248743471, 3.4987536040503278, 2.51788012430687, 3.222222881166087, 3.1305804297892177, 2.948928926439697, 3.4489780638984553, 2.9678139900323948, 2.467040221039981, 3.008347367899868, 3.491016040509838, 2.931776501999715, 2.1386692570647456, 2.174687920034841, 3.1057707334805174, 3.5281836594378184, 3.6852358183389997, 3.3649276878525796, 3.021048735845093, 3.170994233288188, 3.2473341623290874, 3.0838679949403978, 3.755204532304962, 3.615767923633055, 3.5795177932768967, 3.1898071557704033, 3.241327157319891, 2.53702366060407, 2.56953465690798, 2.597148969392942, 2.6682963708311647, 2.8677422784851654, 2.2056189336351335, 2.0967187820492685, 3.0699533937581203, 3.0885022178084545, 3.058445243006829, 3.4686210868510683, 3.154484083840938, 2.737679561973598, 3.4660828613525045, 3.3146239802628688, 3.8851042782239356, 4.016726202752909, 3.8892283938983248, 3.020265033708353, 2.9378720297686414, 2.717400350100972, 2.728365541488024, 2.3983207581806627, 2.6639043688115454, 3.233710247672664, 2.218459175508527, 2.7936025213620717, 3.4727806612834615, 3.517804243833703, 3.1855043477607823, 2.8556585096798797, 2.5144937903947517, 2.4933721268161606, 3.2610049451170373, 3.6848695342433566, 3.2884998109010817, 2.9618753366180908, 2.6759982981657533, 2.60416490471798, 2.96699045070451, 3.0740430458552637, 3.6358166165875168, 3.308966200462965, 3.257914750155321, 3.3886137319976166, 2.1325393682377403, 2.4165707480608063, 3.2174627757230887, 2.7908115041489308, 3.124566056206992, 2.9704444802114174, 2.5980169003147475, 2.7503893343633017, 3.3395048766424265, 3.067942776666671, 2.702951804716408, 3.0447348929429405, 3.676109311755502, 3.209814658288154, 2.906990868949791, 3.0433902414121032, 3.721466254278482, 3.7003377920660374, 3.268538932287408, 2.7112300209855444, 2.5310150064102204, 2.273786212998034, 2.3303702502836243, 2.414686330662906, 3.202495246952272, 3.685379499128624, 3.4522163027423023, 3.808711696664071, 3.711071352977226, 3.102860561367055, 3.0426956531932965, 2.9833961378823504, 2.8522609352760533, 3.783407913222943, 3.165009989519027, 3.2531282824335617, 3.2492467669129237, 3.241667223032161, 2.6717886478334703, 2.67206677851541, 2.144044819714212, 2.2221828392905394, 3.5886224497812993, 3.3377505946768355, 2.9309672916168754, 3.297512001842843, 3.3467872538793313, 2.7909567219299243, 3.392891165185804, 3.55356059325532, 3.1678559201166214, 2.597315560203967, 2.5131599084059313, 2.9526769651408897, 2.9081449982976655, 3.3003969630372314, 3.0749801834726447, 3.0885176127832974, 3.419236398934573, 3.429457156067552, 2.1673570149132657, 2.585061791026193, 3.0382751507323684, 2.4079635403475725, 2.613262264062234, 3.4697512438070537, 3.9622355573161827, 3.681085232571112, 3.009447981289003, 3.10691885336152, 3.366946020278682, 2.657823176960137, 3.4226144679696313, 3.1155139234739817, 3.087272971038342, 3.3494696830970674, 2.881703033015102, 3.13968982237289, 2.922290616436168, 3.219106811168775, 2.1277259911254203, 2.4549450892590663, 3.421189900570731, 3.2131281117202732, 3.12468537095963, 3.604143694758804, 3.408924056143674, 3.1623785338217925, 3.746071762283533, 3.6305889008209187, 3.278702553518727, 3.0238448901275348, 2.9600653184091765, 3.0101714834941036, 3.666527553474918, 3.2182089161175105, 3.164950929641946, 3.6914605159869454, 3.3991277778788502, 3.45188703790744, 2.59738641656051, 2.4088901760828025, 3.412263527365649, 3.075268054213373, 3.491853785977751, 3.318678328195016, 3.695790670463074, 3.8289328564509075, 2.619208580140571, 3.1686123234333894, 4.044761256783646, 3.2564812538487984, 3.154036724241844, 3.106638895440679, 3.853229554537114, 3.743388342407029, 3.5538883768192573, 3.171535115508299, 3.1550004362048343, 2.9591659063506417, 2.1867603218443508, 2.8691243874080685, 3.9323772973336784, 3.888890600530632, 4.117063980741162, 3.8058965389383044, 3.082459787952725, 3.221627848050958, 3.322171821968729, 3.094664483325644, 2.9123076996791695, 3.3178834584424637, 2.969553624376977, 3.2225924833464097, 3.0565210367945284, 3.1554507579567703, 3.6515801242829324, 3.2877108806091537, 3.128807402217949, 2.7956009741548975, 2.278080226512996, 2.4669111660781535, 3.447311513532055, 3.2097198679595915, 2.999715703967373, 2.8828393959277268, 3.7650401713762736, 3.600033026600007, 3.468814933134443, 3.7343074711317232, 3.471825529314494, 3.1861367154567275, 3.300789554123156, 3.6157465524176158, 3.491192130459159, 3.1380809350215877, 2.910449925417548, 3.2566889342447536, 4.171594818147891, 3.498030345428409, 1.7596855846455088, 2.5653075094115763, 3.6220771470500375, 3.757343909473919, 3.459163777781777, 3.110613841285575, 3.0308681383219938, 3.116034467370946, 3.3052438534555884, 3.409374721329509, 3.3794703334391607, 3.5766454951451796, 4.443436513510458, 3.1154791107035438, 3.300625666749906, 3.7151230732499663, 3.0985975281206577, 3.199005034370939, 3.1291130182341016, 3.0077042651788513, 1.9751035413655151, 2.3423936612062124, 2.915601933930756, 3.091378941363864, 3.240360264823736, 3.8204635981448773, 3.626284042625579, 3.4940769143912345, 3.197623433781232, 2.794098352799462, 3.2240522941179615, 3.0782546335715946, 2.845692179720456, 3.11611818296904, 3.347690936617717, 3.5285912915488193, 4.391530444832186, 3.705452138084718, 3.2697397662420906, 3.603933924813801, 2.5708526382808086, 2.6242172401961668, 3.5445163452856274, 3.489054398495395, 3.2432660450668465, 3.411173824452338, 3.1357769004392764, 3.2963074294543393, 3.21380474950884, 3.548217485064697, 3.5225919105614234, 3.122105887669101, 3.6939401274569215, 3.8709517236925888, 3.4167431218701885, 2.627970984454806, 3.2118879482474534, 3.156921208326111, 3.040992477314537, 3.1603464983523226, 2.7781477137689943, 2.742012106656881, 3.379345978882022, 3.991725378298918, 3.801752078626237, 3.691133162181396, 3.756711614652197, 3.3844984077875435, 2.638692855718107, 3.223572063991138, 3.272641587044103, 3.127274599751072, 2.8348681480548708, 3.607149496604686, 3.6542126338821395, 3.498987208817043, 3.4654200059368763, 3.701938700994976, 2.9733293004209784, 2.7513150318284785, 1.7439710399699602, 2.7391360367242403, 3.93838407523589, 3.5110003195905746, 3.1100507457572983, 3.19526097958325, 3.499868895231086, 3.402410300434441, 3.295429931245474, 3.1659083100293, 3.6502898873524807, 3.0209264751858087, 2.7872178197177093, 3.2146964715777693, 3.0651778335459277, 3.6922150038992743, 3.445675282930678, 3.2617674486835484, 3.567899183033856, 3.653080290829822, 2.098565579948419, 2.54932655091591, 3.328506610138648, 3.6825902294797097, 3.6039329245494565, 3.144622339866031, 2.7617860207380334, 3.367722511521079, 3.723199544853874, 3.609033636464087, 3.1236460240096986, 3.1315274810485296, 3.197571957737647, 3.097916059029485, 3.803071540183629, 3.198271963393492, 3.2097574325664358, 3.6999843223582314, 3.7165743872138557, 3.3193725802109784, 1.999230786811085, 1.989232637169816, 2.40800556887612, 2.45361727130909, 3.024929607781099, 3.125912619622544, 3.1386942360562826, 3.15085811997349, 3.39204692678638, 3.6125665411792416, 3.2416024052391186, 2.9800782680080258, 3.015808613237194, 2.9669790621195267, 2.6620151807092496, 2.678700548138883, 3.263372885427859, 3.1905261343499105, 2.693940515835886, 2.7552221257355134, 1.5821419291080017, 2.4537445705833973, 3.3603855901250466, 2.1753491150805555, 2.170114850150612, 2.9648553441298797, 2.9748927498876814, 2.6558282360817556, 2.8592961019405165, 2.971783847882249, 3.144740892815309, 2.7110680543314776, 2.737834446132295, 3.4684873771321696, 3.7354983960804526, 3.5989106016392185, 3.365647098625189, 3.0743430846294393, 2.876519773464096, 2.605613171932934, 1.4379874512258788, 1.7402498374075155, 2.658820736528402, 3.21144448189818, 2.960033245694037, 2.7024288137552075, 2.922345484092774, 2.565264771264703, 2.47103104693416, 2.948047707388908, 3.0136152251320176, 3.579053293941219, 3.5845911490934226, 3.216705251846483, 3.3107229657308785, 2.811119961620996, 2.934016886015255, 2.999595737658549, 2.8049559905213326, 3.368876491829289, 1.5975616918452138, 2.698421247867289, 3.618131321296052, 3.7658812520372065, 3.278269743825622, 2.62042523964324, 2.06322506900658, 2.6004158897096117, 3.046086760850421, 3.196919083159814, 2.958425540942114, 2.606816923705664, 2.6209530962882353, 2.5465062242628114, 2.606679060046236, 2.7088407423277645, 2.3408965573825555, 2.802744728887592, 3.664947971167915, 3.490053359915968, 1.9142432839535113, 2.6282376315207623, 2.759896227374704, 2.5345202295713287, 2.978217688900551, 3.2930291015840965, 2.8208234005755206, 2.3984009506101516, 2.6928743707852667, 3.107110511377534, 3.186032279686535, 2.783182738211304, 2.8058273001401655, 3.341146786502307, 3.3073661199272455, 2.6923893286539435, 2.015021391166483, 2.7932948498772308, 3.214834987716797, 3.489752912451215, 2.154390118181562, 1.994552184699973, 2.913066215670909, 2.7672455731688355, 3.1018344030841747, 2.964967206737789, 2.5331849276549256, 2.887364339498744, 2.9961671443439157, 2.6454355352891303, 2.7677286856092587, 3.1585818846718032, 2.906210484053667, 3.080560146181656, 3.834156280207764, 3.8719132269919263, 3.1365118893585624, 2.643920238047866, 2.212565900544721, 2.9373107720862577, 1.9422792197320735, 2.1299347506568065, 2.6825308077404872, 2.849117399469962, 2.6371612580269885, 2.200365042559251, 2.2428130718831025, 2.8843980510698546, 2.796439636606902, 2.9139446427664804, 3.094429502199546, 3.4569680446614504, 3.37819340239506, 3.272918765048497, 3.6854031066412234, 3.3758174661447162, 2.642433705833935, 3.057312485433652, 3.358596588452787, 3.0985116729153135, 1.559791272850483, 2.4456053424111737, 3.203264436655287, 2.9287186957537257, 3.151855101327217, 3.3290126684045576, 2.823758311876553, 2.8939265791578297, 2.824320890365964, 2.614155316288586, 2.668536728515268, 2.841213777050597, 2.7713476939303687, 2.8622591245342455, 3.2838826799242646, 3.2115671006484257, 2.889459483444846, 3.6726696112056416, 3.128956098527327, 2.551433655086128, 1.2699993765123392, 2.3938930868133426, 2.9652582385938544, 2.9694877170138594, 3.232547071652189, 2.9763980871465923, 2.877842631348685, 3.0723240044360516, 2.6721415015159815, 2.3244487204074504, 2.4214502203637505, 2.8250655263727884, 3.347564282172489, 2.2933392687223004, 2.7837288659108372, 2.782817929203276, 3.1991136657402275, 3.5928269514829445, 3.410317441364326, 3.268789407041433, 1.7579065725195213, 1.6554041619168758, 2.748422793876053, 3.3112075683201523, 3.1507005085932085, 3.0825529909660263, 3.6412229472173787, 3.104981962978291, 2.828635980369427, 3.018822177174294, 3.0441951976415424, 2.837665125564966, 2.5724687758208398, 2.997645592345849, 3.164807606023077, 2.819323291215185, 2.5877144333333, 3.056059992114273, 2.982665950385065, 2.6380161593873797, 1.9957437730203762]","[1.838737467470009, 2.7454121258285284, 3.867001493045274, 3.893715370775207, 3.431031239376889, 3.3782180046676005, 3.1687952671951694, 2.5419663587083847, 2.3266171529430832, 2.2383346068462746, 1.692045496112239, 1.5241235211095316, 2.196633824663531, 2.4213247694392974, 2.689745778193713, 2.9408553936679818, 3.13914255624603, 2.7781825612898476, 2.6175740039441657, 1.6906121253414228, 1.7680159533704385, 3.0634997007469593, 3.4335770458859036, 2.8999065905000396, 2.9539375498170473, 3.3888351537763772, 2.931040228466974, 1.6787589305203026, 2.8311172640351354, 3.514958261171612, 3.380853407744601, 2.6965169801025537, 2.793305564059272, 2.2511730403649666, 1.8137046911991836, 2.0626355219815427, 2.2663907485744135, 2.573145395778658, 2.8040105908850146, 1.9752246594378893, 2.4086011832263865, 2.837383684870799, 2.9067954970261143, 3.060369409268394, 2.9424349926147806, 2.5739468472060563, 1.7264507303017793, 2.727844731406525, 3.2718372007556455, 3.1688308731314567, 2.5673199167538474, 3.1283960803264117, 3.3171348068742543, 1.6936218034835155, 1.4703933358596126, 2.595051834490334, 2.620596590586685, 2.324861019935112, 3.0133406037442474, 2.544661047446793, 1.421557528220928, 2.6639384930505883, 2.574323602806017, 2.2860442866314226, 2.8587461392113878, 2.545448436997967, 2.648158484792271, 3.2205789217137326, 3.412086918737037, 3.8337448303884, 2.8654074776248706, 2.45638185632923, 2.3418182752637695, 2.0202444654352156, 1.573184441442868, 2.1761263555410917, 3.134845763492896, 3.335072929328303, 3.1005865871013643, 2.6474220086385807, 1.4969809617433498, 2.6157671588054066, 2.567520401176812, 2.601210071502107, 2.1320149171750264, 2.9853091673391146, 3.626429447166343, 3.299569857013995, 2.8029577876656457, 3.094737051357018, 2.5919832732695673, 2.1761481078574936, 2.163221231033323, 1.4613686122133134, 2.7388972749922025, 2.8515127120585264, 2.473278467286837, 3.325140902475189, 3.7834413211406903, 2.4624339270157196, 2.2069584954469, 2.6189171702353247, 3.113259283037904, 2.87789892424008, 2.7585166647134227, 2.938105422005137, 3.271670607778, 2.985023703444059, 1.696994801374389, 1.376388603170245, 1.8602239071381894, 2.887917514927886, 2.433048832319247, 2.551764612944544, 2.7605761699474742, 2.8266658140528325, 3.0921220377337746, 2.9036394183243703, 3.17507075579612, 2.5280537781894687, 2.338373910127779, 2.717821177944321, 3.116659750004535, 3.3459207326716003, 2.65671897397032, 2.892293703862083, 2.3567314535185337, 2.568887495540452, 2.446503527715913, 3.292562723505675, 2.7949737978381215, 2.567433871812923, 2.8387594487683763, 3.2714725456148015, 1.7460132074631363, 1.27120857393046, 2.3645408245898363, 2.6521230586737716, 3.1542440733598323, 2.606475574783486, 2.415532929554435, 2.9974692767059703, 2.9995076024611076, 2.7866266159315614, 3.115255158057312, 2.9896970523095843, 2.5739065754425794, 2.229464396184372, 2.671635270351792, 2.916302643465396, 2.9199022063382656, 3.2893443603068904, 3.2404086420630436, 2.089064595097489, 1.1534078746732785, 1.8869824562163682, 2.9316341177927496, 2.862545788389643, 2.694593152291182, 2.2112644291382715, 2.6510893554834127, 2.9619034036965144, 2.3488645797962944, 1.4362891352455682, 2.4613858923821286, 3.4914176565896495, 3.427052143338343, 2.9932308336631257, 2.2708892730137697, 2.5360989127467035, 2.1179397564996147, 2.290672333989866, 2.766219651444524, 3.0933352297133556, 2.7152159240986964, 2.9210764241025284, 3.2489239708584616, 3.4106421608429334, 2.9770588300534264, 1.132891239200799, 2.2404686583908164, 2.0343372871873804, 2.3070032219684515, 3.38830857887512, 3.14540560012391, 2.790490261750775, 3.2275651266240164, 3.2609085979804555, 2.8770642186786377, 3.0523196380104767, 2.612911197214, 2.495117460583626, 2.6383455505782307, 2.7238781686396503, 2.983900202344577, 2.3794894781117315, 2.3923232609693175, 3.3343053315075437, 2.8532467913980977, 0.6638664358819726, 2.4354541338061226, 3.3236712728366005, 3.146945912889564, 3.419723877507331, 3.3659398156528657, 3.409793516547167, 3.0839912642213183, 3.2716536953145487, 3.2480737857303414, 2.769763930682706, 2.6637711619330418, 2.8186497165946682, 3.7866302759971586, 3.51372295826902, 3.148353236859781, 2.986024591503653, 3.22607513367968, 3.33264762514805, 2.4925258234175742, 1.6768434095595308, 2.826457115403309, 3.250445690002568, 3.020969482730259, 2.8243069063809627, 2.8078942248754295, 3.058746767233764, 3.504475168214122, 2.8763073884071653, 3.3316959955108283, 2.8782784525545377, 2.2526338341404553, 2.19137541771135, 3.1732485473676415, 3.6483742757194526, 4.328673375015905, 3.26051238003187, 3.089514282793692, 3.3939241202364876, 3.2853452103986047, 2.1105133834105505, 2.4168942347868048, 2.8727933788287956, 3.3221037615143376, 3.332327179248885, 2.9277714851065415, 3.796487599868808, 3.6213757108220297, 3.3197705086265525, 3.1160381349753523, 2.8501592331795687, 2.505723566382064, 2.6841562518831252, 2.903069879532308, 2.8597293766443572, 3.2291445803108583, 3.168576923638334, 2.902655083373599, 2.922005146271974, 3.6725762583410333, 2.377809411185219, 3.3873868111648364, 3.060562224162748, 2.561444018919595, 3.1307476574377713, 2.7653841275055067, 2.829269710401589, 3.779803705596566, 4.037687310578851, 3.5474681178565244, 3.46043338992686, 3.0203162487271102, 2.756936981168578, 2.5735335311974104, 3.2414253439984995, 3.2201224690121983, 2.4887612415153124, 2.9695912373922138, 3.2495643090498723, 2.6149791174397774, 2.0005058866134804, 2.107326023656468, 2.7259950730186713, 3.3686456273346606, 2.9232293791488106, 2.8807920643868736, 2.9892891861253457, 3.244927603104253, 3.739524488539189, 3.5729930308902142, 3.645668885973732, 3.008507291095294, 3.004490947043903, 2.900292028131519, 2.413589783418058, 2.8134033433077135, 3.0623926543182973, 3.520981148761905, 3.917940934046242, 3.5234763319527937, 1.8824041737034347, 2.6580491658645737, 2.5327673792981753, 2.4660651589143665, 3.476905741039124, 3.1591717050060666, 3.1228850196163163, 3.201119698834331, 3.7338210621151853, 3.226674344871641, 2.8056844604238806, 3.201335437185351, 3.0044757155334376, 3.1810272361569822, 3.7003595575579213, 3.4284534155750226, 3.027643653882645, 3.418383167440518, 3.2443587008570853, 2.6289395284491914, 1.8214913965332766, 3.228091601389206, 3.3288810414797894, 3.119987536642767, 3.3559104935040374, 3.0947434268282996, 2.4639846155715825, 2.674971157684368, 2.923037280129005, 3.3065476105307576, 2.737836540172678, 2.9382037112920423, 3.5064384733957885, 3.075304426015255, 3.3312541706064502, 3.383813208822317, 3.0618487854057257, 3.0958397565961118, 3.234847113014483, 2.9688357789286632, 2.015112924099895, 2.5632099310641054, 2.972938469579853, 2.914957605703999, 3.3061551499595807, 3.6264962003472276, 3.455431387883627, 3.2049506757915527, 3.297675488850098, 2.839023467630464, 3.6686059218618263, 3.273964469828634, 2.920623577459088, 3.256998664492166, 4.030896071696632, 2.93425947691064, 2.5348332290685143, 2.8156906790583007, 3.1861273175607168, 2.612811972597374, 1.6915797615802624, 2.7442358335565427, 3.5175134384741154, 3.638846044982641, 3.1459229339560144, 3.1459491151627903, 3.1188898886988685, 3.05758063904709, 2.5830358398941535, 2.7023644152537565, 3.087142531594433, 3.1773773846400983, 2.7926223675529647, 2.9168493507248363, 3.132036347801182, 3.5647727079894302, 3.3886522435004798, 3.915810306399785, 3.491727720341512, 2.418879342273019, 1.54645635348353, 2.517924250404585, 3.0619453962748047, 3.3306890264328124, 3.47578553192666, 3.0772135253026445, 3.3329762160287304, 2.8413739701136915, 2.4826115750082893, 2.84207388005938, 3.0201612705905903, 4.096207501759942, 3.685210162800488, 3.3230101506783596, 2.642698056592807, 2.9485465450368094, 3.594971000049594, 3.400998347158426, 2.9054311971366973, 2.76076047332622, 1.839212477974674, 2.4549450892590663, 3.421189900570731, 3.2131281117202732, 3.12468537095963, 3.604143694758804, 3.408924056143674, 3.1623785338217925, 3.746071762283533, 3.6305889008209187, 3.278702553518727, 3.0238448901275348, 2.9600653184091765, 3.0101714834941036, 3.666527553474918, 3.2182089161175105, 3.164950929641946, 3.6914605159869454, 3.3991277778788502, 3.45188703790744, 2.59738641656051, 2.220053291555169, 3.089292079387511, 3.333032154600142, 3.395141265849593, 3.597860962282369, 3.6357350109710773, 3.078811903207071, 3.5380669236001414, 4.343285728239929, 3.40984503611804, 3.243686004401776, 3.205250544580632, 3.0381922227792493, 2.7885649360507077, 3.389675309325506, 3.887876968991561, 3.499214444138402, 3.5380610413243954, 3.285207052095777, 1.8682520517821826, 2.373223447121916, 3.3092799221888423, 3.2033148386083328, 3.234375202266763, 3.2875748640715425, 4.316255103972948, 3.690190436746167, 3.7729298476920605, 3.1283855754466736, 2.779336791062601, 3.026989239383605, 2.8995408493243544, 3.541789470599353, 3.714844865232134, 3.4601121239402097, 3.261617402332263, 4.088126957557455, 3.8526983733062257, 2.7989833613005977, 1.6531954695260473, 2.358110897696649, 3.699751198472444, 4.063526177303508, 3.430853922914767, 3.042762367803323, 3.322723022226544, 3.697652438389419, 3.7161258726682767, 3.270183354252385, 3.1004493497553316, 2.812040125144251, 2.96873333335267, 3.3982158594888654, 4.082576023273283, 3.6991444564712586, 2.9351746882547776, 3.2718761909555285, 2.9720021691863754, 2.9635855560901754, 2.463671050842324, 2.3581777215337563, 3.1206122291742595, 3.258602877275024, 2.8351959206856185, 3.2306573162959005, 3.398745859298696, 3.7774425974526307, 3.3298937606969297, 3.4851389655374847, 3.8993781530012495, 3.5256404518822304, 3.0164683998936423, 3.43381263298906, 3.336205417182519, 3.4921642643071547, 3.076883202182331, 2.790405529536639, 3.233590787613646, 3.962887719176625, 2.6301403809306847, 2.0224574916728377, 3.7198989668534437, 3.6873306423783037, 3.5769785085243977, 3.1289720326469324, 3.2135971961259227, 3.183807845631142, 2.94772700065763, 3.407521630616544, 3.4649294621411197, 3.429551053987724, 3.3333386552276165, 3.5134659684722185, 3.425197948601945, 3.693934395249068, 3.802502636546089, 3.366721075411573, 2.890846810132088, 2.7778558801339366, 2.498902422360861, 3.1431293022693665, 3.795158996595297, 3.506897110364525, 3.427478935128777, 2.9682727060342553, 3.4551549655452307, 3.1730848371138825, 3.1143884200974465, 3.3627425508573783, 3.1595357201561467, 3.192447418954479, 2.9327308858828878, 2.9674447179035743, 3.0940851918875696, 3.2172420818971164, 3.29710059936918, 4.210665937551838, 3.330729252603566, 2.9941581635251757, 2.574782939439204, 2.2544844216453086, 3.3175075368283156, 3.4325418101297056, 3.045445152424663, 3.762968367235305, 3.390714216714266, 3.2991258095484834, 3.009262385798572, 2.8514164609698764, 3.0824935549997927, 3.0832441938563244, 3.1483527216658223, 3.780648680230334, 3.617192649940791, 3.032376806002471, 3.5145111039132453, 3.8771242722158457, 4.358179131622151, 3.0924963875324565, 2.2259211059622204, 2.8188923178700476, 3.6779702820986633, 3.5634890789331024, 3.253034065507549, 3.7312575599106768, 4.026796666101129, 3.4635161412884554, 3.614074591939558, 3.0962308687132323, 3.0730979359329047, 3.4322889547259434, 3.5831778463006563, 3.7327574284088776, 3.1956152186818043, 3.0426315665221364, 3.4325731574839815, 3.363925497788622, 2.6734202047845654, 2.5995702620583008, 1.8954243809354592, 2.2764355858886423, 2.9066616517642716, 2.901067656747518, 3.19795609702269, 3.3343484885986534, 3.130338163434547, 3.1767902273642625, 4.177054947261508, 3.9485534981278296, 3.2755152288091405, 3.0468875282782233, 3.096959681232033, 3.081635365471301, 3.18595461117545, 3.1874610768800338, 3.111635483908464, 3.1277610049041735, 3.702029157919894, 4.376708555732407, 2.8938473429274616, 1.989232637169816, 2.40800556887612, 2.45361727130909, 3.024929607781099, 3.125912619622544, 3.1386942360562826, 3.15085811997349, 3.39204692678638, 3.6125665411792416, 3.2416024052391186, 2.9800782680080258, 3.015808613237194, 2.9669790621195267, 2.6620151807092496, 2.678700548138883, 3.263372885427859, 3.1905261343499105, 2.693940515835886, 2.7552221257355134, 1.5821419291080017, 2.572125319791164, 3.1588487933179112, 2.980741606745071, 2.8309810855447517, 2.759859109304337, 2.6929419518552136, 2.019303561494414, 2.0716368832332, 2.592283512236183, 2.69336681830393, 2.9032556817455824, 3.305000468056911, 3.4638418223725838, 2.987739130370372, 3.492120940472875, 3.661754402690131, 2.9278718631524243, 3.2641105269658834, 2.9893615495893395, 1.767984679759676, 2.654411279669237, 2.870561384422047, 2.1887932907289556, 3.011330905774413, 2.9267636119228295, 2.834512295790809, 2.5101615824398653, 2.6793886598861083, 3.044457633434505, 3.1162877742093005, 2.9084220223494266, 3.312344947854906, 3.5063585231443786, 3.080380855978006, 3.764142984339379, 3.011470676164243, 2.5884938215408546, 2.446367709796204, 2.614016426866876, 2.0275783887944434, 1.9290005081589328, 3.195433895222835, 3.2498813936404014, 3.4876956182353833, 3.2045033999654455, 3.1533183169420744, 3.3295142531737003, 3.3885896447406694, 3.2555914946805857, 3.009076091969001, 2.4365906623492126, 2.7038380708226963, 2.8833084221995424, 2.8572558680271416, 2.9633332240285934, 2.7202616072314227, 2.782714549771682, 2.753358431534146, 2.5134482601699983, 1.5567480321784817, 2.635676210724621, 3.051171269389191, 3.184277027007087, 2.60479352977183, 2.6684699030181127, 3.605501195525045, 3.106381574008856, 3.0974099471197047, 3.0670925560592046, 3.0552279818546744, 2.665277426287805, 3.0410180463145635, 3.1526368360068475, 2.6402849899120944, 2.8359178079775784, 2.74741225539386, 2.764001617313712, 2.799674044770304, 2.5993033133282375, 1.7787193008585305, 2.8405773507773935, 3.473018648429473, 3.0031424488400074, 2.913485315832799, 3.228885657050624, 3.4929568985745116, 2.7103348125022446, 2.8220505649698855, 3.089041078818273, 3.0407893441558547, 2.681716570209518, 3.0032993770486063, 3.056016708335958, 3.150982916307235, 2.5832214132750404, 2.0954596425861665, 2.8092622436181762, 3.154221294858476, 2.6879302345941607, 1.3331889946947841, 2.9131582296946337, 3.2911146864133674, 3.102972626907465, 2.6947468141528947, 2.687540287393137, 2.988238288345909, 2.913389141637405, 3.2597712312720866, 2.9260104810801244, 2.7578358793938866, 3.0026280346673135, 2.9167515088979914, 2.5282545770068046, 2.4238707735067435, 3.101088466386972, 2.8416109128338514, 3.1778434261635162, 3.504186576546669, 2.5394186856284193, 1.5173579361287681, 2.1607200417593115, 2.992433155153324, 3.096828163997518, 3.314045514598719, 2.7330623625854895, 2.0546351111409176, 2.484386508946298, 2.6027407457231377, 2.89412237803087, 3.3350256690516074, 4.059527620845765, 3.28035165579297, 2.9617537512160363, 3.02211118840449, 2.61416775697262, 2.7217166642246764, 3.041408572621162, 3.4799904575866503, 2.820576884391211, 1.5850869723542802, 2.605365189588573, 3.1226151582530326, 3.4962952696140914, 3.630789281139081, 3.2697154397017503, 3.3364121484304197, 2.9241983758333547, 2.76657570666521, 2.4068534901878493, 2.362934230569028, 2.6162129144383877, 2.5154007147417703, 2.9146929564203927, 3.2640779211971958, 3.066362669747395, 3.293851556667969, 3.0381050429520866, 2.747124604945908, 2.552558463478397, 1.3123279295356298, 2.15266135431102, 3.311805488938743, 3.765991753880156, 3.06619819285124, 2.739248733909374, 2.9509825911027376, 2.416775838467701, 2.4652886843482755, 3.2900853810583315, 3.1770670239787027, 2.5383513435260787, 2.806156330347615, 3.047120873512625, 2.908134458631265, 2.987788610877727, 3.2971882686057974, 3.116812478063167, 2.725905257090119, 2.6308388679301067, 1.834269828075282]","{'complete inhibition': 0, 'adapting inhibition': 1, 'partial inhibition': 2, 'no effect': 3, 'excitation': 4, 'biphasic IE': 5, 'biphasic EI': 6}",62.6,0.32645220688243964,0.01609598943743172,0.008780000000003696,0.9928100000000057,4.9,0.5850416960492969,0.12165124999999977,0.504212500000007,0.9258350000000071,False,0.8,[1. 1. 1. 1. 1. 1. 1. 1. 1. 1. 1. 1. 1. 1. 1. 1. 1. 1. 1. 1.],56.03192782257594,0.48923560884940936,0.017843469198703103,60.6493737264734,0.5086863138926293,0.016490896448438163,,,complete inhibition,0
109,AG8019,8,060922,1.4,1,Naive,9,8,right,/Users/johnparker/paper_repos/Aristieta_Parker_Gao_Gittis_Rubin_2024_D1_GPe/data/d1_msns/pre_processed_data/Naive_D1-MSNs_cell_body_stim/Neuron_0009,/Users/johnparker/paper_repos/Aristieta_Parker_Gao_Gittis_Rubin_2024_D1_GPe/data/d1_msns/pre_processed_data/Naive_D1-MSNs_cell_body_stim,Naive_D1-MSNs_cell_body_stim,True,25,250,0.025,/Users/johnparker/paper_repos/Aristieta_Parker_Gao_Gittis_Rubin_2024_D1_GPe/data/d1_msns/processed_data/Naive_D1-MSNs_cell_body_stim/Neuron_0009,10,0.05,"['complete inhibition', 'complete inhibition', 'complete inhibition', 'complete inhibition', 'complete inhibition', 'complete inhibition', 'complete inhibition', 'complete inhibition', 'complete inhibition', 'complete inhibition']",[0 0 0 0 0 0 0 0 0 0],1.0,1.0,1.0,0.0,99,90,3,3,2,2,[],[],"{'complete inhibition': 0, 'adapting inhibition': 1, 'partial inhibition': 2, 'no effect': 3, 'excitation': 4, 'biphasic IE': 5, 'biphasic EI': 6}",10.2,0.7524987060714207,0.10787318872548965,0.04239000000000459,0.923914999999998,0.1,0.0,0.0,0.9000450000000001,0.9000450000000001,True,0.0,[1. 1. 1. 1. 1. 1. 1. 1. 1. 1. 1. 1. 1. 1. 1. 1. 1. 1. 1. 1.],6.1880335072824275,1.0013710896782462,0.16092880794701986,6.0654981903065375,1.0135125669746228,0.11822271959459456,,,complete inhibition,0
110,AG8020,1,062822,1.4,5,Naive,144,2,left,/Users/johnparker/paper_repos/Aristieta_Parker_Gao_Gittis_Rubin_2024_D1_GPe/data/d1_msns/pre_processed_data/Naive_D1-MSNs_cell_body_stim/Neuron_0144,/Users/johnparker/paper_repos/Aristieta_Parker_Gao_Gittis_Rubin_2024_D1_GPe/data/d1_msns/pre_processed_data/Naive_D1-MSNs_cell_body_stim,Naive_D1-MSNs_cell_body_stim,True,25,250,0.025,/Users/johnparker/paper_repos/Aristieta_Parker_Gao_Gittis_Rubin_2024_D1_GPe/data/d1_msns/processed_data/Naive_D1-MSNs_cell_body_stim/Neuron_0144,10,0.05,"['complete inhibition', 'complete inhibition', 'complete inhibition', 'complete inhibition', 'complete inhibition', 'complete inhibition', 'complete inhibition', 'complete inhibition', 'complete inhibition', 'complete inhibition']",[0 0 0 0 0 0 0 0 0 0],1.0,1.0,1.0,0.0,99,90,3,3,2,2,[],[],"{'complete inhibition': 0, 'adapting inhibition': 1, 'partial inhibition': 2, 'no effect': 3, 'excitation': 4, 'biphasic IE': 5, 'biphasic EI': 6}",20.6,0.7133288702482642,0.04990580590000028,0.07144999999999797,0.9661449999999796,0.5,0.0,0.0,0.674739999999997,0.674739999999997,True,0.0,[1. 1. 1. 1. 1. 1. 1. 1. 1. 1. 1. 1. 1. 1. 1. 1. 1. 1. 1. 1.],22.8841128386532,0.7398001485788774,0.04371290838068182,8.54296902280453,1.4211717862475546,0.1079958571428573,,,complete inhibition,0
111,AG8020,1,062822,1.4,5,Naive,143,13,left,/Users/johnparker/paper_repos/Aristieta_Parker_Gao_Gittis_Rubin_2024_D1_GPe/data/d1_msns/pre_processed_data/Naive_D1-MSNs_cell_body_stim/Neuron_0143,/Users/johnparker/paper_repos/Aristieta_Parker_Gao_Gittis_Rubin_2024_D1_GPe/data/d1_msns/pre_processed_data/Naive_D1-MSNs_cell_body_stim,Naive_D1-MSNs_cell_body_stim,True,25,250,0.025,/Users/johnparker/paper_repos/Aristieta_Parker_Gao_Gittis_Rubin_2024_D1_GPe/data/d1_msns/processed_data/Naive_D1-MSNs_cell_body_stim/Neuron_0143,10,0.05,"['partial inhibition', 'partial inhibition', 'no effect', 'no effect', 'no effect', 'no effect', 'no effect', 'adapting inhibition', 'partial inhibition', 'no effect']",[2 2 3 3 3 3 3 1 2 3],1.0,1.0,1.0,0.0,99,90,3,3,2,2,"[7.11207768e-51 7.11546307e-51 1.11088797e-38 ... 3.10574612e+00
 3.21917802e+00 3.46037558e+00]",[0.00118907 0.00121076 0.00130457 ... 0.01486883 0.01508133 0.01508133],"{'complete inhibition': 0, 'adapting inhibition': 1, 'partial inhibition': 2, 'no effect': 3, 'excitation': 4, 'biphasic IE': 5, 'biphasic EI': 6}",17.5,0.8924207552001657,0.054571205248181875,0.0681424999999983,0.9417849999999796,15.6,0.965618515385261,0.06782150304027246,0.03613249999998232,0.9488449999999936,True,2.5,"[0.2 0.  0.  0.1 0.3 0.1 0.1 0.1 0.3 0.3 0.1 0.1 0.1 0.1 0.  0.1 0.4 0.2
 0.7 0.4]",19.27852515222239,0.989628344978136,0.051868634064080946,7.942037741732729,1.0214091061683845,0.11750000000000006,1.6949817938517941,0.006544690862252068,no effect,3
112,AG7499,1,011322,1.4,1,Naive,126,2cell2,right,/Users/johnparker/paper_repos/Aristieta_Parker_Gao_Gittis_Rubin_2024_D1_GPe/data/d1_msns/pre_processed_data/Naive_D1-MSNs_cell_body_stim/Neuron_0126,/Users/johnparker/paper_repos/Aristieta_Parker_Gao_Gittis_Rubin_2024_D1_GPe/data/d1_msns/pre_processed_data/Naive_D1-MSNs_cell_body_stim,Naive_D1-MSNs_cell_body_stim,True,25,250,0.025,/Users/johnparker/paper_repos/Aristieta_Parker_Gao_Gittis_Rubin_2024_D1_GPe/data/d1_msns/processed_data/Naive_D1-MSNs_cell_body_stim/Neuron_0126,10,0.05,"['complete inhibition', 'complete inhibition', 'complete inhibition', 'complete inhibition', 'complete inhibition', 'complete inhibition', 'complete inhibition', 'complete inhibition', 'complete inhibition', 'complete inhibition']",[0 0 0 0 0 0 0 0 0 0],1.0,1.0,1.0,0.0,99,90,3,3,2,2,[],[],"{'complete inhibition': 0, 'adapting inhibition': 1, 'partial inhibition': 2, 'no effect': 3, 'excitation': 4, 'biphasic IE': 5, 'biphasic EI': 6}",29.4,0.5713811915366578,0.05183675117896751,0.02789749999999458,0.9835049999999974,0.1,0.0,0.0,0.900079999999997,0.900079999999997,True,0.0,[1. 1. 1. 1. 1. 1. 1. 1. 1. 1. 1. 1. 1. 1. 1. 1. 1. 1. 1. 1.],21.751417935174537,0.7683604071086904,0.045931459330143545,15.176616576035759,4.891360176604921,0.06301295025728992,,,complete inhibition,0
113,AG7499,1,011322,1.4,4,Naive,119,10,left,/Users/johnparker/paper_repos/Aristieta_Parker_Gao_Gittis_Rubin_2024_D1_GPe/data/d1_msns/pre_processed_data/Naive_D1-MSNs_cell_body_stim/Neuron_0119,/Users/johnparker/paper_repos/Aristieta_Parker_Gao_Gittis_Rubin_2024_D1_GPe/data/d1_msns/pre_processed_data/Naive_D1-MSNs_cell_body_stim,Naive_D1-MSNs_cell_body_stim,True,25,250,0.025,/Users/johnparker/paper_repos/Aristieta_Parker_Gao_Gittis_Rubin_2024_D1_GPe/data/d1_msns/processed_data/Naive_D1-MSNs_cell_body_stim/Neuron_0119,10,0.05,"['complete inhibition', 'complete inhibition', 'complete inhibition', 'complete inhibition', 'complete inhibition', 'complete inhibition', 'complete inhibition', 'complete inhibition', 'complete inhibition', 'complete inhibition']",[0 0 0 0 0 0 0 0 0 0],1.0,1.0,1.0,0.0,99,90,3,3,2,2,[],[],"{'complete inhibition': 0, 'adapting inhibition': 1, 'partial inhibition': 2, 'no effect': 3, 'excitation': 4, 'biphasic IE': 5, 'biphasic EI': 6}",16.7,0.49847392758706494,0.07618049217828327,0.11941750000000298,0.9232675000000029,0.1,0.0,0.0,0.9002125000000035,0.9002125000000035,True,0.0,[1. 1. 1. 1. 1. 1. 1. 1. 1. 1. 1. 1. 1. 1. 1. 1. 1. 1. 1. 1.],18.367476101408936,1.0104132518585653,0.05250587371512482,8.133398508248531,0.919846617571557,0.09289808970099675,,,complete inhibition,0
114,AG7499,1,011322,1.4,4,Naive,121,16,left,/Users/johnparker/paper_repos/Aristieta_Parker_Gao_Gittis_Rubin_2024_D1_GPe/data/d1_msns/pre_processed_data/Naive_D1-MSNs_cell_body_stim/Neuron_0121,/Users/johnparker/paper_repos/Aristieta_Parker_Gao_Gittis_Rubin_2024_D1_GPe/data/d1_msns/pre_processed_data/Naive_D1-MSNs_cell_body_stim,Naive_D1-MSNs_cell_body_stim,True,25,250,0.025,/Users/johnparker/paper_repos/Aristieta_Parker_Gao_Gittis_Rubin_2024_D1_GPe/data/d1_msns/processed_data/Naive_D1-MSNs_cell_body_stim/Neuron_0121,10,0.05,"['complete inhibition', 'complete inhibition', 'complete inhibition', 'complete inhibition', 'complete inhibition', 'complete inhibition', 'complete inhibition', 'complete inhibition', 'complete inhibition', 'complete inhibition']",[0 0 0 0 0 0 0 0 0 0],1.0,1.0,1.0,0.0,99,90,3,3,2,2,[],[],"{'complete inhibition': 0, 'adapting inhibition': 1, 'partial inhibition': 2, 'no effect': 3, 'excitation': 4, 'biphasic IE': 5, 'biphasic EI': 6}",19.1,0.5567598920854143,0.07575696636453176,0.06729250000000846,0.948217499999999,0.2,0.0,0.0,0.8004674999999992,0.8004674999999992,True,0.0,[1. 1. 1. 1. 1. 1. 1. 1. 1. 1. 1. 1. 1. 1. 1. 1. 1. 1. 1. 1.],20.48135336527172,0.8339921403166776,0.048822603574329805,8.362110992477009,2.2270198905786955,0.07910512948207174,,,complete inhibition,0
115,AG7499,1,011322,1.4,2,Naive,117,5,right,/Users/johnparker/paper_repos/Aristieta_Parker_Gao_Gittis_Rubin_2024_D1_GPe/data/d1_msns/pre_processed_data/Naive_D1-MSNs_cell_body_stim/Neuron_0117,/Users/johnparker/paper_repos/Aristieta_Parker_Gao_Gittis_Rubin_2024_D1_GPe/data/d1_msns/pre_processed_data/Naive_D1-MSNs_cell_body_stim,Naive_D1-MSNs_cell_body_stim,True,25,250,0.025,/Users/johnparker/paper_repos/Aristieta_Parker_Gao_Gittis_Rubin_2024_D1_GPe/data/d1_msns/processed_data/Naive_D1-MSNs_cell_body_stim/Neuron_0117,10,0.05,"['adapting inhibition', 'adapting inhibition', 'adapting inhibition', 'adapting inhibition', 'adapting inhibition', 'biphasic IE', 'biphasic EI', 'adapting inhibition', 'no effect', 'partial inhibition']",[1 1 1 1 1 5 6 1 3 2],1.0,1.0,1.0,0.0,99,90,3,3,2,2,"[7.88545043e-09 8.02142625e-09 1.39806555e-04 ... 3.64902808e+00
 3.66029397e+00 4.01389144e+00]",[0.00080455 0.00082052 0.00083944 ... 0.00921204 0.00941251 0.00941251],"{'complete inhibition': 0, 'adapting inhibition': 1, 'partial inhibition': 2, 'no effect': 3, 'excitation': 4, 'biphasic IE': 5, 'biphasic EI': 6}",37.1,0.6201511199373267,0.029849409431189744,0.02223500000000982,0.9860125000000075,28.8,1.2105684824600944,0.040822989514915003,0.10806250000000901,0.9797925000000042,True,2.2,"[0.9 0.9 0.8 1.  0.8 0.9 0.6 0.5 0.5 0.4 0.5 0.5 0.7 0.7 0.4 0.6 0.2 0.2
 0.2 0.3]",19.92163727582535,0.8696657872379632,0.05022370801033592,36.244527172791926,1.5182360440792606,0.027537012065294564,2.7438038952353287,0.003525178826148619,adapting inhibition,1
116,AG8020,1,062822,1.7,3,Naive,128,5,right,/Users/johnparker/paper_repos/Aristieta_Parker_Gao_Gittis_Rubin_2024_D1_GPe/data/d1_msns/pre_processed_data/Naive_D1-MSNs_cell_body_stim/Neuron_0128,/Users/johnparker/paper_repos/Aristieta_Parker_Gao_Gittis_Rubin_2024_D1_GPe/data/d1_msns/pre_processed_data/Naive_D1-MSNs_cell_body_stim,Naive_D1-MSNs_cell_body_stim,True,25,250,0.025,/Users/johnparker/paper_repos/Aristieta_Parker_Gao_Gittis_Rubin_2024_D1_GPe/data/d1_msns/processed_data/Naive_D1-MSNs_cell_body_stim/Neuron_0128,10,0.05,"['complete inhibition', 'complete inhibition', 'complete inhibition', 'complete inhibition', 'complete inhibition', 'complete inhibition', 'complete inhibition', 'complete inhibition', 'complete inhibition', 'complete inhibition']",[0 0 0 0 0 0 0 0 0 0],1.0,1.0,1.0,0.0,99,90,3,3,2,2,[],[],"{'complete inhibition': 0, 'adapting inhibition': 1, 'partial inhibition': 2, 'no effect': 3, 'excitation': 4, 'biphasic IE': 5, 'biphasic EI': 6}",20.2,0.6802106422557498,0.04856595530295628,0.04850500000000864,0.9555775000000167,0.4,0.0,0.0,0.6020974999999978,0.6020974999999978,True,0.0,[1. 1. 1. 1. 1. 1. 1. 1. 1. 1. 1. 1. 1. 1. 1. 1. 1. 1. 1. 1.],20.357820888391565,0.7631713183623828,0.049120178041543026,12.874511233765418,0.848454352741592,0.0632154929577464,,,complete inhibition,0
117,AG7499,1,011322,1.4,6,Naive,110,8cell1,left,/Users/johnparker/paper_repos/Aristieta_Parker_Gao_Gittis_Rubin_2024_D1_GPe/data/d1_msns/pre_processed_data/Naive_D1-MSNs_cell_body_stim/Neuron_0110,/Users/johnparker/paper_repos/Aristieta_Parker_Gao_Gittis_Rubin_2024_D1_GPe/data/d1_msns/pre_processed_data/Naive_D1-MSNs_cell_body_stim,Naive_D1-MSNs_cell_body_stim,True,25,250,0.025,/Users/johnparker/paper_repos/Aristieta_Parker_Gao_Gittis_Rubin_2024_D1_GPe/data/d1_msns/processed_data/Naive_D1-MSNs_cell_body_stim/Neuron_0110,10,0.05,"['complete inhibition', 'complete inhibition', 'complete inhibition', 'complete inhibition', 'complete inhibition', 'complete inhibition', 'complete inhibition', 'complete inhibition', 'complete inhibition', 'complete inhibition']",[0 0 0 0 0 0 0 0 0 0],1.0,1.0,1.0,0.0,99,90,3,3,2,2,[],[],"{'complete inhibition': 0, 'adapting inhibition': 1, 'partial inhibition': 2, 'no effect': 3, 'excitation': 4, 'biphasic IE': 5, 'biphasic EI': 6}",3.7,0.5802776963653424,0.05869761309524113,0.46197000000000016,0.7278900000000043,0.8,0.0,0.036727499999999934,0.5633924999999955,0.6001199999999954,True,0.0,[1. 1. 1. 1. 1. 1. 1. 1. 1. 1. 1. 1. 1. 1. 1. 1. 1. 1. 1. 1.],2.9854565616070285,1.0544663053022472,0.33545788288288286,4.744743463982599,2.759633518426447,0.19950692090395514,,,no effect,3
118,AG8020,1,062822,1.4,5,Naive,142,10cell1,left,/Users/johnparker/paper_repos/Aristieta_Parker_Gao_Gittis_Rubin_2024_D1_GPe/data/d1_msns/pre_processed_data/Naive_D1-MSNs_cell_body_stim/Neuron_0142,/Users/johnparker/paper_repos/Aristieta_Parker_Gao_Gittis_Rubin_2024_D1_GPe/data/d1_msns/pre_processed_data/Naive_D1-MSNs_cell_body_stim,Naive_D1-MSNs_cell_body_stim,True,25,250,0.025,/Users/johnparker/paper_repos/Aristieta_Parker_Gao_Gittis_Rubin_2024_D1_GPe/data/d1_msns/processed_data/Naive_D1-MSNs_cell_body_stim/Neuron_0142,10,0.05,"['complete inhibition', 'no effect', 'complete inhibition', 'complete inhibition', 'complete inhibition', 'complete inhibition', 'complete inhibition', 'complete inhibition', 'complete inhibition', 'complete inhibition']",[0 3 0 0 0 0 0 0 0 0],1.0,1.0,1.0,0.0,99,90,3,3,2,2,"[8.510899512423284e-05, 0.03930555535272652, 0.5569681181277032, 0.3912785723165839, 0.012351826799856625, 1.0812914108517053e-05, 2.0635942199098708e-10, 1.8929606616748577e-13, 7.151194205017184e-08, 0.0005578054366009349, 0.10366513527014012, 0.6673038367077136, 0.22545331134231564, 0.00301880926059217, 1.031851963776405e-06, 4.03199849261017e-05, 0.026104965227611677, 0.5011165133215845, 0.7618108864031403, 1.3391932786060758, 8.510899512423284e-05, 0.03930555535272652, 0.5569681181277032, 0.3912785723165839, 0.012351826799856625, 1.0812914108517053e-05, 2.0635942199098708e-10, 1.8929606616928993e-13, 7.151194224790714e-08, 0.0005578058539024868, 0.10368276962062427, 0.6836777016594348, 0.656159987939073, 0.5250910202196895, 0.030776331106595004, 5.430994311521819e-05, 7.877801857383884e-07, 0.002945458441059394, 0.30569594421899626, 1.3196523342193824, 8.510899512423284e-05, 0.03930555535272652, 0.5569681181277032, 0.3912785723165839, 0.012351826799856639, 1.0812972225785041e-05, 4.447505147335744e-06, 0.007325057391050096, 0.3234685421361383, 0.7042619104059545, 0.7183666379365012, 0.24297528452649064, 0.0035967499468956094, 1.370288989552787e-06, 1.107514264932723e-11, 4.547075984895913e-12, 7.383023981176939e-07, 0.0026460991261800545, 0.2709501306201273, 1.2769529107290007, 8.510899512423284e-05, 0.03930555535272652, 0.5569681181277032, 0.3912785723165839, 0.012351826799856639, 1.0812972225785036e-05, 4.4475050243190635e-06, 0.007325005311865545, 0.32301458829665197, 0.610602748320743, 0.058870939814590566, 0.00018225788480606147, 1.3014541826197032e-08, 1.9917096608182006e-14, 1.3888950593053473e-09, 4.031997734912408e-05, 0.026104917899942348, 0.5008171540067068, 0.7270650728042714, 1.2964938551156941, 8.510899512423284e-05, 0.03930555535272652, 0.5569681181277032, 0.3912785723165839, 0.012351826799856625, 1.0812914108517053e-05, 2.0635942199099938e-10, 1.9022136650672077e-13, 7.285897820979871e-08, 0.000597290959731967, 0.1294683163234166, 1.166680386907481, 0.9867516889301212, 1.3627682240900123, 0.3497854191851462, 0.003947349440082962, 1.2512959113323519e-06, 8.928205183859974e-12, 1.2952438737482033e-18, 3.640397785715608e-27, 8.510899512423284e-05, 0.03930555535272652, 0.5569681181277032, 0.3912785723165839, 0.012351826799856625, 1.0812914108517053e-05, 2.0635942199098708e-10, 1.8929606616930487e-13, 7.151194225196721e-08, 0.0005578058750021988, 0.10368493952549536, 0.6884372398841893, 0.9286802497431516, 1.168657179189731, 0.10960639325189188, 0.00037608809891181055, 9.846907269399305e-08, 0.0005271854424059352, 0.10083426407543734, 0.6528705442985099, 8.510901100595708e-05, 0.03930732783291476, 0.561177150310578, 0.6504517460549696, 0.6634349299878947, 0.08516860180251212, 0.0003750908343417259, 9.195169885850419e-08, 0.0004889306491424124, 0.12308666384549848, 1.4520019560990494, 1.3364950914975162, 0.08769704015878382, 0.0002302490212847896, 1.565524929974425e-08, 2.287163609096354e-14, 6.636287593010244e-22, 3.6869640111407245e-31, 3.850473209965878e-42, 7.482902773195029e-55, 8.510899512423284e-05, 0.03930555535272652, 0.5569681181277032, 0.3912785723165839, 0.012351826799856639, 1.0812972720103755e-05, 4.592112532759208e-06, 0.00820304888412525, 0.45206576136429266, 1.3123974796919475, 0.7243319451020903, 0.480231201976047, 0.022734493540146707, 3.1476509166953305e-05, 9.673983694283187e-10, 3.038581082509534e-14, 1.8221801489723085e-08, 0.00022782612746624428, 0.06608845047656839, 0.6101711208081282, 8.945381036904785e-05, 0.04652958399533205, 0.8782701798126841, 1.0031030440273698, 0.07181113548565092, 0.00019658390761012596, 1.3600258702181375e-08, 2.0702536118663982e-14, 1.347036159627441e-09, 3.9485523131032266e-05, 0.025803181053276465, 0.49937655019976784, 0.7612983775878055, 1.3597494148294211, 0.34978438872207746, 0.003947349432644299, 1.2512959113312929e-06, 8.928205183859972e-12, 1.2952438737482033e-18, 3.640397785715608e-27, 8.510899512423284e-05, 0.03930555535272652, 0.5569681181277032, 0.3912785723165839, 0.012351826799856639, 1.0812972736096657e-05, 4.6035789042562994e-06, 0.008370580440699802, 0.5083760277427917, 1.901918654398177, 0.8941227088581477, 0.6256381766079046, 0.061371831547952116, 0.00019740229635721864, 1.4676775807098349e-08, 2.227217916386267e-14, 6.5649979343715505e-22, 3.6709132047036873e-31, 3.843717624871914e-42, 7.477626548320421e-55]","[0.007876914204524141, 0.011145889163522837, 0.01325169236844529, 0.015696147510992374, 0.01814990052630798, 0.019903620243613716, 0.01942842473623787, 0.01873875404204955, 0.018049083347861258, 0.01733281212661465, 0.016428099777893945, 0.01527404957294013, 0.013870550226504446, 0.012217601738586874, 0.010341804636245747, 0.008404201945430895, 0.0064490490815668515, 0.004650675582283977, 0.003582735782484119, 0.0025842838366317788, 0.007502568854296471, 0.009200648471254907, 0.009851473200837417, 0.01028999484953326, 0.010323509713232905, 0.009565877088758388, 0.007328246135252734, 0.00650278648762929, 0.008862997973806403, 0.011781435062058698, 0.015173722093953703, 0.019038846912396712, 0.021835043760986994, 0.021919419419419446, 0.021919419419419446, 0.021919419419419446, 0.021112382607607637, 0.019433714285992266, 0.018584994558709544, 0.017129854045860052, 0.007540722936355542, 0.009734624487504978, 0.011391067299336534, 0.013533556767049398, 0.015966023126518163, 0.0182461719758082, 0.019319772436819604, 0.020046217023349956, 0.020144415721932304, 0.019570952036408917, 0.018325825966779737, 0.016411256533228835, 0.014048046908053556, 0.011641420786720539, 0.009234794665387526, 0.0068755272127316545, 0.0051575441158165525, 0.00398525103838458, 0.003224444864671748, 0.0027843158480727317, 0.0038409009337674015, 0.004804363670463083, 0.007607427543510802, 0.010712121733569462, 0.013401020482509884, 0.015659106201936022, 0.0166473311950838, 0.015012767507871401, 0.012575723508237381, 0.010136208259874996, 0.007696735796316508, 0.006495706100137606, 0.007625292626340818, 0.009272890960975267, 0.011408392345282195, 0.01403175399445769, 0.015904575925926083, 0.015934684684684876, 0.01593468468468484, 0.015615990990991148, 0.007857188179157003, 0.010869818455657702, 0.01245570749335198, 0.014019194975068516, 0.015232667121175665, 0.015415824760260603, 0.013227020390195585, 0.010820394268862553, 0.00841376814752954, 0.006231218815138252, 0.005675264683547645, 0.006947626837237762, 0.008923125358925366, 0.011379949104879574, 0.014094021286158663, 0.01566282349090367, 0.015884634634634548, 0.01563281346516771, 0.015388532217843955, 0.014919565105335812, 0.005144539579145731, 0.004549233244039116, 0.004694846843956965, 0.006736731849185435, 0.008837457574911153, 0.011022639031114199, 0.013714704511090895, 0.015792460650184935, 0.015925768118118036, 0.016809529529529518, 0.018026496496496555, 0.019243463463463575, 0.02046043043043061, 0.02163626391391416, 0.021969469469469732, 0.021969469469469732, 0.021969469469469732, 0.02196946946946978, 0.021969469469469732, 0.02153008008008035, 0.007876914204524141, 0.011145889163522837, 0.01325169236844529, 0.015696147510992374, 0.01814990052630798, 0.019903620243613716, 0.01942842473623787, 0.01873875404204955, 0.018049083347861258, 0.017322623647951514, 0.01633554649104173, 0.015003630609717883, 0.013326722094486189, 0.01130482094534663, 0.008974716168020673, 0.006622913517474029, 0.004966235281366304, 0.0038210575436724357, 0.003087642697994607, 0.002695503564699355, 0.004406641659673916, 0.008144371658384605, 0.010914746783248552, 0.014028832554947551, 0.017172799559797836, 0.019769325641855857, 0.019586201390618167, 0.018896530696429846, 0.018206860002241552, 0.01750665071163487, 0.01665705807685457, 0.015560074601446764, 0.014213641984557086, 0.012617760226185519, 0.010782967922750469, 0.008849712171933297, 0.007048736643246387, 0.005580387514639747, 0.004653407438460643, 0.0038374529262124074, 0.007876914204524141, 0.011145889163522837, 0.01325169236844529, 0.015696147510992374, 0.01814990052630798, 0.019903620243613716, 0.01942842473623787, 0.01873875404204955, 0.018049083347861258, 0.017323591574466387, 0.01634433924443948, 0.01502932096970999, 0.013378386890175467, 0.01139153700583589, 0.009104592395897844, 0.006782675423700134, 0.005098040587898119, 0.0039511168674676925, 0.0032061274629256184, 0.002778174277042387, 0.00786078772288811, 0.010920194979429882, 0.01260095633663753, 0.014325200055955454, 0.015764994795919182, 0.016234743716205258, 0.014358633359478483, 0.01226531192215265, 0.010171990484826829, 0.008082655999710886, 0.006136463938700432, 0.006435063788278264, 0.007996256905704973, 0.009976114310596845, 0.012370649050744009, 0.015040705654250842, 0.015884634634634548, 0.01563281346516771, 0.015388532217843955, 0.014919565105335812]","{'complete inhibition': 0, 'adapting inhibition': 1, 'partial inhibition': 2, 'no effect': 3, 'excitation': 4, 'biphasic IE': 5, 'biphasic EI': 6}",4.2,0.5197655055858696,0.19006308333332317,0.28245000000001497,0.8433749999999989,3.4,0.35345642671356153,0.3189795833333296,0.15868249999999903,0.7747424999999921,True,0.3,"[1.  0.9 0.9 0.9 0.9 0.9 0.9 0.9 0.9 0.9 0.9 0.9 0.9 0.9 0.9 0.9 0.9 0.9
 0.9 1. ]",4.6220117760383,1.010987957207909,0.21665756578947368,5.0458643843212885,1.222081369493177,0.1973015060240967,,,no effect,3
119,AG8020,1,062822,1.4,5,Naive,145,9,left,/Users/johnparker/paper_repos/Aristieta_Parker_Gao_Gittis_Rubin_2024_D1_GPe/data/d1_msns/pre_processed_data/Naive_D1-MSNs_cell_body_stim/Neuron_0145,/Users/johnparker/paper_repos/Aristieta_Parker_Gao_Gittis_Rubin_2024_D1_GPe/data/d1_msns/pre_processed_data/Naive_D1-MSNs_cell_body_stim,Naive_D1-MSNs_cell_body_stim,True,25,250,0.025,/Users/johnparker/paper_repos/Aristieta_Parker_Gao_Gittis_Rubin_2024_D1_GPe/data/d1_msns/processed_data/Naive_D1-MSNs_cell_body_stim/Neuron_0145,10,0.05,"['biphasic EI', 'excitation', 'excitation', 'excitation', 'excitation', 'no effect', 'excitation', 'biphasic EI', 'excitation', 'adapting inhibition']",[6 4 4 4 4 3 4 6 4 1],1.0,1.0,1.0,0.0,99,90,3,3,2,2,"[1.55546172e-41 1.55546172e-41 1.55546172e-41 ... 2.05254756e+00
 2.08080704e+00 2.13654748e+00]",[0.00118622 0.00128005 0.00136741 ... 0.01933559 0.01933559 0.01933559],"{'complete inhibition': 0, 'adapting inhibition': 1, 'partial inhibition': 2, 'no effect': 3, 'excitation': 4, 'biphasic IE': 5, 'biphasic EI': 6}",18.1,0.6470854712008303,0.0558632687582253,0.043720000000002555,0.9447600000000123,24.3,0.7963728501629818,0.04076187633033192,0.03721000000001027,0.9549475000000036,True,4.0,"[0.5 0.1 0.4 1.  0.6 0.2 0.2 0.4 0.4 0.4 0.4 0.3 0.1 0.5 0.6 0.4 0.8 0.3
 0.4 0.5]",17.216489279304238,0.7375010454109338,0.05801076877934272,22.544922069147518,0.6293697147761379,0.04435745967741936,1.5522647050123999,0.006236650152573508,no effect,3
120,AG7499,1,011322,1.4,6,Naive,111,8cell2,left,/Users/johnparker/paper_repos/Aristieta_Parker_Gao_Gittis_Rubin_2024_D1_GPe/data/d1_msns/pre_processed_data/Naive_D1-MSNs_cell_body_stim/Neuron_0111,/Users/johnparker/paper_repos/Aristieta_Parker_Gao_Gittis_Rubin_2024_D1_GPe/data/d1_msns/pre_processed_data/Naive_D1-MSNs_cell_body_stim,Naive_D1-MSNs_cell_body_stim,True,25,250,0.025,/Users/johnparker/paper_repos/Aristieta_Parker_Gao_Gittis_Rubin_2024_D1_GPe/data/d1_msns/processed_data/Naive_D1-MSNs_cell_body_stim/Neuron_0111,10,0.05,"['biphasic IE', 'biphasic EI', 'partial inhibition', 'complete inhibition', 'complete inhibition', 'complete inhibition', 'complete inhibition', 'complete inhibition', 'complete inhibition', 'complete inhibition']",[5 6 2 0 0 0 0 0 0 0],1.0,1.0,1.0,0.0,99,90,3,3,2,2,"[1.2900545458350466e-33, 5.935444503233434e-24, 5.160997849767784e-16, 8.654816381979808e-10, 2.9160802701642702e-05, 0.021779047806608283, 0.47179945894935327, 0.4828596048724649, 0.023499332493897348, 3.3398567822416386e-05, 0.00010138788852322552, 0.04318252746483839, 0.5700226202990638, 0.3756735861207683, 0.011010997061096473, 8.876651840622963e-06, 1.555395181767188e-10, 5.434165937580001e-17, 3.648518081658646e-25, 4.6205917330845995e-35, 1.2900545458350466e-33, 5.935444503233434e-24, 5.160997849767784e-16, 8.654816381979808e-10, 2.9160802701642702e-05, 0.021779047806622747, 0.47179946958809155, 0.4830189823236029, 0.07838273896582254, 0.6018570320814224, 0.33506194223481395, 0.008066394293409895, 5.23096485570606e-06, 7.317481014473801e-11, 2.0348781475019955e-17, 1.0858919802653483e-25, 1.0921790188736596e-35, 2.0491594882379644e-47, 7.125728464994018e-61, 4.572846122315996e-76, 1.2900545458350466e-33, 5.935444503233434e-24, 5.160997849767784e-16, 8.654816381979808e-10, 2.9160802701642702e-05, 0.021779047806608283, 0.47179945894935327, 0.4828596048724649, 0.023499332493897348, 3.3398567822416386e-05, 0.00010138788852322552, 0.04318252746483839, 0.5700226202990638, 0.3756735861207683, 0.011010997061096473, 8.876651840622963e-06, 1.555395181767188e-10, 5.434165937580001e-17, 3.648518081658646e-25, 4.6205917330845995e-35, 1.2900545458350466e-33, 5.935444503233434e-24, 5.160997849767784e-16, 8.654816381979808e-10, 2.9160802701642702e-05, 0.021779047806608283, 0.47179945894935327, 0.4828596048724649, 0.023499332493897348, 3.3398567822416386e-05, 0.00010138788852322552, 0.04318252746483839, 0.5700226202990638, 0.3756735861207683, 0.011010997061096473, 8.876651840622963e-06, 1.555395181767188e-10, 5.434165937580001e-17, 3.648518081658646e-25, 4.6205917330845995e-35, 1.2900545458350466e-33, 5.935444503233434e-24, 5.160997849767784e-16, 8.654816381979808e-10, 2.9160802701642702e-05, 0.021779047806608283, 0.47179945894935327, 0.4828596048724649, 0.023499332493897348, 3.3398567822416386e-05, 0.00010138788852322552, 0.04318252746483839, 0.5700226202990638, 0.3756735861207683, 0.011010997061096473, 8.876651840622963e-06, 1.555395181767188e-10, 5.434165937580001e-17, 3.648518081658646e-25, 4.6205917330845995e-35, 1.2900545458350466e-33, 5.935444503233434e-24, 5.160997849767784e-16, 8.654816381979808e-10, 2.9160802701642702e-05, 0.021779047806608283, 0.47179945894935327, 0.4828596048724649, 0.023499332493897348, 3.3398567822416386e-05, 0.00010138788852322552, 0.04318252746483839, 0.5700226202990638, 0.3756735861207683, 0.011010997061096473, 8.876651840622963e-06, 1.555395181767188e-10, 5.434165937580001e-17, 3.648518081658646e-25, 4.6205917330845995e-35, 1.2900545458350466e-33, 5.935444503233434e-24, 5.160997849767784e-16, 8.654816381979808e-10, 2.9160802701642702e-05, 0.021779047806608283, 0.47179945894935327, 0.4828596048724649, 0.023499332493897348, 3.3398567822416386e-05, 0.00010138788852322552, 0.04318252746483839, 0.5700226202990638, 0.3756735861207683, 0.011010997061096473, 8.876651840622963e-06, 1.555395181767188e-10, 5.434165937580001e-17, 3.648518081658646e-25, 4.6205917330845995e-35, 1.2900545458350466e-33, 5.935444503233434e-24, 5.160997849767784e-16, 8.654816381979808e-10, 2.9160802701642702e-05, 0.021779047806622747, 0.47179946958809155, 0.4830189823236029, 0.07838273896582254, 0.6018570320814224, 0.33506194223481395, 0.008066394293409895, 5.23096485570606e-06, 7.317481014473801e-11, 2.0348781475019955e-17, 1.0858919802653483e-25, 1.0921790188736596e-35, 2.0491594882379644e-47, 7.125728464994018e-61, 4.572846122315996e-76, 1.2900545458350466e-33, 5.935444503233434e-24, 5.160997849767784e-16, 8.654816381979808e-10, 2.9160802701642702e-05, 0.021779047806622747, 0.47179946958809155, 0.4830189823236029, 0.07838273896582254, 0.6018570320814224, 0.33506194223481395, 0.008066394293409895, 5.23096485570606e-06, 7.317481014473801e-11, 2.0348781475019955e-17, 1.0858919802653483e-25, 1.0921790188736596e-35, 2.0491594882379644e-47, 7.125728464994018e-61, 4.572846122315996e-76, 1.2900545458350466e-33, 5.935444503233434e-24, 5.160997849767784e-16, 8.654816381979808e-10, 2.9160802701642702e-05, 0.021779047806608283, 0.47179945894935327, 0.4828596048724649, 0.023499332493897348, 3.3398567822416386e-05, 0.00010138788852322552, 0.04318252746483839, 0.5700226202990638, 0.3756735861207683, 0.011010997061096473, 8.876651840622963e-06, 1.555395181767188e-10, 5.434165937580001e-17, 3.648518081658646e-25, 4.6205917330845995e-35, 2.364463961290212e-60, 5.879260197767032e-47, 2.7099851203678094e-35, 2.3308452666305507e-25, 3.780337851336962e-17, 1.1776233231856244e-10, 7.306203889065006e-06, 0.009824314453121277, 0.3604990086054506, 0.5822845060223575, 0.04726511261651423, 0.0016498682027405016, 0.1670262415443396, 0.6827027477803888, 0.1476314247034691, 0.03350011443970545, 0.5291881661996407, 0.42290697446442976, 0.015498193452527655, 1.6020726212262064e-05, 2.364463961290212e-60, 5.879260197767032e-47, 2.7099851203678094e-35, 2.3308452666305507e-25, 3.780337851336962e-17, 1.1776233231856244e-10, 7.306203889065006e-06, 0.009824314453121277, 0.3604990086054506, 0.5822845060223575, 0.04726511261651423, 0.0016498682027405016, 0.1670262415443396, 0.6827027477803888, 0.1476314247034691, 0.03350011443970545, 0.5291881661996407, 0.42290697446442976, 0.015498193452527655, 1.6020726212262064e-05, 2.364463961290212e-60, 5.879260197767032e-47, 2.7099851203678094e-35, 2.3308452666305507e-25, 3.780337851336969e-17, 1.1776233231872912e-10, 7.306203896537394e-06, 0.009824320945450923, 0.3606135645039051, 0.628377315006359, 0.6261711475267853, 0.36485411720224664, 0.010152548509236638, 0.010396700782539237, 0.36789540049988023, 0.5763622777898154, 0.04523470712010755, 0.00011058763199137513, 6.1600171609491845e-09, 6.966250199122564e-15, 2.364463961290212e-60, 5.879260197767032e-47, 2.7099851203678094e-35, 2.3308452666305507e-25, 3.780337851336962e-17, 1.1776233231856244e-10, 7.306203889065006e-06, 0.009824314453121277, 0.3604990086054506, 0.5822845060223575, 0.04726511261651427, 0.0016498683376681947, 0.16703427814857197, 0.6930917295123004, 0.5154674050211723, 0.5775309436668695, 0.04523493350139367, 0.00011058763290508471, 6.160017161021463e-09, 6.966250199122672e-15, 2.364463961290212e-60, 5.879260197767032e-47, 2.7099851203678094e-35, 2.3308452666305507e-25, 3.780337851336969e-17, 1.1776233231872912e-10, 7.306203896537394e-06, 0.009824320945450923, 0.3606135645039051, 0.628377315006359, 0.6261711475267853, 0.36485411720224664, 0.010152548509236638, 0.010396700782539237, 0.36789540049988023, 0.5763622777898154, 0.04523470712010755, 0.00011058763199137513, 6.1600171609491845e-09, 6.966250199122564e-15, 2.364463961290212e-60, 5.879260197767032e-47, 2.7099851203678094e-35, 2.3308452666305507e-25, 3.780337851336969e-17, 1.1776233231872912e-10, 7.306203896537394e-06, 0.009824320945450923, 0.3606135645039051, 0.628377315006359, 0.6261711475514172, 0.3648565393518226, 0.015231848829158838, 0.27995712911489506, 0.6391459317731223, 0.07551920233482623, 0.00029566721573565406, 2.7051597987705943e-08, 5.0722455678926256e-14, 1.850658317766906e-21, 2.364463961290212e-60, 5.879260197767032e-47, 2.7099851203678094e-35, 2.3308452666305507e-25, 3.780337851336969e-17, 1.1776233231872912e-10, 7.306203896537394e-06, 0.009824320945450923, 0.3606135645039051, 0.628377315006359, 0.6261711475514172, 0.3648565393518226, 0.015231848829158838, 0.27995712911489506, 0.6391459317731223, 0.07551920233482623, 0.00029566721573565406, 2.7051597987705943e-08, 5.0722455678926256e-14, 1.850658317766906e-21, 2.364463961290212e-60, 5.879260197767032e-47, 2.7099851203678094e-35, 2.3308452666305507e-25, 3.780337851336962e-17, 1.1776233231856244e-10, 7.306203889065006e-06, 0.009824314453121277, 0.3604990086054506, 0.5822845060223575, 0.04726511261651427, 0.0016498683376681947, 0.16703427814857197, 0.6930917295123004, 0.5154674050211723, 0.5775309436668695, 0.04523493350139367, 0.00011058763290508471, 6.160017161021463e-09, 6.966250199122672e-15, 2.364463961290212e-60, 5.879260197767032e-47, 2.7099851203678094e-35, 2.3308452666305507e-25, 3.780337851336962e-17, 1.1776233231856244e-10, 7.306203889065006e-06, 0.009824314453121277, 0.3604990086057047, 0.5822845948446347, 0.04790655169485229, 0.11112050249858839, 0.6768925823441008, 0.493833005129765, 0.641816392522425, 0.07552004731213043, 0.00029566722137785724, 2.7051597988448248e-08, 5.0722455678928124e-14, 1.850658317766906e-21, 2.364463961290212e-60, 5.879260197767032e-47, 2.7099851203678094e-35, 2.3308452666305507e-25, 3.780337851336969e-17, 1.1776233231872912e-10, 7.306203896537394e-06, 0.009824320945450923, 0.3606135645039051, 0.628377315006359, 0.6261711475514172, 0.3648565393518226, 0.015231848829158838, 0.27995712911489506, 0.6391459317731223, 0.07551920233482623, 0.00029566721573565406, 2.7051597987705943e-08, 5.0722455678926256e-14, 1.850658317766906e-21, 3.5585031326375236e-11, 3.144454785934384e-06, 0.005953571463600022, 0.29803204074707496, 0.6292088958353587, 0.23211190033554618, 0.6831470154363217, 0.1503270090836323, 0.0012162208669127506, 0.0003784564791671467, 0.08728692292147604, 0.832348205954112, 0.9394592310007184, 0.15452945250407085, 0.4189010282306185, 0.5336768144932895, 0.03335717564153458, 6.291184625473395e-05, 2.6699393583904277e-09, 2.2896860808819858e-15, 3.5585031326375236e-11, 3.1444547859342468e-06, 0.005953571462096923, 0.29803171881592383, 0.6278159824085142, 0.1055915955066065, 0.550825695790119, 0.41134638079656266, 0.40714006448148904, 0.554572450245247, 0.0386369438831187, 8.423835910011706e-05, 0.004249205354996363, 0.27476900034051766, 1.0686656843291842, 0.6185218446785543, 0.03372952609627855, 6.295029129772185e-05, 2.670020907006456e-09, 2.289689450496385e-15, 3.558541919273849e-11, 3.14515153126245e-06, 0.005978692335491687, 0.31805462859108996, 1.0873432661425664, 0.5632858946322785, 0.11924011544129719, 0.659385839774199, 0.2430994776257332, 0.0038423367627600734, 0.06711712662240571, 0.6262298304658229, 0.3256489375993522, 0.49950355563315385, 0.46102222240912194, 0.02021937133241558, 2.5558730737850917e-05, 7.144574054995944e-10, 4.0089772998831666e-16, 4.3366116929041725e-24, 3.5585031326375236e-11, 3.1444547859342468e-06, 0.00595357146209341, 0.2980317151307821, 0.6277377372652125, 0.06803410873661046, 0.003773246897875971, 0.24095663035112658, 0.6604161714931264, 0.11999370294727467, 0.5599887152729092, 1.0882991895623526, 0.34601546780446096, 0.49952944467115806, 0.4610222231370352, 0.02021937133241599, 2.5558730737850917e-05, 7.144574054995944e-10, 4.0089772998831666e-16, 4.3366116929041725e-24, 3.5585031326375236e-11, 3.1444547859342468e-06, 0.00595357146209341, 0.2980317151307821, 0.6277377372652125, 0.06803410873661046, 0.003773246897875131, 0.24095662909936483, 0.6603785992648095, 0.09466732432647837, 0.0004640482181994297, 0.0010072152563093061, 0.14185139086173945, 0.9430193839859777, 0.8290821467440207, 0.22388767571875795, 0.6818089139714727, 0.17759077858636252, 0.0017519402193449892, 4.2976128943967476e-07, 3.5585031326375236e-11, 3.144454785934384e-06, 0.005953571463600029, 0.2980320407833799, 0.6292120852038237, 0.2381163961128268, 0.9821798184662264, 0.7774868692072684, 0.10666167449486558, 0.551734142885845, 0.39766947411641906, 0.012939068366361928, 2.678077776716007e-05, 0.014961027615271932, 0.4179271709293564, 0.5336766449295012, 0.033357175640919966, 6.291184625473391e-05, 2.6699393583904277e-09, 2.2896860808819858e-15, 3.5585031326375236e-11, 3.144454785934384e-06, 0.005953571463600022, 0.29803204074707496, 0.6292088958353587, 0.23211190033554618, 0.6831470154367368, 0.150327136348082, 0.0020251680723344647, 0.12408475952931164, 0.6776900778212359, 0.2030792575270317, 0.3334225466361805, 0.6046327924458039, 0.056115407358312, 0.00016701666059935978, 0.0024638233206253366, 0.2065354832255494, 0.6743377245126733, 0.11585571972009362, 3.5585031326375236e-11, 3.1444547859342468e-06, 0.00595357146209341, 0.2980317151307821, 0.6277377372545855, 0.06803277833424273, 0.0002414857487145668, 0.0018131248497917111, 0.18734044680014242, 1.0016454383009485, 0.7501641984492156, 0.24160947313276518, 0.6810710780133463, 0.13538371857699502, 0.00198763606997063, 0.13819718508124618, 0.6814441569227828, 0.17759074139852116, 0.0017519402192670327, 4.2976128943967164e-07, 3.558541919273849e-11, 3.14515153126245e-06, 0.005978692335491696, 0.31805462862727285, 1.087346403718981, 0.5688380683341332, 0.324780852065429, 0.6271985567603465, 0.10544549423869937, 0.5517339018417333, 0.39766947539038777, 0.012977096598520796, 0.0252798063691164, 0.4934299761136493, 0.4610189716788072, 0.02021937129512016, 2.5558730737842433e-05, 7.144574054995944e-10, 4.0089772998831666e-16, 4.3366116929041725e-24, 3.5585031326375236e-11, 3.1444547859342468e-06, 0.005953571462096923, 0.29803171881592383, 0.6278159824085141, 0.10559159528948918, 0.5508144931246967, 0.3987380925120011, 0.013077084070562114, 0.02510349614801876, 0.49240909643614045, 0.4620693052712885, 0.02036653030840456, 3.25595792526094e-05, 0.009312267705109767, 0.3534905667134329, 0.5902626289339553, 0.2557980584976669, 0.6744675621728483, 0.11585572754673511]","[0.0, 0.0, 0.0, 0.0, 0.0, 0.0, 0.0, 0.0, 0.0, 0.0, 0.0, 0.0, 0.0, 0.0, 0.0, 0.0, 0.0, 0.0, 0.0, 0.0, 0.0, 0.0, 0.0, 0.0, 0.0, 0.0, 0.0, 0.0, 0.0, 0.0, 0.0, 0.0, 0.0, 0.0, 0.0, 0.0, 0.0, 0.0, 0.0, 0.0, 0.0, 0.0, 0.0, 0.0, 0.0, 0.0, 0.0, 0.0, 0.0, 0.0, 0.0, 0.0, 0.0, 0.0, 0.0, 0.0, 0.0, 0.0, 0.0, 0.0, 0.0, 0.0, 0.0, 0.0, 0.0, 0.0, 0.0, 0.0, 0.0, 0.0, 0.0, 0.0, 0.0, 0.0, 0.0, 0.0, 0.0, 0.0, 0.0, 0.0, 0.0, 0.0, 0.0, 0.0, 0.0, 0.0, 0.0, 0.0, 0.0, 0.0, 0.0, 0.0, 0.0, 0.0, 0.0, 0.0, 0.0, 0.0, 0.0, 0.0, 0.0, 0.0, 0.0, 0.0, 0.0, 0.0, 0.0, 0.0, 0.0, 0.0, 0.0, 0.0, 0.0, 0.0, 0.0, 0.0, 0.0, 0.0, 0.0, 0.0, 0.0, 0.0, 0.0, 0.0, 0.0, 0.0, 0.0, 0.0, 0.0, 0.0, 0.0, 0.0, 0.0, 0.0, 0.0, 0.0, 0.0, 0.0, 0.0, 0.0, 0.0, 0.0, 0.0, 0.0, 0.0, 0.0, 0.0, 0.0, 0.0, 0.0, 0.0, 0.0, 0.0, 0.0, 0.0, 0.0, 0.0, 0.0, 0.0, 0.0, 0.0, 0.0, 0.0, 0.0, 0.0, 0.0, 0.0, 0.0, 0.0, 0.0, 0.0, 0.0, 0.0, 0.0, 0.0, 0.0, 0.0, 0.0, 0.0, 0.0, 0.0, 0.0, 0.0, 0.0, 0.0, 0.0, 0.0, 0.0, 0.0, 0.0, 0.0, 0.0, 0.0, 0.0, 0.0, 0.0, 0.0, 0.0, 0.0, 0.0, 0.01652094594594582, 0.016858108108107988, 0.016858108108107978, 0.016858108108107984, 0.016858108108107978, 0.016858108108107978, 0.016795567672031782, 0.01582712005118179, 0.014482903543487472, 0.013037523828719838, 0.0114909809164489, 0.00992320981879766, 0.009245010793001022, 0.00894258065404873, 0.008726952160608205, 0.00854412290070702, 0.008436196196196266, 0.00834820747536687, 0.008272173811940373, 0.0080167314856866, 0.015451676676676605, 0.015767017017016945, 0.01576701701701694, 0.015767017017016948, 0.015767017017016938, 0.015767017017016938, 0.015694605312093386, 0.014644091556204898, 0.013383574398829786, 0.012249815781929416, 0.011228336342705605, 0.010308720503314404, 0.010367242267210882, 0.010635767432594003, 0.01072895587932422, 0.010478623106335842, 0.010168848848848834, 0.00987122579861163, 0.00961404089336027, 0.00911733773582491, 0.01652094594594582, 0.016858108108107988, 0.016858108108107978, 0.016858108108107984, 0.016858108108107978, 0.016858108108107978, 0.016794395432435286, 0.015748759439005198, 0.014132611574202881, 0.012210015760450795, 0.009980972026738892, 0.007561885448542175, 0.006167030651181469, 0.006493098736204083, 0.007471500355762078, 0.008756349895279876, 0.010294954954955192, 0.01179110723313189, 0.012137137137137474, 0.01189439439439473, 0.015451676676676605, 0.015767017017016945, 0.01576701701701694, 0.015767017017016948, 0.015767017017016938, 0.015767017017016938, 0.015692412653192583, 0.014497519051510194, 0.012728357831649651, 0.01070197271572254, 0.00844774585105836, 0.006248848785615507, 0.006506354999910535, 0.007985976680231602, 0.009722822256619244, 0.011687509581743938, 0.013671471471471677, 0.014319319319319578, 0.014319319319319547, 0.014032932932933163, 0.015451676676676605, 0.015767017017016945, 0.01576701701701694, 0.015767017017016948, 0.015767017017016938, 0.015767017017016938, 0.015694605312093386, 0.014644091556204898, 0.013383574398829786, 0.012249815781929416, 0.011228336342705605, 0.010308720503314404, 0.010367242267210882, 0.010635767432594003, 0.01072895587932422, 0.010478623106335842, 0.010168848848848834, 0.00987122579861163, 0.00961404089336027, 0.00911733773582491, 0.015451676676676605, 0.015767017017016945, 0.01576701701701694, 0.015767017017016948, 0.015767017017016938, 0.015767017017016938, 0.015694605312093386, 0.014644091556204898, 0.013383574398829786, 0.012249815781929416, 0.011228336342705605, 0.010308720503314404, 0.010367242267210882, 0.010635767432594003, 0.01072895587932422, 0.010478623106335842, 0.010168848848848834, 0.00987122579861163, 0.00961404089336027, 0.00911733773582491, 0.015451676676676605, 0.015767017017016945, 0.01576701701701694, 0.015767017017016948, 0.015767017017016938, 0.015767017017016938, 0.015692412653192583, 0.014497519051510194, 0.012728357831649651, 0.01070197271572254, 0.00844774585105836, 0.006248848785615507, 0.006506354999910535, 0.007985976680231602, 0.009722822256619244, 0.011687509581743938, 0.013671471471471677, 0.014319319319319578, 0.014319319319319547, 0.014032932932933163, 0.015451676676676605, 0.015767017017016945, 0.01576701701701694, 0.015767017017016948, 0.015767017017016938, 0.015767017017016938, 0.015694605312093386, 0.014644091556204898, 0.013383574398829786, 0.012249815781929416, 0.011228336342705605, 0.010308720503314404, 0.010367242267210882, 0.010635767432594003, 0.01072895587932422, 0.010478623106335842, 0.010168848848848834, 0.00987122579861163, 0.00961404089336027, 0.00911733773582491, 0.013281869369369235, 0.013552927927927793, 0.013552927927927793, 0.013552927927927796, 0.013552927927927788, 0.013552927927927786, 0.013460138794358206, 0.012220295095859562, 0.011025190581524503, 0.010035782611771012, 0.009050172001160435, 0.008180128301897223, 0.009208805834229748, 0.01055718862684316, 0.011699874874875013, 0.012838763763763942, 0.013954874874875092, 0.014319319319319578, 0.014319319319319547, 0.014032932932933163, 0.01652094594594582, 0.016858108108107988, 0.016858108108107978, 0.016858108108107984, 0.016858108108107978, 0.016858108108107978, 0.016794395432435286, 0.015748759439005198, 0.014132611574202881, 0.012210015760450795, 0.009980972026738892, 0.007561885448542175, 0.006167030651181469, 0.006493098736204083, 0.007471500355762078, 0.008756349895279876, 0.010294954954955192, 0.01179110723313189, 0.012137137137137474, 0.01189439439439473, 0.007936136136136113, 0.008083251532304186, 0.00792915053145255, 0.00825360712376306, 0.00905602868458977, 0.009611503653174865, 0.009753185586770763, 0.009606581469434468, 0.008561317189054405, 0.006750739662968722, 0.005716305706016559, 0.005286880327332565, 0.005375816850861875, 0.006738085246574402, 0.008589334304926508, 0.0099113863863867, 0.011055280280280515, 0.012107644212581349, 0.012313563563563713, 0.012067292292292444, 0.008430918418418263, 0.008588973633797183, 0.008189725333298158, 0.0073561700980058434, 0.006209659921060909, 0.005408934605810854, 0.005164986045764131, 0.005707121144892038, 0.006870215517379486, 0.008344928897527748, 0.009473857415981127, 0.010189340862600534, 0.011227973851252454, 0.012201311311311209, 0.013170280280279913, 0.014139249249248611, 0.014977213613612747, 0.015088838838837977, 0.015088838838837944, 0.014787062062061191, 0.01039962462462378, 0.01062736266017231, 0.010940420777131036, 0.0112846803046471, 0.01152760531399941, 0.011663733463049837, 0.011679425090372206, 0.011279195045029047, 0.010670889224283229, 0.009990875148248599, 0.009239152816925132, 0.008430132845666858, 0.007644698819692669, 0.006950753738152102, 0.006386454027625888, 0.005996034596285649, 0.0056786319432497075, 0.0054032657527649935, 0.00527143822850281, 0.005058159239702618, 0.007936136136136113, 0.008082651365656128, 0.007851105738431544, 0.00786902234209399, 0.008252378041142502, 0.008817894182974184, 0.009532728427215805, 0.010598197002822541, 0.01150898252693417, 0.011883570799167206, 0.011828787757203871, 0.011391024115927802, 0.010570279875339018, 0.009430714599780319, 0.00837289837602112, 0.0075605332441208515, 0.006846420535145111, 0.0062899413954477235, 0.006075509860790903, 0.0057841366133985625, 0.008430918418418263, 0.008590496817435973, 0.008387797905653216, 0.008332221081615982, 0.008531559555452496, 0.008717375793077502, 0.008691622698273468, 0.008627128425078512, 0.008214281406318512, 0.007770049838317565, 0.00798651493652601, 0.008865462657078958, 0.010013343320298516, 0.011369097338851001, 0.012497248691273609, 0.012975338326411037, 0.012495948448447858, 0.011662055005579788, 0.011214338913139686, 0.010403583718638936, 0.010219369369369164, 0.010427051117341178, 0.010442812039787603, 0.010573568592864123, 0.010839967355424506, 0.011241883290356587, 0.011675571863904265, 0.011850695328855488, 0.011624784280836686, 0.010977035525180721, 0.009907661867705815, 0.008574507493318067, 0.00750072595866094, 0.006798048482706174, 0.006412291494554648, 0.0063121512190996215, 0.006295790944025278, 0.006171638378562864, 0.00607408406007782, 0.0057841366133985625, 0.01039962462462378, 0.010626591187055882, 0.01084009954154129, 0.010790322910737815, 0.010318331387067775, 0.009419489472695945, 0.008080864132598665, 0.006590565159789703, 0.006344463045741596, 0.006454096728669074, 0.006762691515202077, 0.007270438479689646, 0.007565702600642608, 0.006851440342153786, 0.006480382216930669, 0.0066798811465715235, 0.007108163144121863, 0.007684451441091548, 0.008248508907601211, 0.00848880771210574, 0.008430918418418263, 0.008591005080007185, 0.008453891626953551, 0.008657914038084516, 0.009313391278044574, 0.009930280466689714, 0.010140521498741293, 0.010048410252623905, 0.00919392473574614, 0.00747277097137683, 0.00591297283207276, 0.00510181031784701, 0.004832889147065093, 0.0059867442929107985, 0.007794537934437232, 0.009479564002213337, 0.010833133133133426, 0.012071289603908682, 0.012313563563563713, 0.012067292292292444, 0.010219369369369164, 0.01042617463118765, 0.010328835062460818, 0.010011919195847653, 0.009466086878957867, 0.008692525939806852, 0.00777168845195456, 0.007003156688335565, 0.0064897773270767055, 0.005944315555306703, 0.005273368032222905, 0.004873267858325051, 0.00636725179889316, 0.008130756372127585, 0.010154232642969416, 0.012530923287386274, 0.014785588388387512, 0.015088838838837977, 0.015088838838837944, 0.014787062062061191, 0.007936136136136113, 0.008081862057219526, 0.007748465223894867, 0.007363236134641748, 0.007130005418664669, 0.0073195552005952515, 0.008003700355615165, 0.009120936809452264, 0.009910473441679524, 0.010115403592154352, 0.009470702854019714, 0.007919224083367779, 0.006103510389358529, 0.006174134738333196, 0.0070455283969285834, 0.008343772446225762, 0.010068485318727267, 0.011939611139038474, 0.012313563563563713, 0.012067292292292444]","{'complete inhibition': 0, 'adapting inhibition': 1, 'partial inhibition': 2, 'no effect': 3, 'excitation': 4, 'biphasic IE': 5, 'biphasic EI': 6}",2.8,0.32707591658270435,0.16154166666666495,0.4336950000000016,0.8247574999999998,4.0,0.5016743600356559,0.18081362500000311,0.28424499999999,0.8174899999999908,True,1.3,"[1.  1.  1.  1.  0.8 1.  0.8 0.8 1.  1.  0.8 0.8 1.  1.  1.2 1.2 1.2 1.
 1.  1.2]",4.158314496524076,1.0369863074486683,0.24011709677419354,3.305326907493496,1.0644389467690298,0.299553048780488,,,no effect,3
121,AG7499,1,011322,1.4,2,Naive,116,4,right,/Users/johnparker/paper_repos/Aristieta_Parker_Gao_Gittis_Rubin_2024_D1_GPe/data/d1_msns/pre_processed_data/Naive_D1-MSNs_cell_body_stim/Neuron_0116,/Users/johnparker/paper_repos/Aristieta_Parker_Gao_Gittis_Rubin_2024_D1_GPe/data/d1_msns/pre_processed_data/Naive_D1-MSNs_cell_body_stim,Naive_D1-MSNs_cell_body_stim,True,25,250,0.025,/Users/johnparker/paper_repos/Aristieta_Parker_Gao_Gittis_Rubin_2024_D1_GPe/data/d1_msns/processed_data/Naive_D1-MSNs_cell_body_stim/Neuron_0116,10,0.05,"['excitation', 'biphasic EI', 'biphasic EI', 'biphasic IE', 'excitation', 'biphasic EI', 'excitation', 'excitation', 'excitation', 'biphasic EI']",[4 6 6 5 4 6 4 4 4 6],1.0,1.0,1.0,0.0,99,90,3,3,2,2,"[2.68774161e-09 2.68822476e-09 2.70869283e-09 ... 2.24515894e+00
 2.26448556e+00 2.29062679e+00]",[0.00123044 0.00128935 0.00129001 ... 0.01325874 0.01347102 0.01348599],"{'complete inhibition': 0, 'adapting inhibition': 1, 'partial inhibition': 2, 'no effect': 3, 'excitation': 4, 'biphasic IE': 5, 'biphasic EI': 6}",22.2,0.4298474903735192,0.04653110429182518,0.036450000000007775,0.9724700000000084,38.1,0.9385142305304978,0.02557089244207081,0.06473749999999825,0.9626000000000033,True,4.9,"[0.6 0.6 0.7 1.2 1.2 1.4 1.6 1.9 1.7 1.4 1.3 1.3 1.1 1.1 1.5 1.3 1.3 1.1
 1.2 1.2]",22.56928713312859,0.3335405965009103,0.044291704675028506,18.86771840058814,0.6444036785254026,0.052993042291950836,1.5838218873445822,0.004321985527515325,excitation,4
122,AG8020,1,062822,1.7,3,Naive,129,7,right,/Users/johnparker/paper_repos/Aristieta_Parker_Gao_Gittis_Rubin_2024_D1_GPe/data/d1_msns/pre_processed_data/Naive_D1-MSNs_cell_body_stim/Neuron_0129,/Users/johnparker/paper_repos/Aristieta_Parker_Gao_Gittis_Rubin_2024_D1_GPe/data/d1_msns/pre_processed_data/Naive_D1-MSNs_cell_body_stim,Naive_D1-MSNs_cell_body_stim,True,25,250,0.025,/Users/johnparker/paper_repos/Aristieta_Parker_Gao_Gittis_Rubin_2024_D1_GPe/data/d1_msns/processed_data/Naive_D1-MSNs_cell_body_stim/Neuron_0129,10,0.05,"['complete inhibition', 'complete inhibition', 'complete inhibition', 'complete inhibition', 'complete inhibition', 'complete inhibition', 'complete inhibition', 'complete inhibition', 'complete inhibition', 'complete inhibition']",[0 0 0 0 0 0 0 0 0 0],1.0,1.0,1.0,0.0,99,90,3,3,2,2,[],[],"{'complete inhibition': 0, 'adapting inhibition': 1, 'partial inhibition': 2, 'no effect': 3, 'excitation': 4, 'biphasic IE': 5, 'biphasic EI': 6}",18.2,0.7454696161841241,0.05772839178215124,0.025155000000015092,0.9526650000000089,0.3,0.0,0.0,0.7005550000000091,0.7005550000000091,True,0.0,[1. 1. 1. 1. 1. 1. 1. 1. 1. 1. 1. 1. 1. 1. 1. 1. 1. 1. 1. 1.],15.2080163948854,1.2231699330718948,0.06544096026490066,10.058211901379233,1.3279759579440398,0.08322224448897804,,,complete inhibition,0
123,AG7499,1,011322,1.4,4,Naive,120,15,left,/Users/johnparker/paper_repos/Aristieta_Parker_Gao_Gittis_Rubin_2024_D1_GPe/data/d1_msns/pre_processed_data/Naive_D1-MSNs_cell_body_stim/Neuron_0120,/Users/johnparker/paper_repos/Aristieta_Parker_Gao_Gittis_Rubin_2024_D1_GPe/data/d1_msns/pre_processed_data/Naive_D1-MSNs_cell_body_stim,Naive_D1-MSNs_cell_body_stim,True,25,250,0.025,/Users/johnparker/paper_repos/Aristieta_Parker_Gao_Gittis_Rubin_2024_D1_GPe/data/d1_msns/processed_data/Naive_D1-MSNs_cell_body_stim/Neuron_0120,10,0.05,"['complete inhibition', 'complete inhibition', 'complete inhibition', 'complete inhibition', 'complete inhibition', 'complete inhibition', 'complete inhibition', 'complete inhibition', 'complete inhibition', 'complete inhibition']",[0 0 0 0 0 0 0 0 0 0],1.0,1.0,1.0,0.0,99,90,3,3,2,2,[],[],"{'complete inhibition': 0, 'adapting inhibition': 1, 'partial inhibition': 2, 'no effect': 3, 'excitation': 4, 'biphasic IE': 5, 'biphasic EI': 6}",8.0,0.8664251650338131,0.12152780005411165,0.11311750000001126,0.8799975000000032,0.0,0.0,0.0,1.0,1.0,True,0.0,[1. 1. 1. 1. 1. 1. 1. 1. 1. 1. 1. 1. 1. 1. 1. 1. 1. 1. 1. 1.],7.846752263318386,0.9544908122644534,0.1271338110403397,7.96312358925743,1.1121128059161525,0.08570198744769876,,,complete inhibition,0
124,AG7499,1,011322,1.4,1,Naive,127,7,right,/Users/johnparker/paper_repos/Aristieta_Parker_Gao_Gittis_Rubin_2024_D1_GPe/data/d1_msns/pre_processed_data/Naive_D1-MSNs_cell_body_stim/Neuron_0127,/Users/johnparker/paper_repos/Aristieta_Parker_Gao_Gittis_Rubin_2024_D1_GPe/data/d1_msns/pre_processed_data/Naive_D1-MSNs_cell_body_stim,Naive_D1-MSNs_cell_body_stim,True,25,250,0.025,/Users/johnparker/paper_repos/Aristieta_Parker_Gao_Gittis_Rubin_2024_D1_GPe/data/d1_msns/processed_data/Naive_D1-MSNs_cell_body_stim/Neuron_0127,10,0.05,"['complete inhibition', 'complete inhibition', 'complete inhibition', 'complete inhibition', 'complete inhibition', 'complete inhibition', 'complete inhibition', 'complete inhibition', 'complete inhibition', 'complete inhibition']",[0 0 0 0 0 0 0 0 0 0],1.0,1.0,1.0,0.0,99,90,3,3,2,2,[],[],"{'complete inhibition': 0, 'adapting inhibition': 1, 'partial inhibition': 2, 'no effect': 3, 'excitation': 4, 'biphasic IE': 5, 'biphasic EI': 6}",13.6,0.3237279551848428,0.052143167275720714,0.19459999999999056,0.7683649999999951,0.2,0.0,0.0,0.8004874999999998,0.8004874999999998,True,0.0,[1. 1. 1. 1. 1. 1. 1. 1. 1. 1. 1. 1. 1. 1. 1. 1. 1. 1. 1. 1.],21.581139677705927,0.5330012616292163,0.0463356334841629,0.5366824486543298,1.1309557392531968,1.1619601562500002,,,complete inhibition,0
125,AG7499,1,011322,1.4,2,Naive,118,9cell1,right,/Users/johnparker/paper_repos/Aristieta_Parker_Gao_Gittis_Rubin_2024_D1_GPe/data/d1_msns/pre_processed_data/Naive_D1-MSNs_cell_body_stim/Neuron_0118,/Users/johnparker/paper_repos/Aristieta_Parker_Gao_Gittis_Rubin_2024_D1_GPe/data/d1_msns/pre_processed_data/Naive_D1-MSNs_cell_body_stim,Naive_D1-MSNs_cell_body_stim,True,25,250,0.025,/Users/johnparker/paper_repos/Aristieta_Parker_Gao_Gittis_Rubin_2024_D1_GPe/data/d1_msns/processed_data/Naive_D1-MSNs_cell_body_stim/Neuron_0118,9,0.05,"['complete inhibition', 'complete inhibition', 'complete inhibition', 'complete inhibition', 'complete inhibition', 'complete inhibition', 'complete inhibition', 'complete inhibition', 'complete inhibition']",[0 0 0 0 0 0 0 0 0],1.0,1.0,1.0,0.0,99,90,3,3,2,2,[],[],"{'complete inhibition': 0, 'adapting inhibition': 1, 'partial inhibition': 2, 'no effect': 3, 'excitation': 4, 'biphasic IE': 5, 'biphasic EI': 6}",9.666666666666666,0.47578961857411683,0.085312157738095,0.29208333333332664,0.8498749999999942,1.3333333333333333,0.21488677714708732,0.08983055555555335,0.6742777777777731,0.8432777777777668,True,0.0,[1. 1. 1. 1. 1. 1. 1. 1. 1. 1. 1. 1. 1. 1. 1. 1. 1. 1. 1. 1.],32.2420533183472,0.4292662858736065,0.03101219450101833,1.4603270968615274,1.6185460196263355,0.4122011363636366,,,complete inhibition,0
126,AG7499,1,011322,1.4,3,Naive,105,9cell2,right,/Users/johnparker/paper_repos/Aristieta_Parker_Gao_Gittis_Rubin_2024_D1_GPe/data/d1_msns/pre_processed_data/Naive_D1-MSNs_cell_body_stim/Neuron_0105,/Users/johnparker/paper_repos/Aristieta_Parker_Gao_Gittis_Rubin_2024_D1_GPe/data/d1_msns/pre_processed_data/Naive_D1-MSNs_cell_body_stim,Naive_D1-MSNs_cell_body_stim,True,25,250,0.025,/Users/johnparker/paper_repos/Aristieta_Parker_Gao_Gittis_Rubin_2024_D1_GPe/data/d1_msns/processed_data/Naive_D1-MSNs_cell_body_stim/Neuron_0105,10,0.05,"['adapting inhibition', 'excitation', 'no effect', 'adapting inhibition', 'adapting inhibition', 'adapting inhibition', 'adapting inhibition', 'biphasic EI', 'excitation', 'biphasic IE']",[1 4 3 1 1 1 1 6 4 5],1.0,1.0,1.0,0.0,99,90,3,3,2,2,"[2.39646161e-95 3.43117808e-78 9.03586940e-63 ... 2.07806151e+00
 2.08042123e+00 2.13284263e+00]",[0.00150929 0.00155336 0.0016711  ... 0.02838964 0.02838964 0.02838964],"{'complete inhibition': 0, 'adapting inhibition': 1, 'partial inhibition': 2, 'no effect': 3, 'excitation': 4, 'biphasic IE': 5, 'biphasic EI': 6}",13.3,0.7354830301202968,0.07138900702769482,0.072607500000003,0.9021350000000077,16.4,0.8387867353123664,0.057787374459970495,0.10271749999999927,0.9661875000000102,True,2.7,"[0.7 0.6 0.6 0.3 0.2 0.2 0.2 0.1 0.1 0.1 0.2 0.2 0.2 0.4 0.  0.  0.2 0.8
 0.7 1.1]",9.539244245681697,0.9313324631982981,0.10424245283018867,14.334509498215239,0.8403324513993476,0.06968646953405014,1.2929015381291575,0.009243989239860445,no effect,3
127,AG7499,1,011322,1.4,3,Naive,102,6,right,/Users/johnparker/paper_repos/Aristieta_Parker_Gao_Gittis_Rubin_2024_D1_GPe/data/d1_msns/pre_processed_data/Naive_D1-MSNs_cell_body_stim/Neuron_0102,/Users/johnparker/paper_repos/Aristieta_Parker_Gao_Gittis_Rubin_2024_D1_GPe/data/d1_msns/pre_processed_data/Naive_D1-MSNs_cell_body_stim,Naive_D1-MSNs_cell_body_stim,True,25,250,0.025,/Users/johnparker/paper_repos/Aristieta_Parker_Gao_Gittis_Rubin_2024_D1_GPe/data/d1_msns/processed_data/Naive_D1-MSNs_cell_body_stim/Neuron_0102,10,0.05,"['adapting inhibition', 'excitation', 'biphasic IE', 'biphasic IE', 'biphasic IE', 'biphasic IE', 'no effect', 'excitation', 'excitation', 'biphasic IE']",[1 4 5 5 5 5 3 4 4 5],1.0,1.0,1.0,0.0,99,90,3,3,2,2,"[7.94793288e-06 8.14694991e-06 1.33805687e-05 ... 2.66079576e+00
 2.74575201e+00 2.79285204e+00]",[0.00117556 0.00119674 0.00120779 ... 0.00578105 0.00586434 0.00632753],"{'complete inhibition': 0, 'adapting inhibition': 1, 'partial inhibition': 2, 'no effect': 3, 'excitation': 4, 'biphasic IE': 5, 'biphasic EI': 6}",25.1,0.5985878836681987,0.03893145322881724,0.046882499999997405,0.9670225000000066,29.7,0.8941329577115427,0.032166460737329164,0.07127749999999722,0.9774174999999985,True,4.1,"[0.7 0.6 0.5 0.5 0.4 0.2 0.2 0.8 0.6 0.2 0.8 0.2 0.2 0.8 0.8 0.  0.2 0.4
 0.6 0.3]",21.84842513971705,0.7703262040197338,0.045733308714918756,20.81647000396658,0.7883221141235492,0.03638000000000001,1.9639877491860462,0.0033713330812147825,biphasic IE,5
128,AG8020,1,062822,1.4,8,Naive,134,13,left,/Users/johnparker/paper_repos/Aristieta_Parker_Gao_Gittis_Rubin_2024_D1_GPe/data/d1_msns/pre_processed_data/Naive_D1-MSNs_cell_body_stim/Neuron_0134,/Users/johnparker/paper_repos/Aristieta_Parker_Gao_Gittis_Rubin_2024_D1_GPe/data/d1_msns/pre_processed_data/Naive_D1-MSNs_cell_body_stim,Naive_D1-MSNs_cell_body_stim,True,25,250,0.025,/Users/johnparker/paper_repos/Aristieta_Parker_Gao_Gittis_Rubin_2024_D1_GPe/data/d1_msns/processed_data/Naive_D1-MSNs_cell_body_stim/Neuron_0134,10,0.05,"['biphasic EI', 'partial inhibition', 'excitation', 'no effect', 'no effect', 'no effect', 'partial inhibition', 'biphasic EI', 'biphasic EI', 'excitation']",[6 2 4 3 3 3 2 6 6 4],1.0,1.0,1.0,0.0,99,90,3,3,2,2,"[1.12673963e-137 1.12673963e-137 1.12673963e-137 ... 2.42348545e+000
 2.57697231e+000 2.86127482e+000]",[0.00119762 0.00119793 0.00120927 ... 0.03372497 0.03372497 0.03372497],"{'complete inhibition': 0, 'adapting inhibition': 1, 'partial inhibition': 2, 'no effect': 3, 'excitation': 4, 'biphasic IE': 5, 'biphasic EI': 6}",18.3,0.6659766645425658,0.06336694928025419,0.033029999999997985,0.9088650000000079,19.1,0.8053140770515638,0.050029363350769726,0.05070499999999285,0.9195674999999917,True,3.9,"[0.7 0.4 0.  0.2 0.4 0.2 0.2 0.5 0.1 0.3 0.5 0.5 0.5 0.7 0.5 0.3 0.2 0.2
 0.4 0.5]",21.393540557360613,0.8804597070380594,0.04676855394032134,7.212959775073418,0.9900322349284902,0.13025818181818172,1.6106285759292187,0.008246067876454577,no effect,3
129,AG8020,1,062822,1.4,1,Naive,133,8,right,/Users/johnparker/paper_repos/Aristieta_Parker_Gao_Gittis_Rubin_2024_D1_GPe/data/d1_msns/pre_processed_data/Naive_D1-MSNs_cell_body_stim/Neuron_0133,/Users/johnparker/paper_repos/Aristieta_Parker_Gao_Gittis_Rubin_2024_D1_GPe/data/d1_msns/pre_processed_data/Naive_D1-MSNs_cell_body_stim,Naive_D1-MSNs_cell_body_stim,True,25,250,0.025,/Users/johnparker/paper_repos/Aristieta_Parker_Gao_Gittis_Rubin_2024_D1_GPe/data/d1_msns/processed_data/Naive_D1-MSNs_cell_body_stim/Neuron_0133,10,0.05,"['complete inhibition', 'complete inhibition', 'partial inhibition', 'partial inhibition', 'partial inhibition', 'complete inhibition', 'complete inhibition', 'complete inhibition', 'complete inhibition', 'partial inhibition']",[0 0 2 2 2 0 0 0 0 2],1.0,1.0,1.0,0.0,99,90,3,3,2,2,"[1.2670113015405213, 1.7677320365371854, 1.650268702090334, 1.468481686544661, 1.873294195720735, 1.7625525870677516, 1.568617405986216, 1.8410739436065073, 2.0287679642319207, 1.0265629612871436, 0.6143154522604231, 0.9371762607529758, 0.8816274679181152, 0.6945055872987507, 1.3839307967776824, 1.4878632345042822, 1.6023877990621764, 2.184596467045152, 1.5361130681103676, 0.18935806171311098, 1.2347561842140256, 0.6331581868986101, 1.0235886074984601, 0.8566653899871219, 1.0002791473779207, 1.6910202483550036, 2.4768280838665353, 1.7557569756986464, 1.6218828668490024, 1.6390906640229392, 2.2889524590770507, 2.1506708002417634, 1.3989039937138452, 0.9132551600578155, 1.1042767844170733, 1.5586352794828588, 1.7759976948534286, 1.6122937847365253, 0.9394524555807847, 0.06647658522186016, 1.4445802153291691, 1.780362375166847, 1.6801464389159946, 1.1667607907624096, 1.3457167699808323, 1.3293657318409302, 1.1295914575520425, 1.5176492019881647, 1.241387197944028, 1.264103429078973, 1.4537289486852205, 2.142923406440278, 2.5756290270095175, 0.8502277974818796, 1.3484223078259012, 2.331543150925753, 1.8477006350327072, 0.5384631677289173, 0.6605105072819873, 0.09129150752957606, 1.6540937764564934, 1.803318423625311, 1.4247568779325828, 1.7345113377364496, 1.7712242741690585, 2.0040108932233416, 1.7470412795754526, 0.759711559402157, 1.2106561230188282, 1.1621796479535924, 1.3278026400740168, 1.2936819746358517, 1.5782845875248117, 1.8222779764106969, 0.690853004631574, 1.0670481498699007, 1.7692790037832937, 2.1002315640116764, 0.7746349180913714, 0.0356386397492821, 1.8821173998834868, 2.8312435554517554, 1.9258061871173164, 1.4923972446200147, 1.520716336247263, 1.2104923959741416, 1.3833487153494637, 1.094336317801078, 1.7059792571498715, 1.6755449260538817, 1.5456279473507237, 0.6275967812775258, 1.0979868363055116, 0.7252864836982148, 1.0413296398800214, 1.9507575909293198, 1.1871184244341424, 1.401328570297754, 1.247349798750344, 0.14714630759640338, 0.9602086310392433, 1.3172790527046425, 1.4073228191456375, 1.93104743665293, 1.0381277479574766, 1.156136429821463, 1.6030192611290626, 1.8171884579509738, 1.9101190454001375, 1.2581464116775871, 0.6077676216308587, 1.3492536254556602, 1.654212587351317, 1.6921561119302173, 1.775372741252126, 0.5782096043853178, 1.1383432496712658, 2.03613651631158, 2.057692901198944, 0.4865137386560932, 0.9503534026522072, 1.0514382945625824, 1.6517603484610812, 1.658329192132337, 1.7175657055533755, 1.9092422813128183, 2.0014216668484677, 2.0393114228148113, 1.2656731268996302, 1.1521685986918013, 1.4750534501456665, 2.2669687263467506, 2.3723821847708955, 1.954521053774956, 0.6432206003390759, 0.6682821413728622, 0.7852524263802739, 1.4311112786436733, 0.7534833589839677, 0.036406781733952676, 1.2294625854682566, 1.164530294343536, 1.4334051007581983, 0.8607232630004663, 0.8664210309778976, 1.6872918737073777, 1.3271498174675014, 0.5651136590059245, 1.24320169678756, 1.0314630139001748, 0.9288000246666571, 1.1722781819346657, 1.4740643772728903, 2.1259831018026953, 2.1405078079333397, 1.6878338817031917, 1.8534165955509219, 1.8511481718090246, 2.3709199984348643, 0.7210078916412801, 1.3830974374109801, 1.3859692342440821, 1.0216028627029472, 1.4257877142659008, 1.8831749252379433, 2.1953813970342813, 2.1255719838930323, 1.4495592806049478, 1.590046607781671, 1.4464112572846322, 0.8115347371753481, 1.1157574044783918, 2.9436649771440555, 2.1945163217624333, 1.3953424099810283, 1.3567067005640272, 1.0598938594914589, 0.7937803880860199, 0.16154060631651582, 0.0014102030469093168, 1.0116602841886082, 0.7856398576565256, 1.0074077597412967, 1.2376547886855302, 1.9707205930240324, 2.483789352682227, 1.702630581533172, 1.7534089530032475, 1.3744506827285066, 0.5816883281375314, 1.2090772679691746, 1.7070498607020193, 2.2595964643324913, 1.6014091417488152, 1.0619535235669297, 1.3719038764786884, 1.574555895649373, 1.4460872195105485, 1.4114844657323473, 0.2256399376854083, 0.7613875995431775, 0.9257594732002564, 1.0803397728609705, 1.0216447902378782, 0.990057545202262, 0.9561523502542811, 1.1190847342316943, 0.9594820597496045, 0.7834613974462855, 1.5578244069669331, 2.0173005841161955, 1.748040989929649, 1.6546072887615204, 1.1204973768858115, 1.4620315875354326, 1.3619329329328163, 1.680647137819301, 1.7226624272770512, 1.8778221481987023, 0.9385044967427169, 1.03534054016831, 1.0151772209249565, 1.349406315890594, 1.6068459530486896, 1.9693342162843996, 2.2113058105711536, 1.7392158555644883, 1.182202544763559, 1.167369716675344, 1.2394930938243545, 1.5746192349521086, 1.1862382790509047, 1.081507879213861, 1.3038535667241544, 1.2533302043346632, 1.5008040461740868, 0.6927494659533503, 1.3224811482521448, 0.9544255812887956, 0.41636333586310176, 0.8480244359988699, 1.5831186013817127, 1.2923783592684945, 0.7693122821154255, 1.6051083316299277, 1.311912693551943, 1.4037955634120751, 1.3957338658811735, 1.3333021566721779, 1.2580596147890277, 0.99654244026321, 1.439775403188427, 1.1226476777641636, 1.5234312089842295, 1.0854226226095682, 1.2320952643375458, 1.569679173637344, 1.82198419270881, 1.4759619167407947, 0.7262121562911531, 1.1750012967844226, 1.2392768771226128, 0.9434681237756407, 1.6030270220144318, 1.5882316061902293, 1.1112964172910393, 1.180157938550434, 1.6252401578138427, 0.9972018522617911, 1.3476607238619258, 1.4295296201723837, 1.0710419327561422, 1.518044396632176, 1.4410977739846933, 1.893455325712338, 1.3521932158280865, 1.5165207931151763, 1.925338192053189, 0.8003921975334842, 0.048048516428815594, 1.2304278618981825, 1.5827067723436878, 1.428708320556408, 1.5028224083315078, 1.4367575816801006, 1.7632955012976141, 1.5647841640135043, 1.347315985615408, 1.2404051131429374, 1.06520390496387, 1.7451840744022513, 1.3486715429545495, 0.8649809003042145, 0.702983703209714, 1.0335745325077887, 1.2482960678589496, 1.5356713847887007, 1.2642296525574037, 1.3674181587850724, 0.5166890883547122, 1.2258832167012694, 1.17284306605373, 1.661913996552352, 1.4326247298095616, 1.4846149525847498, 1.6889770397291386, 1.6309868082722974, 1.3502455184995488, 1.4704713625301127, 1.8441628367687835, 1.6841503744119788, 0.9688233342386217, 0.9358590304260824, 1.3156298936294948, 0.9087103409869428, 0.701174093729989, 0.9369225547240825, 1.488177550501836, 1.5001477026318037, 0.37962695739785784, 0.7772428144304324, 0.9661938166904384, 1.432204636626979, 1.1298848037285527, 0.635684539330193, 0.9200600252194259, 1.4471784499443858, 1.4339711155825334, 1.3522957068613697, 1.7376984004462042, 1.3073093720375155, 1.5138917045919025, 1.9725629176396415, 1.499109591052547, 0.9384693202134227, 1.423367817239682, 1.3741111817012122, 1.2158447196892574, 1.6863605423844015, 0.9943092965767032, 1.2163213593762954, 1.0123848420253683, 1.0978244210501007, 0.8927610694270571, 1.2463304030132125, 1.6442553382919347, 1.290513902327786, 1.0373581942348487, 1.2404311595733992, 1.8475779522489468, 1.2570098580350437, 1.1414746907125404, 1.3131155276463737, 1.645068894445474, 1.3349715892965288, 1.383529415595873, 2.0016417690680814, 1.163852578611659, 0.913852457305206, 0.9990924843194283, 0.8553973978294659, 1.1146796900529268, 0.9511681615299554, 0.8601192014111995, 1.1669720675411464, 1.7862181623587172, 1.5537046883682686, 1.5466548929566133, 1.0069813649339006, 0.9180757170746371, 1.015477256750863, 1.3346440401732786, 1.8896123334920858, 1.6119972607591349, 0.8234607668587891, 1.7287528795537292, 1.5976316970201678, 1.7947715107970303, 1.496032304706043, 0.7121887906521464, 1.2782054962234426, 1.542944535625762, 1.3989492577451146, 1.716520311171728, 1.7488408563585836, 1.181653528019713, 0.9715370561894987, 0.8709296538831734, 0.9972748799369068, 1.0295342945113153, 1.1343537545024807, 1.5149554658451778, 1.094648048430214, 1.4774192343668027, 1.390331772352061, 1.8426918949294353, 1.8373605925471814, 0.8211445840158937, 0.9747868738557147, 0.8798420106059326, 1.0309509288035434, 1.343931418501853, 1.245192939247187, 1.2913919772442264, 1.3043631604077282, 1.1010183478987596, 0.8582850064460951, 1.3990278743270077, 1.6615369935963094, 1.3864849825209804, 1.4997354267039567, 1.1541882028906452, 1.3480380822107079, 1.4391169184171173, 1.525719600744798, 1.967345057766814, 2.452147717475437, 1.5774214301866571, 0.8937147822955311, 0.22983161167542746, 1.3356050362586234, 1.5181354995691856, 1.3869821493571863, 1.1099202458213826, 1.5600725187882492, 1.5469388313860117, 1.424393153755649, 1.4946207634222235, 1.464439960666098, 1.4307449224059117, 1.518354994787629, 1.164116864637569, 1.3313616753109858, 1.2696148838760113, 1.2739477161728405, 1.6716322398906023, 1.5840360245108733, 1.2747283528585618, 0.814474467280656, 0.47068226452217693, 1.1804017367644792, 1.3816275613470677, 1.3675902386673766, 1.7797319649659356, 1.4907134125724277, 1.1451687614708346, 1.0812441848133612, 1.1508198497644166, 1.2734136644275664, 1.4892859089334014, 1.7973340586203, 1.927769375997989, 1.6597588762988327, 1.4688280513536736, 1.62241481045133, 1.5527349863733988, 1.0084070503754798, 1.2629717578872057, 0.8646130007951099, 0.18929644421048344, 1.4891449227616416, 1.930608863442443, 1.4484053839346613, 1.5193141630246452, 1.4444990054367406, 1.1698834697371645, 1.2770741615076122, 1.4397614426074405, 1.246692020439849, 1.2887004462144542, 1.530157626616452, 1.4576856802876936, 1.2902758553855855, 1.4252158113861908, 1.2124801087096209, 1.526657986369007, 1.0901953087760525, 1.2320118983275201, 1.3702524876548792, 0.2717196079797664, 1.0624968683243232, 1.7024816393928939, 1.5620679065617207, 1.1832004928456321, 0.9151023792891806, 1.3039046399650172, 1.6099113289165543, 2.2908966351356668, 1.715290628566432, 1.0445033555419954, 1.1495786127370107, 1.4252537140953367, 1.6928108157009396, 1.5654058004613578, 1.3007847538692348, 1.2977250371157791, 1.3845215031320428, 1.2931179864427942, 0.9502330592420286, 0.2599492675173598, 1.283247219994783, 1.8277029949231702, 1.4225767771630546, 1.2947559226144125, 1.3931416453440142, 1.4409487904116038, 1.4511729757211074, 1.7561437298666696, 1.6276612449646253, 1.1886433581675693, 0.9055702369223693, 1.1669386161590507, 1.5382719448308027, 1.3289216184554486, 1.458743950203962, 1.4558628015982606, 1.5927181963138766, 1.4480188533997929, 1.0119219238940436, 0.10482694332911721, 1.5841469574442897, 1.4694971918194561, 1.4587216946128192, 1.3036672622188648, 1.3783658220123562, 1.3437886655991162, 1.2141972295140229, 1.5799508808581737, 1.1187379506857276, 1.0891443601639916, 1.678414054413409, 1.6750748380312235, 1.747063033506419, 1.2547158883413025, 1.4081465711603531, 1.1205413913150613, 1.2598922534638988, 1.3039581950383439, 1.2705806050604336, 0.3347751311478672, 0.892080224758645, 1.3160239686362787, 1.5163211071346787, 1.397543147783637, 1.3033865557058135, 1.2423925202928996, 1.2134512867473828, 1.6549759656135734, 1.6969099331031106, 1.347646254063046, 1.605316891165183, 1.6366672779185556, 1.5948420240991816, 1.574742158065666, 0.9712100529275266, 1.2885945572794364, 1.4710763764867083, 1.6483772111735413, 1.1951193882691953, 0.15187415261036555, 1.2473572400886357, 1.9394604366368202, 1.7420342538718552, 1.3989085567119097, 1.0083349901256728, 1.1185814580068976, 1.1325774075501216, 0.965454032731695, 1.3729359768054132, 1.5708080544723706, 1.8484982343795773, 1.7015890126574547, 1.6980359064153572, 1.3032704617870832, 1.2092158259872559, 1.334471609725992, 1.432725729783293, 1.3311220187262105, 1.1743707311034932, 0.16987940242118307, 1.3453993796831873, 1.6072984753632371, 1.8663918189128466, 1.6115863453351118, 1.285212015369742, 1.2665684719809707, 1.3326216013783434, 1.6371887479420146, 1.3614439085887635, 1.708270164545063, 1.3234716138805316, 1.5630366446542099, 1.418094437850259, 1.4556591749694028, 1.281378069197519, 1.4174235372811486, 1.2012790668205615, 0.9212491613061379, 0.8888374713487655, 0.18291918998180826, 0.8822116817970534, 1.417470030973279, 1.577526311294107, 1.478670509983318, 1.305023673192569, 0.34144271293609485, 0.8685860387914859, 1.3996830723382307, 1.37393270491747, 0.904239334888974, 1.3283814891290953, 1.4704913021005481, 1.102880345385013, 1.1422204991502902, 0.9060484797430292, 1.4499379085047348, 1.512457571220275, 1.2698677057384709, 0.9791042877676065, 0.1892193390568651, 0.9312001247429695, 1.7545366638637365, 1.994606980245074, 1.4814834939460868, 0.8642902645350142, 1.0919915445271042, 1.234434392344319, 1.1592642115484582, 0.42699263611456256, 0.859157939307987, 1.5467208063374154, 1.381457741727204, 1.0121402903177292, 0.9417129550456397, 1.3126715415255032, 1.3840771662279892, 1.3936157853668096, 1.3917817424149272, 0.6940959278723228, 0.044412858069758386, 0.7305615171332016, 1.1953790289866575, 1.634478394576667, 1.2723890495083656, 1.1845694086087977, 1.3148837784927174, 1.2228456645880001, 0.930504369291755, 1.5428499093979082, 1.5180085513641377, 1.5034918144427676, 1.6488117305032093, 1.5637246332612944, 0.6400013744353683, 0.6542825287131728, 1.4683757439737457, 0.9250440832375337, 0.9876301097471355, 0.8680512124517549, 0.09806425852518925, 0.7882028076511804, 1.4348347136351287, 1.3058809472152841, 0.8750668119091757, 1.4444983269202751, 1.7040292010289053, 1.5248564672464209, 1.3567688091189447, 1.5077393913082529, 1.4247864054737847, 1.4181848515458086, 0.9674958498695568, 0.3083140054766627, 1.048388720800132, 1.4167439094166043, 1.241768148688101, 1.0517535603959853, 1.2681052173346243, 0.7330419669934651, 0.0830919877179795, 0.8458372120341399, 0.9318151613317411, 0.31393063147337913, 1.1281877980226367, 1.3953969335054575, 0.9480114272759266, 1.440072469441872, 1.3776240072771502, 1.5167810299355233, 1.4068401962985781, 1.190023507029956, 0.7629300362699204, 0.9442966294554902, 1.089662126527119, 1.2828319009218, 1.582394237411147, 1.6422063596457768, 1.7540987882919958, 1.2234564314342105, 0.1252117989586695, 1.077824499366442, 1.5272138501083488, 1.170305222291103, 1.0020503810518315, 1.308048951233117, 0.7404038158490855, 0.36233030274642475, 1.227203539184733, 1.3336153810786642, 1.306185891061635, 1.3495546526952484, 1.2911623948326478, 1.3575872168020569, 1.4597076723652913, 1.3677625823335464, 1.3300957882359006, 0.9201656280503756, 1.4761832659937029, 1.1725354520307063, 0.11063833069214696, 0.960777329283414, 1.616191627582596, 1.3303229254759492, 1.642294706190077, 1.290122981295155, 0.794564226044466, 0.3346941028385309, 0.6580410342021462, 0.7784971025389413, 1.2518775357931229, 1.4886631092204354, 1.4443599212075562, 1.3818969120697602, 1.4102298257426908, 1.08692467627893, 1.145475196236825, 1.4048958056195526, 1.698134437245834, 1.0561217294805203, 0.12500889812435323, 0.8416371035225114, 1.0197831886661248, 0.808041658116647, 0.8897819352055815, 1.548114023624738, 1.2480701930503246, 1.2778956097389305, 1.221710578684927, 1.1974896940190765, 0.7990470446628563, 0.3968407019248979, 1.4039059999328896, 1.8840802716259115, 1.4419343107270413, 1.475311356459298, 1.315288705849879, 1.3884670123809997, 1.5220616350695426, 1.031413722357769, 0.18942070120888257, 1.0452658965268515, 1.559670756214854, 1.2278189294151576, 0.9311464522921724, 1.17598556392912, 0.8550798270130292, 0.32164102973550335, 1.0386027953184853, 0.8659855363352981, 1.1309733655340326, 1.6568325453876005, 1.2197549619242836, 1.2938617754996902, 1.6162317002587694, 1.364606013278079, 1.3154650267120762, 1.6445576852638595, 1.363235182795663, 1.0991391290852863, 0.16637700512353665, 0.9790951961744361, 1.0434931581373257, 1.0478419933960699, 1.3544636001874597, 1.2231722496635162, 0.7559084877221187, 0.4916389357371713, 0.5739211531192734, 1.3269338623885238, 1.252040511158067, 1.5189152085117918, 1.242842777970166, 1.1331758053966947, 1.563926184962338, 1.7038810549313381, 1.691515077751546, 1.3181554152830557, 1.4376690001414933, 1.0449341004370585, 0.1905016929906485]","[0.001396987132565045, 0.001485203761737314, 0.0014514531674911701, 0.0015199776296522622, 0.00155284635858261, 0.0014787566700389275, 0.001491012195129023, 0.0019124042638752003, 0.0022440217786086915, 0.0024439191630707016, 0.0028894364723959834, 0.002990231665027575, 0.002700164861714812, 0.0023526043458021403, 0.002210673456044076, 0.0017270832704698858, 0.0017778098684620494, 0.0020971336405821205, 0.0022907015504904002, 0.0023801047044966785, 0.0022160184353227645, 0.0020698046289769952, 0.0022332910935704002, 0.002338943336825215, 0.0019961300659142984, 0.001966439375737637, 0.00201911324828669, 0.0018343096077282975, 0.0016587080091428406, 0.001717606908983842, 0.0017251902579854762, 0.0017536353994864393, 0.001781411071504346, 0.001628773379571283, 0.0015920232543394205, 0.0016269480006696902, 0.0020780404385587156, 0.002589472211817414, 0.003013711311027228, 0.0034592243058971166, 0.0018933193256225728, 0.001886672632801161, 0.0019550958691653517, 0.001856238613303423, 0.00171093464283675, 0.0018211550792510784, 0.001822125570769878, 0.001656657380009907, 0.0016047502612827774, 0.0014442559744587077, 0.00155478896272217, 0.0018859370855041585, 0.0021446119462232805, 0.0021612937077627103, 0.0023676720395028926, 0.002377090336066184, 0.0021612943109715716, 0.002319107633705217, 0.0025449580134898177, 0.0026099126064068664, 0.001758843997145851, 0.0016659569921254561, 0.001548956785934226, 0.0014930622777935808, 0.00149080763724093, 0.0014285586318734567, 0.0014263579408856403, 0.001581825868038369, 0.0016538455483504344, 0.0016401918001733577, 0.0017497156014366492, 0.0021047537738644304, 0.0021749856901672983, 0.002126574518814278, 0.0024318570466378996, 0.0026353074093745385, 0.0026031146626355785, 0.0027740604193646572, 0.0030989739087456682, 0.002923337261235582, 0.0023498545435588093, 0.0021572013054647053, 0.002038947548815187, 0.0021907052860197515, 0.0024353451217757477, 0.002360609831121425, 0.002359896894550393, 0.002392255100603933, 0.002133852216403738, 0.0017194163988146893, 0.0014674592551913554, 0.001404006058504363, 0.001415234952351084, 0.0015757465639271305, 0.0016784295088529875, 0.0016534711453938312, 0.0017708672231596877, 0.0020039659592516607, 0.001978008777436376, 0.0019258130796231477, 0.0014483767843558725, 0.0015081392487396022, 0.0018975532785062811, 0.002065399554968662, 0.0021402214616104316, 0.0024778795583519494, 0.0025058020070481283, 0.0020731241785914953, 0.0019895652653068303, 0.0018695584517788599, 0.0015666909859540488, 0.0016887354112951074, 0.0018392170840282635, 0.0018883622223823324, 0.0019877731134769388, 0.0019301023551729988, 0.00181835175766823, 0.002013722351277026, 0.0020496068752556126, 0.0020079182656785113, 0.0016737532042191022, 0.0019432069971729946, 0.002128155390831286, 0.002137276250992367, 0.002049182610434105, 0.0023113578007453906, 0.0022760525534912574, 0.0020530658388441913, 0.0021158982893095908, 0.002093365079624144, 0.001752030613809622, 0.0015363659203093242, 0.0014701342707384353, 0.0014620005731936947, 0.0014841565474142035, 0.0015342245199098583, 0.0018729103981011202, 0.002404539114971399, 0.00256698461110239, 0.0028902706303192173, 0.001743306700924341, 0.001612570388413511, 0.0015364886929703965, 0.0014502426871389044, 0.0012694625685417355, 0.001269190906772663, 0.0013230489121382205, 0.001390612412239325, 0.0015750647161232542, 0.0020811885976663603, 0.002436455822006619, 0.002723684635954058, 0.0028415467946778924, 0.002651219318292705, 0.002328148688186241, 0.0024363505156311978, 0.0026439819262744067, 0.002926767195811294, 0.0033601212821383337, 0.003668830773664997, 0.0019372345255017367, 0.0022180924156996688, 0.0023081345301700865, 0.0022423398172141044, 0.0022612791932819644, 0.002273241470959935, 0.0019047057647469767, 0.001635498153766665, 0.0016123893873565352, 0.001783182401523991, 0.001970375826235329, 0.002006860409438502, 0.0021044683908288918, 0.00213458090378607, 0.0017499960094409872, 0.0015078296478238547, 0.0015221935923862358, 0.0016789280201915456, 0.001671447215713919, 0.0017373948403796094, 0.0022517022044087117, 0.002295068738605016, 0.002502428439445289, 0.0027134250322319413, 0.0024767460737570293, 0.0021884789050523406, 0.002170273120566323, 0.0018959591836895879, 0.0016103923168374152, 0.001606778463429307, 0.001665419920011125, 0.0016955541443420038, 0.0019325995215707038, 0.0019186765357669527, 0.0018550293178064767, 0.0017789965422638006, 0.0017724791233309396, 0.0017463793635625277, 0.0019203192993384741, 0.0021558774061008514, 0.0022230048940245755, 0.0023351636305621094, 0.0024026914040060497, 0.0025060020369956915, 0.0024363066526787523, 0.002605791381661957, 0.002596975294191891, 0.0023764325807504876, 0.002104432786553006, 0.001967679171558026, 0.0017238045288102326, 0.0016215195204295463, 0.0016876470417025813, 0.0017877225222241518, 0.0017966972886942416, 0.0016802341861758784, 0.0015646214894294377, 0.001548321841483433, 0.001494313573766564, 0.0014720416194023177, 0.0015771757422266058, 0.0016079817241998358, 0.0015542520367119706, 0.0015420866668375062, 0.0017103708779628475, 0.0016767909073275933, 0.001703501315986513, 0.001828830690350867, 0.002003284114244309, 0.0019263679328455523, 0.0019548769129492734, 0.0020162594244656842, 0.0019575662173376518, 0.0020490036300066265, 0.002282063591492149, 0.002598591587348144, 0.002965292159383577, 0.003281430168967395, 0.003427310638237106, 0.003475223095432246, 0.001903000112101508, 0.0020024618404671014, 0.0019618642738928735, 0.002050749294980256, 0.002016476581722867, 0.0018995639540272105, 0.002046669076640408, 0.002411426046004687, 0.002588420384285571, 0.002769236673126601, 0.002831899746765338, 0.002543591006809721, 0.002158670124737172, 0.001779972305815987, 0.0015881409221546335, 0.001607777196631125, 0.0015874049304426443, 0.0015676753790310914, 0.0016789827390884624, 0.0016313168503171351, 0.0019215294670299774, 0.0023281463912152734, 0.0024423310983176117, 0.0024997313539123593, 0.0024910075618767478, 0.0023963780106745006, 0.002185311619826442, 0.0019628493288731032, 0.001846653150921629, 0.0017808256831427104, 0.0017446649285773248, 0.0017289021101135266, 0.001828601729613613, 0.0020016257775067447, 0.0019708480668885345, 0.0019423813264023192, 0.0019177117472273728, 0.001909835493337151, 0.0017877363093348126, 0.0018470643467602284, 0.0012840354843371069, 0.0014114626488646851, 0.0014317016637792911, 0.0015878706285342701, 0.0018382173924905577, 0.0022636652888266863, 0.0025233421737360885, 0.0026895740702010808, 0.002652354956413817, 0.002526855223423343, 0.0021342368844163937, 0.002040944612276695, 0.0021239377374416635, 0.0021184827858577336, 0.0022178428174243134, 0.0023747902933418537, 0.0021388270692505986, 0.001921695750542786, 0.001937265945107451, 0.0017322629257699642, 0.0014703272442591591, 0.0016627538328516963, 0.0016682845950306017, 0.0018258475355825861, 0.0019885967241809774, 0.002080945022523104, 0.001958780359640691, 0.0018884103461834945, 0.0016527630049618873, 0.0015508113249216072, 0.0016314936030108603, 0.001902721369411389, 0.002143234290529122, 0.0024532676813359285, 0.002570380696990134, 0.002651556620826475, 0.0028412757279140163, 0.0029829635787865945, 0.0030942864482924764, 0.0033110455992120262, 0.0016538960944909224, 0.0018905528493650648, 0.002167919945226296, 0.0021818220411049527, 0.0021510281240958978, 0.0021196193495730347, 0.0019132967846985341, 0.001697747188304984, 0.0018219940247074175, 0.0019428215374396082, 0.002035246941044354, 0.002105710139436751, 0.0020383142712301046, 0.0018801807621486276, 0.0018602716548891095, 0.0017434371513048714, 0.0018858716485533433, 0.002031913915202859, 0.0021518003439297607, 0.00218351185938125, 0.0013987687337558452, 0.0015592179322211955, 0.0017528685367988865, 0.0020714803210787978, 0.0022024597504322423, 0.002331922747996039, 0.0024023703500090188, 0.002242146315868436, 0.002003019203620198, 0.0021131119202667074, 0.002222227994612796, 0.002055693591080499, 0.0019815690275312428, 0.0019830828976456234, 0.0018830278853029325, 0.0017228253152388273, 0.0018836640370292336, 0.002095491665201986, 0.0021889227718990953, 0.002083665906277251, 0.001490166311131258, 0.0016884242888258079, 0.001661670427702959, 0.0018838879893634882, 0.0020276439548277225, 0.002185048875668749, 0.0024011482797846317, 0.002492080737824274, 0.0022515642825990125, 0.0020853809756063817, 0.0019663479255634443, 0.0018182495108938458, 0.0018496561982543824, 0.0020465531385246358, 0.002253075895407558, 0.002303867765413225, 0.0021006903440321254, 0.002093179819072311, 0.002085247651591176, 0.0019236241128810167, 0.0019400916634664568, 0.0020035408873266543, 0.0019238449590393263, 0.001927683517582868, 0.0019342870166348767, 0.0022360895758126048, 0.0023966327606598876, 0.0025488403041237697, 0.0025931461087468372, 0.002486154954949421, 0.002218327655241534, 0.001918914822641675, 0.001754789821026595, 0.001724398077904617, 0.001617744258414001, 0.0015296187615648359, 0.001636541948897807, 0.0019777991281710685, 0.002104844272793439, 0.0022636173815339445, 0.0018182670297551516, 0.0018453503488312809, 0.0019150663094743233, 0.002102051851939438, 0.002224770937740003, 0.0021234031689983893, 0.0020932003331376125, 0.0020203543444821874, 0.0018678576284590909, 0.0017945297198546366, 0.0018318934779074905, 0.0018451326761316658, 0.0018162602484611578, 0.0016859581006847338, 0.001482904621535791, 0.0015685224195885416, 0.0018046379705519413, 0.002145477039666406, 0.002421337492623148, 0.002805844902822669, 0.0019352605063888751, 0.002090589281029265, 0.002147157079597076, 0.0022686931510742265, 0.0022293275131284778, 0.0020967997708374233, 0.0019234744146494653, 0.0017470861647013655, 0.0016699965005846694, 0.0015944967771704074, 0.0015329942039953612, 0.0016159448306442726, 0.001786106102567693, 0.0018326575709487869, 0.0018946860825745622, 0.001903101470249056, 0.001909635531296856, 0.0020877753680676524, 0.002198610303602338, 0.0022780411353403264, 0.0014785770293129698, 0.0014698033074833187, 0.0015314097940589046, 0.0016386687533654542, 0.0017437901825871568, 0.0017043351040529633, 0.0018223008765184115, 0.001921813853291091, 0.001997413698322849, 0.002121409211168122, 0.0021708272048428456, 0.002078348649639004, 0.001974292000339009, 0.001811375635252847, 0.0016706506946988018, 0.0016934851393783194, 0.0020217257412181375, 0.00247631218571105, 0.002757511585921854, 0.0029816903866410997, 0.0016894585870423225, 0.001726063788789093, 0.0017315229477302871, 0.001873803422352249, 0.0020362605079897933, 0.00210371272899477, 0.002082504596131055, 0.002055984345700778, 0.0018572224213307578, 0.001668211420453996, 0.001589823213994381, 0.0016019666886684712, 0.0016582472297652598, 0.001709801764405072, 0.0017510322992400611, 0.001776846583775973, 0.002020194011969123, 0.002341427645611978, 0.0025359565626474644, 0.002704098746682963, 0.0016484057378774585, 0.001755759370205042, 0.0018753625129698322, 0.0019073924894089005, 0.0018076971092713854, 0.0018266110009666767, 0.0017319251803854664, 0.0016734767635581663, 0.0017420834319434933, 0.0018082278216046876, 0.001894145307424417, 0.0019974713094755305, 0.001899774644261757, 0.0018908026345818244, 0.0018607726612207, 0.0017305085573641509, 0.0018634413066528131, 0.0022995851926870046, 0.0024404526582986782, 0.002637676011838877, 0.0018408920625934187, 0.0018871365086045911, 0.001879040121812783, 0.001850401817453297, 0.0017863599065685663, 0.001693018241188665, 0.001687628205217108, 0.0017179192094346613, 0.0018233878577212392, 0.0020467396393933435, 0.002090232074885525, 0.0020156706275993486, 0.0020108857779250924, 0.0019777212085225395, 0.0017826846013778617, 0.00167169745134388, 0.0017991018969734545, 0.0019100097174641565, 0.0019060606970655578, 0.0019524441785250008, 0.001553914372424543, 0.0017610570307707817, 0.0018585299742750825, 0.0019661894843648452, 0.002103457674060345, 0.002250852719269496, 0.002315948116507325, 0.0022669112488773674, 0.002242580736424453, 0.0020670102740650473, 0.0018293192351856748, 0.0017408181664234704, 0.0017174223574631883, 0.001624063113286954, 0.0016564413250317966, 0.0016889753404591378, 0.0016428035974500228, 0.0018353671378484463, 0.0019927804813485144, 0.00210538766614458, 0.001505145212517981, 0.0015805480323907778, 0.0016066375246227688, 0.0015629904986717953, 0.0015706982408919931, 0.0016368633715569258, 0.001661991022085972, 0.001610770526021999, 0.0016817304856769277, 0.0017069073221796373, 0.0018003712852184834, 0.0018652346023122657, 0.0019744191980876915, 0.0020282254227828485, 0.002172673314309093, 0.0021341064476595433, 0.00225429754586158, 0.002534380190818195, 0.0027085541341360284, 0.0027820626830802604, 0.0015298347771384592, 0.0017188272135553921, 0.0017747364033360547, 0.0018897448612165588, 0.0019175062483805755, 0.0019501598960449877, 0.0019229901600060282, 0.0018752638062502901, 0.0018282175385617428, 0.001858975679909688, 0.0019261109440225493, 0.0019372081393096157, 0.0019698390897400432, 0.0020035216302373734, 0.002102764286040326, 0.0020058546893608684, 0.0018340284625900825, 0.0019219052571866073, 0.001951849226719198, 0.001708663291186687, 0.0017599399718239784, 0.0017630417237491697, 0.0017218948050234943, 0.0016759431726258356, 0.0017097786836561346, 0.001782965247821718, 0.0018430615902941161, 0.0019325765283106603, 0.0019489788715617157, 0.002003704235820397, 0.001933267030031768, 0.0018317719821391628, 0.001828378648665756, 0.00187166300823415, 0.0017097680218210785, 0.0016390802456126526, 0.001790514058471763, 0.0020803626071684736, 0.0021821515425312662, 0.002383328446251833, 0.0016400401992298667, 0.0016834483349716966, 0.0020680798443375795, 0.0024725717346685576, 0.00260654325119536, 0.0026151758963841366, 0.002740292791659781, 0.002502558946615431, 0.0021022108551581073, 0.0020157205423858345, 0.002123127030622778, 0.002180373994057194, 0.0021274796810486986, 0.0021273849372739403, 0.0020767136749325447, 0.0020486655549088366, 0.002074967959898355, 0.0023480925424200724, 0.0025418299019339613, 0.00277416900476694, 0.0017342464574308268, 0.0018797287565040924, 0.0020482687890321155, 0.0020106725346176143, 0.0019182387128689469, 0.0020077873015047006, 0.0019741860394312323, 0.0022373091770432, 0.0027682071691236946, 0.003135794290292345, 0.0031619498856842237, 0.003092554595969183, 0.0026697608980110546, 0.002135990374985478, 0.0018944066500597358, 0.0018262238575160973, 0.0019797411178763473, 0.0023028222145487034, 0.002513199024120503, 0.002578061595324464, 0.002085936711530413, 0.002061682332236389, 0.0019958941074308106, 0.0019026686346045325, 0.001811233918961703, 0.001784675534980939, 0.0017092133496775272, 0.0016828325724764024, 0.001825370656809245, 0.0019753471204892034, 0.0019579233827361916, 0.0019367070211417808, 0.0020391061114925163, 0.0020071191510745057, 0.0019234593730667918, 0.0027968205469376807, 0.003955837733384338, 0.004928927025178351, 0.005697224038669872, 0.006699379572771049, 0.0016571873642433343, 0.0016260115312821096, 0.0017013570711696731, 0.001951150649732748, 0.0019906144125366424, 0.0019836329034967955, 0.0020713216721579054, 0.0020674968871543624, 0.0018881609164908139, 0.001998158401761969, 0.0021209724833439864, 0.0021247122133852153, 0.0020670184260107964, 0.0020250578130189796, 0.002001914590184767, 0.0027934791945399165, 0.003850537072516498, 0.0049051855303660855, 0.005783818141522482, 0.006724773860438619, 0.001867515484372672, 0.0018711472696553051, 0.0018282322185826487, 0.0017497310752979554, 0.001740600382776735, 0.0018197213659488594, 0.0018692481532211632, 0.0018921270244241586, 0.001989348192024966, 0.0020160390026632093, 0.0020225210653244826, 0.0020081177787891875, 0.0020045617181743453, 0.0021006477851492978, 0.0026662448842720023, 0.0031739743970233716, 0.003744146206229129, 0.004312417478578454, 0.004805635311142005, 0.004726667906598837, 0.0016837898598469547, 0.002117419803161742, 0.0026162639861395105, 0.0029483817247305645, 0.0031126124104912736, 0.0032519396309956417, 0.002974279163513478, 0.002462577850886832, 0.0022237499693582635, 0.002060431782162957, 0.0018325702688922522, 0.001957720824268995, 0.0019967370550369196, 0.001958105035174179, 0.0019593613916161763, 0.0019439158928492213, 0.0019131630217937947, 0.002200834459147521, 0.0023576291472186166, 0.0025180652647620815, 0.001845413239106212, 0.0023914491950198765, 0.002846286222878701, 0.0032007134479002802, 0.0034909701669125007, 0.003627082096508239, 0.0032805830352150224, 0.002778948703081544, 0.0024461193679980488, 0.002165435893768553, 0.0018719351711522097, 0.0017245107606153965, 0.001653395280339313, 0.0016608781686361996, 0.0017215863697272024, 0.0017629937495574417, 0.0018229657360402816, 0.0020970780174115505, 0.002147470281530919, 0.002117385163858949, 0.0014534568006032104, 0.001593071529361379, 0.0017505316287348745, 0.0019821947021784474, 0.002079517797246273, 0.002081745951521564, 0.0020615419882694407, 0.001952268079494575, 0.0017655720956275527, 0.0018983113760215754, 0.0021203314845550008, 0.0020942817883767527, 0.002085458153323374, 0.002103752659189054, 0.002170949598640506, 0.0029009780291475787, 0.003997460254743172, 0.005034211945287467, 0.005874848395056605, 0.0067435671864798175, 0.0016374984123637595, 0.0016443223445121997, 0.0016938101081517166, 0.00171150056730991, 0.001797357561649, 0.001963654875749976, 0.001979947091656008, 0.0020144708727534, 0.0019921778972559565, 0.0019995503436415494, 0.0021241432505557014, 0.0022822188735127273, 0.0022578725600803833, 0.0024995242660055253, 0.002872605514085716, 0.0027831049756175744, 0.0027465021954686283, 0.003027537097832091, 0.003051018748401961, 0.002659475600177265, 0.0029935217733982476, 0.003094490686672217, 0.002844924920866075, 0.0028257467554919976, 0.0028419127439921347, 0.002575758842086879, 0.0024053576638221616, 0.002369814451820079, 0.002309447231739283, 0.0020749626850669056, 0.0018325216249025955, 0.0016727922981618127, 0.001736011962952426, 0.0017726444375185597, 0.0017939898673752764, 0.0017418308392165428, 0.0020320785714145347, 0.0024402459115740135, 0.002665751593722273, 0.002839955480053419]","{'complete inhibition': 0, 'adapting inhibition': 1, 'partial inhibition': 2, 'no effect': 3, 'excitation': 4, 'biphasic IE': 5, 'biphasic EI': 6}",24.2,0.41536538829623265,0.04353836275215193,0.03131750000000082,0.9680575000000076,4.9,0.6802080537656803,0.05983610714285951,0.06177250000000285,0.3393000000000107,True,0.8,"[0.9 0.8 1.  0.9 1.  1.  1.  1.  1.  1.  1.  1.  1.  1.  1.  1.  1.  1.
 1.  1. ]",17.316265417821423,0.971137600718829,0.057619467455621305,20.59120923206661,2.5537848578354603,0.045864577114427825,,,complete inhibition,0
130,AG8020,1,062822,1.4,1,Naive,132,3,right,/Users/johnparker/paper_repos/Aristieta_Parker_Gao_Gittis_Rubin_2024_D1_GPe/data/d1_msns/pre_processed_data/Naive_D1-MSNs_cell_body_stim/Neuron_0132,/Users/johnparker/paper_repos/Aristieta_Parker_Gao_Gittis_Rubin_2024_D1_GPe/data/d1_msns/pre_processed_data/Naive_D1-MSNs_cell_body_stim,Naive_D1-MSNs_cell_body_stim,True,25,250,0.025,/Users/johnparker/paper_repos/Aristieta_Parker_Gao_Gittis_Rubin_2024_D1_GPe/data/d1_msns/processed_data/Naive_D1-MSNs_cell_body_stim/Neuron_0132,9,0.05,"['excitation', 'excitation', 'excitation', 'excitation', 'excitation', 'excitation', 'excitation', 'excitation', 'excitation']",[4 4 4 4 4 4 4 4 4],1.0,1.0,1.0,0.0,99,90,3,3,2,2,[0.20398461 0.45976537 0.4742974  ... 4.83587697 4.90217236 4.96294502],[0.19661882 0.46331367 0.4742974  ... 4.62818356 4.73612252 4.96294502],"{'complete inhibition': 0, 'adapting inhibition': 1, 'partial inhibition': 2, 'no effect': 3, 'excitation': 4, 'biphasic IE': 5, 'biphasic EI': 6}",65.77777777777777,0.4016354683198022,0.015159281919431604,0.01164166666666391,0.9880972222222242,78.77777777777777,0.45010632236077097,0.012686034803830149,0.014036111111115999,0.9923527777777781,False,4.0,"[0.11111111 0.44444444 0.55555556 0.44444444 0.22222222 0.44444444
 0.66666667 0.88888889 1.11111111 1.11111111 1.11111111 1.55555556
 1.33333333 1.11111111 0.66666667 0.88888889 0.66666667 1.11111111
 1.11111111 0.44444444]",67.26618042320786,0.4178704370425626,0.01487009893455099,67.18429828027028,0.4272736203501072,0.014884905516610775,3.9071767230209122,2.346965777659116,excitation,4
131,AG8020,1,062822,1.4,8,Naive,135,15,left,/Users/johnparker/paper_repos/Aristieta_Parker_Gao_Gittis_Rubin_2024_D1_GPe/data/d1_msns/pre_processed_data/Naive_D1-MSNs_cell_body_stim/Neuron_0135,/Users/johnparker/paper_repos/Aristieta_Parker_Gao_Gittis_Rubin_2024_D1_GPe/data/d1_msns/pre_processed_data/Naive_D1-MSNs_cell_body_stim,Naive_D1-MSNs_cell_body_stim,True,25,250,0.025,/Users/johnparker/paper_repos/Aristieta_Parker_Gao_Gittis_Rubin_2024_D1_GPe/data/d1_msns/processed_data/Naive_D1-MSNs_cell_body_stim/Neuron_0135,10,0.05,"['complete inhibition', 'no effect', 'adapting inhibition', 'adapting inhibition', 'complete inhibition', 'adapting inhibition', 'adapting inhibition', 'adapting inhibition', 'no effect', 'adapting inhibition']",[0 3 1 1 0 1 1 1 3 1],1.0,1.0,1.0,0.0,99,90,3,3,2,2,"[1.51487195e-13 1.51487195e-13 1.51487195e-13 ... 2.19097968e+00
 2.20441604e+00 2.37261161e+00]",[0.00131147 0.00151705 0.00153947 ... 0.01731857 0.01731857 0.01731857],"{'complete inhibition': 0, 'adapting inhibition': 1, 'partial inhibition': 2, 'no effect': 3, 'excitation': 4, 'biphasic IE': 5, 'biphasic EI': 6}",16.6,0.7126501926884473,0.060093179561634645,0.06985000000000596,0.9604425000000063,9.6,0.6586395384511241,0.09576779189560494,0.12393499999999805,0.8834225000000003,True,1.2,"[0.8 0.8 0.6 0.5 0.4 0.4 0.5 0.5 0.5 0.4 0.4 0.4 0.2 0.3 0.3 0.3 0.3 0.4
 0.6 0.5]",15.358206868013468,0.9554388746213497,0.06504765458422175,13.738971000139843,0.9596955237474121,0.06821069725864129,1.4586746410827351,0.006725799174539761,partial inhibition,2
132,AG7499,1,011322,1.4,3,Naive,103,7,right,/Users/johnparker/paper_repos/Aristieta_Parker_Gao_Gittis_Rubin_2024_D1_GPe/data/d1_msns/pre_processed_data/Naive_D1-MSNs_cell_body_stim/Neuron_0103,/Users/johnparker/paper_repos/Aristieta_Parker_Gao_Gittis_Rubin_2024_D1_GPe/data/d1_msns/pre_processed_data/Naive_D1-MSNs_cell_body_stim,Naive_D1-MSNs_cell_body_stim,True,25,250,0.025,/Users/johnparker/paper_repos/Aristieta_Parker_Gao_Gittis_Rubin_2024_D1_GPe/data/d1_msns/processed_data/Naive_D1-MSNs_cell_body_stim/Neuron_0103,10,0.05,"['biphasic IE', 'excitation', 'adapting inhibition', 'biphasic IE', 'biphasic IE', 'biphasic IE', 'biphasic IE', 'no effect', 'excitation', 'biphasic IE']",[5 4 1 5 5 5 5 3 4 5],1.0,1.0,1.0,0.0,99,90,3,3,2,2,[0.01551041 0.40913504 0.45348159 ... 4.03138755 4.08234171 4.28429355],[0.16578789 0.34116413 0.39066192 ... 3.97789226 3.98207577 4.01245744],"{'complete inhibition': 0, 'adapting inhibition': 1, 'partial inhibition': 2, 'no effect': 3, 'excitation': 4, 'biphasic IE': 5, 'biphasic EI': 6}",44.5,0.35589530520539137,0.022874782888677024,0.008962500000009043,0.9838575000000077,55.4,0.8903966188235423,0.018018792841535725,0.03904250000000573,0.9893050000000017,False,4.2,"[0.7 0.7 0.7 0.7 0.2 0.8 1.  1.2 1.  1.2 1.6 1.4 1.  1.4 1.4 1.2 1.4 1.2
 1.6 0.8]",21.283797644934968,0.8863622570595716,0.04700660434258142,44.23439871989496,0.41776601135835395,0.022604538863109033,2.8499184637924313,1.4963526319056848,biphasic IE,5
133,AG7499,1,011322,1.4,3,Naive,104,9cell1,right,/Users/johnparker/paper_repos/Aristieta_Parker_Gao_Gittis_Rubin_2024_D1_GPe/data/d1_msns/pre_processed_data/Naive_D1-MSNs_cell_body_stim/Neuron_0104,/Users/johnparker/paper_repos/Aristieta_Parker_Gao_Gittis_Rubin_2024_D1_GPe/data/d1_msns/pre_processed_data/Naive_D1-MSNs_cell_body_stim,Naive_D1-MSNs_cell_body_stim,True,25,250,0.025,/Users/johnparker/paper_repos/Aristieta_Parker_Gao_Gittis_Rubin_2024_D1_GPe/data/d1_msns/processed_data/Naive_D1-MSNs_cell_body_stim/Neuron_0104,10,0.05,"['complete inhibition', 'complete inhibition', 'partial inhibition', 'complete inhibition', 'complete inhibition', 'complete inhibition', 'complete inhibition', 'complete inhibition', 'complete inhibition', 'complete inhibition']",[0 0 2 0 0 0 0 0 0 0],1.0,1.0,1.0,0.0,99,90,3,3,2,2,"[1.5311027748054085, 1.8631872999683865, 2.132591461906834, 1.7359913411740295, 1.5678222943242373, 1.7730529163646525, 1.7554147359204237, 1.8372419420860076, 1.6973975726276622, 1.7795622700830498, 2.1010989233140607, 1.7062769956986976, 1.7155988286325183, 2.0956818620201467, 1.737624088978606, 2.1586375297262057, 1.9627731301670237, 1.6709814193776833, 1.3885229394985092, 0.4543587324198329, 1.752544398075646, 2.0210280958560856, 1.7948901400734556, 1.6616536114929183, 1.6326141809266337, 1.7762489139453483, 2.019778025310293, 2.1891947324086822, 2.014672782087967, 2.0631888161571332, 1.6144667233016323, 1.3387209251368026, 1.4201579332595913, 1.7556211958407086, 2.052800177727685, 2.0469511112281378, 1.4331088851106357, 1.417823912506945, 1.7626550579029283, 0.8359710100633853, 1.2004208469628792, 1.5866207681777766, 1.7308963581207222, 1.8243392747921532, 1.8626442135453651, 1.53750952565455, 1.5664310836846997, 1.741346639693768, 1.729917937905332, 1.5714592040533826, 1.734963682729563, 2.310630064471023, 1.8554358423725739, 1.983508576430727, 2.102855429151595, 1.7539548299544336, 1.715065605862188, 2.1363886522384283, 2.0550390722853993, 0.6947327070946115, 1.37375665007012, 1.503408105875266, 1.4970321921537952, 2.120552877730467, 1.9933222940914854, 1.701404849326644, 1.902069977458827, 2.098417682356419, 1.8732541571111478, 2.043617432238386, 1.8392920708001785, 1.7099735682414388, 1.9185855760265382, 1.5859539006126242, 1.7977045064600523, 1.5986125568861607, 1.8335444306748219, 1.7024001327848368, 1.6474076872120136, 0.8864822606727915, 1.5853619111851298, 1.9160775188455372, 1.512286093537343, 1.513511095629681, 1.798435669641762, 1.655263971816381, 2.0950992193605114, 1.7172678118163816, 1.6119782589287166, 1.9282623275032202, 1.672134310902869, 1.8793138554004298, 1.8531938816335625, 1.8666742222164905, 2.1668593788723762, 1.7561930904463459, 1.6123162514517189, 1.9755329223373168, 1.719874157518277, 0.7925687425004897, 1.5200440286103425, 1.6972909017786793, 1.8765917484240955, 1.8438317558698032, 1.6199215078802562, 2.030319938400594, 1.6034250452518466, 1.5503556660199656, 1.845440818581331, 1.7302475469955843, 1.9252434907848095, 1.7431675402722864, 1.674899484210964, 2.035213565375581, 2.3786253169521645, 2.040204034676669, 1.5844103551649469, 1.6301576623849414, 1.5378053169208876, 0.7493084423596736, 1.4152340179274236, 1.9606558046029157, 1.9098006583992082, 1.7883661531115356, 1.86260357426861, 1.9298110620615616, 1.6335441420195715, 1.784014410205369, 1.6178472842901561, 1.5830597264415578, 1.4474285852253235, 1.649482520503449, 2.1114513447215044, 1.8114382081639802, 1.979200527550894, 1.8320615929374495, 1.8083145614739247, 2.005877518299269, 1.8718801995246654, 0.679140339068135, 1.0658806184977354, 1.4387119104550699, 1.931489079321778, 1.9466337244401406, 1.892756203163415, 1.4694237212132681, 1.7544225126107358, 1.8937231611527956, 2.071786724406664, 1.7860169213809134, 1.9578627302735143, 2.1184897878980933, 1.9771037981187038, 1.6967484929261063, 1.7828191361723666, 1.6218347869382073, 1.9711241982455647, 1.9778414690684871, 1.6620319531180388, 0.6781801865314521, 1.3766639963214868, 1.420535731579165, 1.416921386728359, 1.5981867420900988, 2.0476272741035433, 1.9173148529701047, 1.7866707102746504, 1.6698697218212841, 1.770811436723581, 2.172931092201961, 1.9972229618244821, 1.991468337018393, 1.8651883926973047, 2.040100629700446, 1.6237613024602533, 1.7766902667176943, 1.7151326928803707, 1.637362056647508, 1.576113037863409, 1.176002385004438, 1.2925646708278178, 1.8055326288669538, 1.765368070879651, 2.0208194905239445, 2.155545738241084, 1.8046081944380745, 1.509051179224053, 1.8116505322834315, 1.762519470862121, 1.833679652522877, 2.0165953487819177, 1.946412977734684, 1.6649931884687559, 1.97178757000563, 1.9831750822398087, 1.5745121114557536, 1.3468896025433525, 1.633706049049311, 2.142954012866898, 0.6558935115217851]","[0.0011886413161701175, 0.0013168716247337197, 0.0013708769261281297, 0.001415581587014551, 0.001433656286333899, 0.001466253315656683, 0.0014613157646612503, 0.0014228376576515603, 0.0013909451448469998, 0.0014144506552651935, 0.0014312907870471165, 0.0013645710961492545, 0.0013908261734835443, 0.0013645030593477073, 0.001330232456603239, 0.0013513011791758684, 0.0014860279594709244, 0.0017095684791206193, 0.0018926422302456567, 0.0020169354768142835, 0.0013060041513472897, 0.0013771468340305734, 0.0014152006144686272, 0.0014181032193442532, 0.001451948432393803, 0.0014516561300960229, 0.0014244838867928397, 0.0014460907491165556, 0.0014925762082190841, 0.001500102186463809, 0.001526421021259449, 0.0015203632427996435, 0.0015126250490701838, 0.0014703333485168294, 0.0013777066790858614, 0.0013000829140205367, 0.0012914905464746912, 0.0013168174367822918, 0.001335198870441026, 0.0014015691600678742, 0.001389545795298627, 0.0014994525225498622, 0.0015201310788167694, 0.0015364003532856874, 0.001510049016984518, 0.0014313230134959036, 0.0013832394187908443, 0.0013455432721842986, 0.00141291297043439, 0.0014452351161833067, 0.0014409284112650042, 0.0013950869968848668, 0.0014067478821028954, 0.001361585926459657, 0.0013694447704736, 0.0013462470813149535, 0.0013647081657246103, 0.0014463645130616926, 0.0014931451734017682, 0.0014598985307414623, 0.0013873366491687505, 0.0014203063383857438, 0.001389809730956886, 0.001388650122861469, 0.001443380518782852, 0.0013594346782446823, 0.0013628698016731925, 0.00141302234835614, 0.0014334507148786484, 0.0013187007175757763, 0.0013218453978512585, 0.0013548367144503835, 0.0014054373786986007, 0.0013761755343287146, 0.0014400279700199643, 0.0015021521106649682, 0.0014752184054142707, 0.0015751605171345406, 0.0016944028484673825, 0.001754208526111015, 0.0012762388974369232, 0.0013324239240870735, 0.0013853249947927253, 0.0015066039574741187, 0.0015836883032636644, 0.00164549471075667, 0.0016427265512353037, 0.0015490068756942056, 0.001438484942433714, 0.0013231792724454677, 0.001236026383353468, 0.001205465398351923, 0.001261006393398574, 0.0013327635826439759, 0.0014102733455354846, 0.0014767238546765798, 0.0014824461560434495, 0.0015617537380874242, 0.0015841498021483492, 0.0015319265302498166, 0.0012572592189905882, 0.0013307058824493273, 0.0013385642868567465, 0.0013950738541694786, 0.0013620173336352335, 0.0012683893407708854, 0.001242190468468339, 0.001261318418397941, 0.0012555479975151576, 0.0013223449865877575, 0.0014141410550873798, 0.0014521131153833772, 0.0014819126424423918, 0.0015458581661761312, 0.001585595599480908, 0.0015680738820966745, 0.0015537093654695536, 0.00170583081835383, 0.0017591121792790733, 0.0017656564684751155, 0.00134231111180924, 0.0014072815484045028, 0.0014652666735785558, 0.0014362447630351168, 0.00137170263826454, 0.0014500577413055634, 0.0014626107451574828, 0.0014190973294413022, 0.0014808579763081547, 0.0014897954266359715, 0.001466589035773316, 0.0014554192635095604, 0.0014423498011672468, 0.0014457577160606255, 0.001454502367128754, 0.0013477720460578593, 0.001350921880399117, 0.0014625691388683332, 0.00146493713198452, 0.001483132254444056, 0.001259169734784694, 0.001314689483261515, 0.0013264455073197946, 0.0014018798119393354, 0.001432283398218249, 0.0015020574029667826, 0.0015070555135589068, 0.0015325008122452606, 0.0015358963699155905, 0.001490336726178371, 0.0014402923869433393, 0.0014776353760276926, 0.001446433421003846, 0.0013770120974480327, 0.0013503997802901766, 0.001330155338215386, 0.0013568269473491202, 0.0014662470123575964, 0.001559722066627974, 0.0016427581451809482, 0.001202749916866602, 0.0013019115679606711, 0.001314896316482909, 0.00136238760762542, 0.0014141915065401973, 0.0014633099953490108, 0.0014812984448983803, 0.001509954104960621, 0.0014284714429336689, 0.0014375328267320438, 0.0014987671566210126, 0.0014718494752009564, 0.001417025336118053, 0.0014578405245788812, 0.001462786465151509, 0.0013386916574427666, 0.001330984986788374, 0.001543207461102299, 0.0016328952035114326, 0.0016464495792604132, 0.0014803499580837598, 0.001433062832965153, 0.0014397615323063534, 0.0015411308049959973, 0.0014727967332805025, 0.0014239200337852337, 0.0014859427850545692, 0.0015108984139646548, 0.001422147208387018, 0.001414183264556011, 0.0013929384900046174, 0.0013387867183954258, 0.0012554085723155898, 0.0012584366045706686, 0.0012961575139109655, 0.0013588882355250224, 0.001408276672658203, 0.0015279136115131378, 0.0015943957830685384, 0.0015931834329974992]","{'complete inhibition': 0, 'adapting inhibition': 1, 'partial inhibition': 2, 'no effect': 3, 'excitation': 4, 'biphasic IE': 5, 'biphasic EI': 6}",20.7,0.3598403325127749,0.036979985348029674,0.22018999999999878,0.9787349999999954,1.6,0.23948395388322669,0.06603216666666753,0.7630224999999996,0.966595000000001,True,0.2,[1. 1. 1. 1. 1. 1. 1. 1. 1. 1. 1. 1. 1. 1. 1. 1. 1. 1. 1. 1.],37.36000077396635,0.4544281067005653,0.026768674438687395,0.016124298996101145,0.0,0.0,,,complete inhibition,0
134,AG8019,8,060922,1.4,4,Naive,14,13cell1,left,/Users/johnparker/paper_repos/Aristieta_Parker_Gao_Gittis_Rubin_2024_D1_GPe/data/d1_msns/pre_processed_data/Naive_D1-MSNs_cell_body_stim/Neuron_0014,/Users/johnparker/paper_repos/Aristieta_Parker_Gao_Gittis_Rubin_2024_D1_GPe/data/d1_msns/pre_processed_data/Naive_D1-MSNs_cell_body_stim,Naive_D1-MSNs_cell_body_stim,True,25,250,0.025,/Users/johnparker/paper_repos/Aristieta_Parker_Gao_Gittis_Rubin_2024_D1_GPe/data/d1_msns/processed_data/Naive_D1-MSNs_cell_body_stim/Neuron_0014,10,0.05,"['partial inhibition', 'adapting inhibition', 'adapting inhibition', 'partial inhibition', 'partial inhibition', 'partial inhibition', 'adapting inhibition', 'partial inhibition', 'partial inhibition', 'adapting inhibition']",[2 1 1 2 2 2 1 2 2 1],1.0,1.0,1.0,0.0,99,90,3,3,2,2,[0.04281422 0.13284899 0.13304245 ... 5.7425714  6.17018041 6.18639589],[0.11649593 0.13304245 0.1352007  ... 5.58327284 6.17018041 6.18639589],"{'complete inhibition': 0, 'adapting inhibition': 1, 'partial inhibition': 2, 'no effect': 3, 'excitation': 4, 'biphasic IE': 5, 'biphasic EI': 6}",51.5,0.528200425354174,0.019613510146473907,0.020212500000016575,0.9810825000000094,12.8,0.7966245630977359,0.07297012595492897,0.1720300000000087,0.95300000000002,False,1.6,"[0.9 0.9 0.7 0.9 0.7 0.5 0.4 0.3 0.4 0.5 0.6 0.5 0.5 0.5 0.6 0.6 0.7 0.7
 0.6 0.4]",49.41521598050245,0.5733553334132263,0.020236799835255354,45.83469806672377,1.1487878157205187,0.02180560612788632,3.527285532602115,1.5400536713478918,partial inhibition,2
135,AG8019,8,060922,1.7,2,Naive,13,7,right,/Users/johnparker/paper_repos/Aristieta_Parker_Gao_Gittis_Rubin_2024_D1_GPe/data/d1_msns/pre_processed_data/Naive_D1-MSNs_cell_body_stim/Neuron_0013,/Users/johnparker/paper_repos/Aristieta_Parker_Gao_Gittis_Rubin_2024_D1_GPe/data/d1_msns/pre_processed_data/Naive_D1-MSNs_cell_body_stim,Naive_D1-MSNs_cell_body_stim,True,25,250,0.025,/Users/johnparker/paper_repos/Aristieta_Parker_Gao_Gittis_Rubin_2024_D1_GPe/data/d1_msns/processed_data/Naive_D1-MSNs_cell_body_stim/Neuron_0013,10,0.05,"['complete inhibition', 'complete inhibition', 'complete inhibition', 'complete inhibition', 'complete inhibition', 'complete inhibition', 'complete inhibition', 'complete inhibition', 'complete inhibition', 'complete inhibition']",[0 0 0 0 0 0 0 0 0 0],1.0,1.0,1.0,0.0,99,90,3,3,2,2,[],[],"{'complete inhibition': 0, 'adapting inhibition': 1, 'partial inhibition': 2, 'no effect': 3, 'excitation': 4, 'biphasic IE': 5, 'biphasic EI': 6}",38.0,0.4282404431223519,0.026752915684890133,0.015127499999997695,0.9863924999999988,0.3,0.0,0.0,0.7007499999999979,0.7007499999999979,False,0.0,[1. 1. 1. 1. 1. 1. 1. 1. 1. 1. 1. 1. 1. 1. 1. 1. 1. 1. 1. 1.],31.936208741877724,0.5424645478571779,0.03131929434202161,30.31302151230325,0.41573429903853715,0.026902645679839268,,,complete inhibition,0
136,AG8017,4,070722,1.1,7,Naive,25,7,right,/Users/johnparker/paper_repos/Aristieta_Parker_Gao_Gittis_Rubin_2024_D1_GPe/data/d1_msns/pre_processed_data/Naive_D1-MSNs_cell_body_stim/Neuron_0025,/Users/johnparker/paper_repos/Aristieta_Parker_Gao_Gittis_Rubin_2024_D1_GPe/data/d1_msns/pre_processed_data/Naive_D1-MSNs_cell_body_stim,Naive_D1-MSNs_cell_body_stim,True,25,250,0.025,/Users/johnparker/paper_repos/Aristieta_Parker_Gao_Gittis_Rubin_2024_D1_GPe/data/d1_msns/processed_data/Naive_D1-MSNs_cell_body_stim/Neuron_0025,10,0.05,"['complete inhibition', 'complete inhibition', 'complete inhibition', 'complete inhibition', 'complete inhibition', 'complete inhibition', 'complete inhibition', 'complete inhibition', 'complete inhibition', 'complete inhibition']",[0 0 0 0 0 0 0 0 0 0],1.0,1.0,1.0,0.0,99,90,3,3,2,2,[],[],"{'complete inhibition': 0, 'adapting inhibition': 1, 'partial inhibition': 2, 'no effect': 3, 'excitation': 4, 'biphasic IE': 5, 'biphasic EI': 6}",26.3,0.709975897224317,0.04251047101912605,0.04710999999998933,0.9759424999999929,1.6,0.07982020040846746,0.2692675000000058,0.28438499999999534,0.6325325000000049,True,0.0,[1. 1. 1. 1. 1. 1. 1. 1. 1. 1. 1. 1. 1. 1. 1. 1. 1. 1. 1. 1.],21.737185566140703,0.7288709631720933,0.04593060263653484,18.915236734412183,2.6242256839854394,0.05269053030303033,,,complete inhibition,0
137,AG8017,4,070722,1.4,1,Naive,22,12,right,/Users/johnparker/paper_repos/Aristieta_Parker_Gao_Gittis_Rubin_2024_D1_GPe/data/d1_msns/pre_processed_data/Naive_D1-MSNs_cell_body_stim/Neuron_0022,/Users/johnparker/paper_repos/Aristieta_Parker_Gao_Gittis_Rubin_2024_D1_GPe/data/d1_msns/pre_processed_data/Naive_D1-MSNs_cell_body_stim,Naive_D1-MSNs_cell_body_stim,True,25,250,0.025,/Users/johnparker/paper_repos/Aristieta_Parker_Gao_Gittis_Rubin_2024_D1_GPe/data/d1_msns/processed_data/Naive_D1-MSNs_cell_body_stim/Neuron_0022,10,0.05,"['complete inhibition', 'complete inhibition', 'complete inhibition', 'complete inhibition', 'complete inhibition', 'complete inhibition', 'complete inhibition', 'complete inhibition', 'complete inhibition', 'complete inhibition']",[0 0 0 0 0 0 0 0 0 0],1.0,1.0,1.0,0.0,99,90,3,3,2,2,[],[],"{'complete inhibition': 0, 'adapting inhibition': 1, 'partial inhibition': 2, 'no effect': 3, 'excitation': 4, 'biphasic IE': 5, 'biphasic EI': 6}",46.8,0.5298891941017161,0.022333549079157033,0.01581749999999573,0.979585000000003,0.3,0.0,0.0,0.7014025000000004,0.7014025000000004,False,0.0,[1. 1. 1. 1. 1. 1. 1. 1. 1. 1. 1. 1. 1. 1. 1. 1. 1. 1. 1. 1.],50.90339286467843,2.2028293091481674,0.01953578137490008,37.19628667578779,0.6670427269052092,0.021914537746170647,,,complete inhibition,0
138,AG8019,7,061422,1.4,4,Naive,82,13,left,/Users/johnparker/paper_repos/Aristieta_Parker_Gao_Gittis_Rubin_2024_D1_GPe/data/d1_msns/pre_processed_data/Naive_D1-MSNs_cell_body_stim/Neuron_0082,/Users/johnparker/paper_repos/Aristieta_Parker_Gao_Gittis_Rubin_2024_D1_GPe/data/d1_msns/pre_processed_data/Naive_D1-MSNs_cell_body_stim,Naive_D1-MSNs_cell_body_stim,True,25,250,0.025,/Users/johnparker/paper_repos/Aristieta_Parker_Gao_Gittis_Rubin_2024_D1_GPe/data/d1_msns/processed_data/Naive_D1-MSNs_cell_body_stim/Neuron_0082,10,0.05,"['no effect', 'no effect', 'excitation', 'biphasic IE', 'no effect', 'excitation', 'excitation', 'no effect', 'no effect', 'excitation']",[3 3 4 5 3 4 4 3 3 4],1.0,1.0,1.0,0.0,99,90,3,3,2,2,"[6.26693726e-19 9.21297577e-17 1.23323025e-16 ... 2.72104743e+00
 2.74349669e+00 3.37267952e+00]",[0.00115955 0.00116757 0.00120642 ... 0.01352978 0.01367547 0.01367743],"{'complete inhibition': 0, 'adapting inhibition': 1, 'partial inhibition': 2, 'no effect': 3, 'excitation': 4, 'biphasic IE': 5, 'biphasic EI': 6}",19.6,0.5913898976763686,0.05151408177372794,0.07800249999998243,0.9564574999999891,22.7,0.5513624336245615,0.04348333740267089,0.04914749999998733,0.958134999999988,True,3.6,"[0.3 0.1 0.7 0.2 0.  0.2 0.8 1.  0.4 0.2 0.2 0.4 0.2 0.2 0.2 0.2 0.2 0.4
 0.4 0.4]",19.558513228372018,0.8797911019888537,0.051140550363447564,20.12660282421685,0.8659785745331778,0.049711604439959714,1.6702872697744675,0.005603545807234262,no effect,3
139,AG8019,7,061422,1.4,1,Naive,76,5,right,/Users/johnparker/paper_repos/Aristieta_Parker_Gao_Gittis_Rubin_2024_D1_GPe/data/d1_msns/pre_processed_data/Naive_D1-MSNs_cell_body_stim/Neuron_0076,/Users/johnparker/paper_repos/Aristieta_Parker_Gao_Gittis_Rubin_2024_D1_GPe/data/d1_msns/pre_processed_data/Naive_D1-MSNs_cell_body_stim,Naive_D1-MSNs_cell_body_stim,True,25,250,0.025,/Users/johnparker/paper_repos/Aristieta_Parker_Gao_Gittis_Rubin_2024_D1_GPe/data/d1_msns/processed_data/Naive_D1-MSNs_cell_body_stim/Neuron_0076,8,0.05,"['partial inhibition', 'partial inhibition', 'complete inhibition', 'partial inhibition', 'partial inhibition', 'partial inhibition', 'partial inhibition', 'partial inhibition']",[2 2 0 2 2 2 2 2],1.0,1.0,1.0,0.0,99,90,3,3,2,2,[1.01706362 1.0901411  1.11260158 ... 6.50953251 6.53650477 6.64640811],[1.35329049 1.50935284 1.59302619 ... 6.61643053 6.64640811 7.0914995 ],"{'complete inhibition': 0, 'adapting inhibition': 1, 'partial inhibition': 2, 'no effect': 3, 'excitation': 4, 'biphasic IE': 5, 'biphasic EI': 6}",82.125,0.40111204317835036,0.012428756911058401,0.01204999999999945,0.9908937499999979,42.125,0.8238276572702046,0.017870586263428103,0.007465624999999143,0.6731718750000004,False,1.75,"[0.875 0.25  0.125 0.125 0.625 0.375 0.375 0.5   0.375 0.25  0.625 0.625
 0.5   0.75  0.875 0.875 0.875 1.    1.    1.   ]",79.92338681333912,1.1124414658087238,0.012211186673321689,49.43365167421848,9.877257416483522,0.019841747376916862,5.177647572599029,3.0286462012760627,partial inhibition,2
140,AG7499,2,011122,1.7,2,Naive,49,9,right,/Users/johnparker/paper_repos/Aristieta_Parker_Gao_Gittis_Rubin_2024_D1_GPe/data/d1_msns/pre_processed_data/Naive_D1-MSNs_cell_body_stim/Neuron_0049,/Users/johnparker/paper_repos/Aristieta_Parker_Gao_Gittis_Rubin_2024_D1_GPe/data/d1_msns/pre_processed_data/Naive_D1-MSNs_cell_body_stim,Naive_D1-MSNs_cell_body_stim,True,25,250,0.025,/Users/johnparker/paper_repos/Aristieta_Parker_Gao_Gittis_Rubin_2024_D1_GPe/data/d1_msns/processed_data/Naive_D1-MSNs_cell_body_stim/Neuron_0049,10,0.05,"['adapting inhibition', 'partial inhibition', 'adapting inhibition', 'partial inhibition', 'adapting inhibition', 'adapting inhibition', 'partial inhibition', 'adapting inhibition', 'adapting inhibition', 'adapting inhibition']",[1 2 1 2 1 1 2 1 1 1],1.0,1.0,1.0,0.0,99,90,3,3,2,2,"[1.18271631e-30 1.73110458e-21 4.81152948e-14 ... 4.33527011e+00
 4.56528549e+00 4.63724148e+00]",[0.00067736 0.00069335 0.00072903 ... 0.01683308 0.01683308 0.01683308],"{'complete inhibition': 0, 'adapting inhibition': 1, 'partial inhibition': 2, 'no effect': 3, 'excitation': 4, 'biphasic IE': 5, 'biphasic EI': 6}",44.8,0.5093322958594152,0.023694602166016297,0.01296499999999554,0.9850299999999969,23.0,0.7133472464014172,0.04338858166023885,0.12784000000000048,0.9848974999999995,True,1.3,"[1.  1.  1.  0.9 0.9 1.  1.  1.  1.  1.  0.8 0.7 0.7 0.7 0.5 0.4 0.5 0.4
 0.4 0.4]",36.806511946300446,0.817565294865183,0.027165542328042327,35.99543852306774,0.5434204515136668,0.020447373760144258,2.9914496503464933,0.0017665775227277906,adapting inhibition,1
141,AG7960,1,062122,1.7,5,Naive,71,15,left,/Users/johnparker/paper_repos/Aristieta_Parker_Gao_Gittis_Rubin_2024_D1_GPe/data/d1_msns/pre_processed_data/Naive_D1-MSNs_cell_body_stim/Neuron_0071,/Users/johnparker/paper_repos/Aristieta_Parker_Gao_Gittis_Rubin_2024_D1_GPe/data/d1_msns/pre_processed_data/Naive_D1-MSNs_cell_body_stim,Naive_D1-MSNs_cell_body_stim,True,25,250,0.025,/Users/johnparker/paper_repos/Aristieta_Parker_Gao_Gittis_Rubin_2024_D1_GPe/data/d1_msns/processed_data/Naive_D1-MSNs_cell_body_stim/Neuron_0071,10,0.05,"['partial inhibition', 'complete inhibition', 'complete inhibition', 'complete inhibition', 'complete inhibition', 'complete inhibition', 'partial inhibition', 'complete inhibition', 'complete inhibition', 'complete inhibition']",[2 0 0 0 0 0 2 0 0 0],1.0,1.0,1.0,0.0,99,90,3,3,2,2,"[0.6028677846837094, 0.06221903487240072, 0.00020272429557838357, 8.051226420591079e-06, 0.010388488110450091, 0.3678890470886317, 0.5763709803479407, 0.051661617344451655, 0.3073833162239625, 0.6839253419450254, 0.681876662200552, 0.3137153850138853, 0.006777221781491232, 3.903811325661405e-06, 4.831657129094238e-11, 1.1869107070818842e-17, 5.59093547827977e-26, 4.9617000320971186e-36, 8.211884110043347e-48, 2.518583064508563e-61, 0.602868129292749, 0.06374375420152498, 0.16700763474628116, 0.704920666809247, 0.6223734575551586, 0.4812976773395302, 0.03746348510258886, 0.41262170145317034, 0.538440741257998, 0.03448544194903233, 6.686636348242517e-05, 2.9212129405151432e-09, 2.5800917377494857e-15, 4.407465303271452e-23, 1.4250713885217888e-32, 8.616933869537809e-44, 9.672598369173656e-57, 2.005928282763478e-71, 7.659915200673384e-88, 5.373127495042995e-106, 0.602869473402525, 0.06630572793025631, 0.2563538004866943, 0.6979949021032829, 0.6630690337214828, 0.36829845538986744, 0.01039012774522561, 8.053332685930752e-06, 0.00020267974959103146, 0.06221194745347044, 0.6173066529344838, 0.3134975961065997, 0.006777204758899712, 3.903811298479122e-06, 4.8316571290098915e-11, 1.1869107070818346e-17, 5.590935478279769e-26, 4.9617000320971186e-36, 8.211884110043347e-48, 2.518583064508563e-61, 0.602869473402518, 0.06630572177168449, 0.2562432302714395, 0.6527639956079162, 0.08671816037572648, 0.00038893649381472315, 3.6117983095287387e-06, 0.006425199859750693, 0.3072727207535993, 0.6839253357843578, 0.6818766622005449, 0.3137153850138853, 0.006777221781491232, 3.903811325661405e-06, 4.831657129094238e-11, 1.1869107070818842e-17, 5.59093547827977e-26, 4.9617000320971186e-36, 8.211884110043347e-48, 2.518583064508563e-61, 0.6028677846837094, 0.06221903487240072, 0.00020272429557838357, 8.051226420591079e-06, 0.010388488110450091, 0.3678890470886317, 0.5763709803479407, 0.051661617344451655, 0.3073833162239625, 0.6839253419450254, 0.681876662200552, 0.3137153850138853, 0.006777221781491232, 3.903811325661405e-06, 4.831657129094238e-11, 1.1869107070818842e-17, 5.59093547827977e-26, 4.9617000320971186e-36, 8.211884110043347e-48, 2.518583064508563e-61, 0.6028677846837094, 0.06221903487240072, 0.00020272429557838357, 8.051226420591079e-06, 0.010388488110450091, 0.3678890470886317, 0.5763709803479407, 0.051661617344451655, 0.3073833162239625, 0.6839253419450254, 0.681876662200552, 0.3137153850138853, 0.006777221781491232, 3.903811325661405e-06, 4.831657129094238e-11, 1.1869107070818842e-17, 5.59093547827977e-26, 4.9617000320971186e-36, 8.211884110043347e-48, 2.518583064508563e-61, 0.6673952357167068, 0.6839191858002491, 0.3073224620830994, 0.028624190014479547, 0.47457240657449906, 0.48011094053720943, 0.023059828570436817, 3.2288350839675176e-05, 5.798001244351435e-05, 0.03189950422824363, 0.5272507355484073, 0.42504170585188383, 0.015733624969257048, 1.644764902430179e-05, 3.7736183959526617e-10, 1.7328473263288565e-16, 1.5318970355556842e-24, 2.556916619412971e-34, 7.969551590829541e-46, 4.606988512069061e-59, 0.6673952357167063, 0.683919184890965, 0.3072922957488721, 0.006426248207722233, 3.6127582315102935e-06, 0.00038885477242844407, 0.08670904231062716, 0.6527543478356236, 0.25611661841517674, 0.035986892018535784, 0.5272524247468798, 0.4250417058667292, 0.01573362496925705, 1.644764902430179e-05, 3.7736183959526617e-10, 1.7328473263288565e-16, 1.5318970355556842e-24, 2.556916619412971e-34, 7.969551590829541e-46, 4.606988512069061e-59, 0.6673952357167133, 0.6839191910495369, 0.30740286596412697, 0.05165715470299995, 0.5763544453254569, 0.36792362278223034, 0.024793515591282, 0.4125974535289884, 0.538440740389077, 0.03448544194903175, 6.686636348242517e-05, 2.9212129405151432e-09, 2.5800917377494857e-15, 4.407465303271452e-23, 1.4250713885217888e-32, 8.616933869537809e-44, 9.672598369173656e-57, 2.005928282763478e-71, 7.659915200673384e-88, 5.373127495042995e-106, 0.602868129292749, 0.06374375420152498, 0.16700763474628116, 0.7049206668092469, 0.6223734572528185, 0.48128357353854473, 0.02306005616243166, 3.2288351760103264e-05, 5.798001244351442e-05, 0.03189950422824363, 0.5272507355484073, 0.42504170585188383, 0.015733624969257048, 1.644764902430179e-05, 3.7736183959526617e-10, 1.7328473263288565e-16, 1.5318970355556842e-24, 2.556916619412971e-34, 7.969551590829541e-46, 4.606988512069061e-59, 0.052038794838566535, 0.5950455626358522, 0.3440852395867847, 0.013701903796022964, 0.2789757981706841, 0.6397379766942378, 0.07594751707698125, 0.0002989770098904649, 2.7513363266493188e-08, 2.2022055018665252e-11, 2.2331938977295095e-06, 0.004843176325145984, 0.2744500157121113, 0.642433680773104, 0.0779934957257456, 0.025348617805615273, 0.4920733300813265, 0.462414356497507, 0.02041509465020676, 2.599827516545894e-05, 0.052038794838566535, 0.5950455626129845, 0.3440831395429406, 0.010018834858921698, 0.158298299495258, 0.6885690794879553, 0.4440422880895967, 0.6354228588588157, 0.07228168576809377, 0.06790430672641747, 0.6270710358678526, 0.2990474763260745, 0.00600524478156089, 3.190031081561349e-06, 3.631557834626171e-11, 8.196905570493941e-18, 3.5459460207461515e-26, 2.8891707943953588e-36, 4.389423468471606e-48, 1.2356496620327304e-61, 0.052038794838566535, 0.5950455626129845, 0.3440831395429406, 0.010018834858921698, 0.158298299495258, 0.6885690794879553, 0.4440422880895641, 0.6354228393555994, 0.0720433885130523, 0.0002695470210026037, 2.3506548175834324e-08, 2.6561985464538488e-11, 2.5527166237017113e-06, 0.0052511141739894455, 0.28353205185801206, 0.6369570999517857, 0.07397326766436006, 0.00028388817765011195, 2.5431012297657574e-08, 4.666742533291469e-14, 0.052038794838566535, 0.5950455626358522, 0.3440852395867847, 0.013701903796022964, 0.2789757981706841, 0.6397379766942378, 0.07594751707698125, 0.0002989770098904649, 2.7513363266493188e-08, 2.2022055018667074e-11, 2.233193897928891e-06, 0.004843176745092103, 0.27446772733226477, 0.6588485345364037, 0.509018693133129, 0.5220597936562795, 0.03070575253146746, 5.4086712360921536e-05, 2.1371329642047832e-09, 1.704371995821441e-15, 0.052038909191992645, 0.5958008183823377, 0.4641514737130857, 0.684807476275644, 0.20072450390961696, 0.0023079478663970586, 6.679788108719491e-07, 4.39371186765653e-12, 1.0609359001316867e-07, 0.0007196859035739132, 0.11731666835189163, 0.6749635588687624, 0.2045909265784362, 0.007662004570606693, 0.2835327684034743, 0.6369570999562724, 0.07397326766436006, 0.00028388817765011195, 2.5431012297657574e-08, 4.666742533291469e-14, 0.052038794838566535, 0.5950455626129845, 0.3440831395429406, 0.010018834858921698, 0.158298299495258, 0.6885690794879553, 0.4440422880895967, 0.6354228588588157, 0.07228168576809377, 0.06790430672641747, 0.6270710358678526, 0.2990474763260745, 0.00600524478156089, 3.190031081561349e-06, 3.631557834626171e-11, 8.196905570493941e-18, 3.5459460207461515e-26, 2.8891707943953588e-36, 4.389423468471606e-48, 1.2356496620327304e-61, 0.052038909191992645, 0.5958008183823377, 0.4641514737130859, 0.6848074767341682, 0.20074332574631865, 0.01930290821892275, 0.4360166509279762, 0.5171691177151615, 0.02998836519040684, 0.06768582600127383, 0.627071014325319, 0.299047476326034, 0.00600524478156089, 3.190031081561349e-06, 3.631557834626171e-11, 8.196905570493941e-18, 3.5459460207461515e-26, 2.8891707943953588e-36, 4.389423468471606e-48, 1.2356496620327304e-61, 0.052038794838566535, 0.5950455626358522, 0.3440852395867847, 0.013701903796022964, 0.278975798170685, 0.6397379780494767, 0.07598716677759104, 0.026161025446996358, 0.4970522437682689, 0.52515790658338, 0.6468077763556987, 0.2990719657926963, 0.006005245453018415, 3.190031081930795e-06, 3.631557834626563e-11, 8.196905570493943e-18, 3.5459460207461515e-26, 2.8891707943953588e-36, 4.389423468471606e-48, 1.2356496620327304e-61, 0.052038794838566535, 0.5950455626117147, 0.34408285195084715, 0.008658691517638121, 5.896316910751686e-06, 8.67683635144558e-11, 8.439793305086736e-09, 0.0001365552284722629, 0.050594811270845544, 0.5913139877864296, 0.34895606891747544, 0.010291596062686854, 0.15498358603648882, 0.6830893679224153, 0.15929283816668227, 0.026412135798621478, 0.4920735940077461, 0.4624143564987563, 0.02041509465020676, 2.599827516545894e-05, 0.052038794838566535, 0.5950455626358522, 0.3440852395867847, 0.013701903796022964, 0.278975798170685, 0.6397379780494767, 0.07598716677759104, 0.026161025446996358, 0.4970522437682689, 0.52515790658338, 0.6468077763556987, 0.2990719657926963, 0.006005245453018415, 3.190031081930795e-06, 3.631557834626563e-11, 8.196905570493943e-18, 3.5459460207461515e-26, 2.8891707943953588e-36, 4.389423468471606e-48, 1.2356496620327304e-61]","[0.011992612083689316, 0.011913615141601813, 0.011628969025562328, 0.010929585531732375, 0.00972548182689465, 0.008508066878788058, 0.007277294386431783, 0.006112659527672024, 0.006170941360110898, 0.009184090879453913, 0.012601701630125492, 0.01627241530850184, 0.02011673673673677, 0.022977974774774784, 0.023129379379379388, 0.023129379379379388, 0.023129379379379388, 0.02312937937937944, 0.023129379379379388, 0.02266679179179181, 0.005750044499369809, 0.005512911634075605, 0.005746940461112583, 0.006022360249240791, 0.00627686426133788, 0.00715072089162642, 0.011426508754894819, 0.01611953991599125, 0.0205501001001, 0.02496901901901891, 0.02903442442442428, 0.02982982982982965, 0.02982982982982965, 0.02982982982982965, 0.02982982982982965, 0.02982982982982965, 0.02982982982982965, 0.029829829829829718, 0.029829829829829645, 0.029233233233233066, 0.007263804952615275, 0.007592122657293005, 0.00820966911373025, 0.009279587967200511, 0.010554564293724443, 0.011949930203576643, 0.013286705192875706, 0.014242042996410877, 0.014737629664252095, 0.0148335461480714, 0.015231606606606515, 0.016027652652652585, 0.01682369869869867, 0.01761974474474475, 0.018415790790790837, 0.018813813813813876, 0.018813813813813876, 0.01881381381381392, 0.018813813813813883, 0.01843753753753761, 0.005750044499369809, 0.005702481338225364, 0.006848934658250068, 0.008503879582804416, 0.010178053264571142, 0.012118066051015815, 0.014030078671778004, 0.014800849728990156, 0.015081261661661538, 0.01650793793793785, 0.01808751751751745, 0.019667097097097023, 0.02124667667667662, 0.02257857817817813, 0.022731481481481436, 0.022731481481481436, 0.022731481481481436, 0.022731481481481488, 0.02273148148148144, 0.02227685185185182, 0.009939604315259304, 0.01119295004312279, 0.011874681503750182, 0.01274981328659366, 0.012874586579281632, 0.012313851604323835, 0.01124854934900851, 0.010189057516713966, 0.009339781888119193, 0.008716812716143859, 0.009388218068856017, 0.011353427590257082, 0.013473473473473541, 0.015609609609609675, 0.017745745745745813, 0.018813813813813876, 0.018813813813813876, 0.01881381381381392, 0.018813813813813883, 0.01843753753753761, 0.005465889622715553, 0.005346041716035851, 0.005745921714411805, 0.006163400543214615, 0.006561861660201645, 0.00756055570304227, 0.011807835303808066, 0.016373644352756313, 0.02071721721721714, 0.025056556556556458, 0.029048748748748607, 0.02982982982982965, 0.02982982982982965, 0.02982982982982965, 0.02982982982982965, 0.02982982982982965, 0.02982982982982965, 0.029829829829829718, 0.029829829829829645, 0.029233233233233066, 0.009939434618907592, 0.011146668291634312, 0.011661819792407836, 0.012224660977539922, 0.011887557510829636, 0.010719305066929807, 0.008939532901753748, 0.007197653146100871, 0.006802508070957694, 0.009489260303025252, 0.012699481013474716, 0.016280827891966367, 0.02011673673673677, 0.022977974774774784, 0.023129379379379388, 0.023129379379379388, 0.023129379379379388, 0.02312937937937944, 0.023129379379379388, 0.02266679179179181, 0.005750044499369809, 0.005512911634075605, 0.005746940461112583, 0.006022360249240791, 0.00627686426133788, 0.00715072089162642, 0.011426508754894819, 0.01611953991599125, 0.0205501001001, 0.02496901901901891, 0.02903442442442428, 0.02982982982982965, 0.02982982982982965, 0.02982982982982965, 0.02982982982982965, 0.02982982982982965, 0.02982982982982965, 0.029829829829829718, 0.029829829829829645, 0.029233233233233066, 0.005466913382668621, 0.005625254576262141, 0.006990780807939596, 0.008718683617723532, 0.01045723482480061, 0.012448167726021761, 0.014244684981505369, 0.014822776985969654, 0.01526363763763752, 0.016857757757757684, 0.018516916916916874, 0.020176076076076035, 0.02183523523523522, 0.02306434034034035, 0.023129379379379388, 0.023129379379379388, 0.023129379379379388, 0.02312937937937944, 0.023129379379379388, 0.02266679179179181, 0.01039938616680839, 0.011156425242522307, 0.01146209892704729, 0.012190163594256771, 0.011552410316879896, 0.010380374742975493, 0.009376390028485157, 0.008611881918253194, 0.008885151623908771, 0.011558273019325757, 0.014570504014431971, 0.01764906406406408, 0.020727892892892903, 0.023008689289289293, 0.023129379379379388, 0.023129379379379388, 0.023129379379379388, 0.02312937937937944, 0.023129379379379388, 0.02266679179179181, 0.006791596499520634, 0.008742201585179047, 0.010643886493216749, 0.013478049482755508, 0.016037443788218496, 0.01730822323286095, 0.017615391686631395, 0.016999824396287885, 0.015725556523643092, 0.014373821342008198, 0.013022436451731723, 0.011747440395594827, 0.010719522974040179, 0.00996195258881251, 0.009452212823495367, 0.009087630263607007, 0.008897820320320415, 0.008737993984290381, 0.008601244582643901, 0.008262076732814781, 0.009925549028919588, 0.011810949415452014, 0.012615040111150694, 0.014082407687139014, 0.014672061499352327, 0.012883569555448691, 0.01093347668474086, 0.009030392691629887, 0.0077107245551429155, 0.0072505842576313425, 0.007300657326929274, 0.007740845985111221, 0.008536598544042054, 0.009487358925595248, 0.010126419501773924, 0.010645285285284656, 0.011164054054052937, 0.011669958379415658, 0.011828078078076332, 0.011591516516514811, 0.005728886210917403, 0.006051997210444084, 0.005960935183805147, 0.0060877633618727734, 0.006540505010728988, 0.006841248364162635, 0.007359255170660325, 0.008121340761891672, 0.009666926215188953, 0.012676993031296031, 0.01548336336336314, 0.018273153153152494, 0.021062942942941865, 0.023088888288286896, 0.02318318318318178, 0.02318318318318178, 0.02318318318318178, 0.02318318318318183, 0.023183183183181775, 0.022719519519518155, 0.0061892172798401176, 0.006989480944854381, 0.007434528292372126, 0.008167320678272387, 0.008549042661096982, 0.008022472933955135, 0.0072364767875897325, 0.006360123396274434, 0.006569509642482256, 0.009582336440122446, 0.01296705176891834, 0.016591273758079124, 0.0203347047047035, 0.02305650085084945, 0.02318318318318178, 0.02318318318318178, 0.02318318318318178, 0.02318318318318183, 0.023183183183181775, 0.022719519519518155, 0.009925549028919588, 0.011810949415452014, 0.012615040111150694, 0.014082407687139014, 0.014672061499352327, 0.012883569555448691, 0.01093347668474086, 0.009030392691629887, 0.0077107245551429155, 0.0072505842576313425, 0.007300657326929274, 0.007740845985111221, 0.008536598544042054, 0.009487358925595248, 0.010126419501773924, 0.010645285285284656, 0.011164054054052937, 0.011669958379415658, 0.011828078078076332, 0.011591516516514811, 0.009925549028919588, 0.011810949415452014, 0.012615040111150694, 0.014082407687139014, 0.014672061499352327, 0.012883569555448691, 0.01093347668474086, 0.009030392691629887, 0.0077107245551429155, 0.0072505842576313425, 0.007300657326929274, 0.007740845985111221, 0.008536598544042054, 0.009487358925595248, 0.010126419501773924, 0.010645285285284656, 0.011164054054052937, 0.011669958379415658, 0.011828078078076332, 0.011591516516514811, 0.006054963436260956, 0.0068774473707823545, 0.007398255271899611, 0.008441131549334005, 0.00990152331730666, 0.011324774717530097, 0.013247982423094794, 0.015425256767075766, 0.01742301477241755, 0.018880217468235486, 0.019750202956421783, 0.02004662043130528, 0.020057557557558375, 0.020057557557558378, 0.01988870980981058, 0.018783706206206698, 0.017534832332332512, 0.01633631493194677, 0.015310848532374088, 0.013751247740874224, 0.01005132227329681, 0.01212933885411355, 0.01316956434126042, 0.015015739341475393, 0.016097615295856786, 0.01484047757365393, 0.013422327657661224, 0.01202005778841122, 0.010814871354189985, 0.009922078309640137, 0.00934349033793257, 0.009070496649103194, 0.00906788786727084, 0.009151825633608276, 0.009184483577056422, 0.009061726891321056, 0.008897820320320415, 0.008737993984290381, 0.008601244582643901, 0.008262076732814781, 0.004935133680573369, 0.005824999184923599, 0.006483800592174591, 0.007340846956010685, 0.008252816210294828, 0.008881204650415668, 0.009088721561342203, 0.00916743450985329, 0.00997931210052244, 0.012692633945828714, 0.01548336336336314, 0.018273153153152494, 0.021062942942941865, 0.023088888288286896, 0.02318318318318178, 0.02318318318318178, 0.02318318318318178, 0.02318318318318183, 0.023183183183181775, 0.022719519519518155, 0.005006021316421734, 0.0059870695140105045, 0.006671438859884968, 0.007516498883144131, 0.008359402470267285, 0.008843634053272756, 0.0088588898674116, 0.008778728608264869, 0.00952030155540409, 0.012295967259726169, 0.01518981981981947, 0.018085965965965227, 0.02098211211211099, 0.023085293443442047, 0.02318318318318178, 0.02318318318318178, 0.02318318318318178, 0.02318318318318183, 0.023183183183181775, 0.022719519519518155]","{'complete inhibition': 0, 'adapting inhibition': 1, 'partial inhibition': 2, 'no effect': 3, 'excitation': 4, 'biphasic IE': 5, 'biphasic EI': 6}",4.6,0.5467645525392724,0.2581919166666691,0.21420750000000552,0.8851925000000129,3.9,0.5881141252589395,0.18585991666667015,0.19118000000000138,0.6612975000000041,True,0.4,"[1.  0.9 0.8 0.8 0.8 0.8 0.8 0.8 1.  0.8 0.8 1.  0.8 0.8 1.  0.8 0.9 1.
 1.  1. ]",4.950512698930903,0.9412539386497598,0.20138502066115702,5.806156869116491,0.9780784273372687,0.17240264084507048,,,no effect,3
142,AG8019,7,061422,1.1,3,Naive,85,3,right,/Users/johnparker/paper_repos/Aristieta_Parker_Gao_Gittis_Rubin_2024_D1_GPe/data/d1_msns/pre_processed_data/Naive_D1-MSNs_cell_body_stim/Neuron_0085,/Users/johnparker/paper_repos/Aristieta_Parker_Gao_Gittis_Rubin_2024_D1_GPe/data/d1_msns/pre_processed_data/Naive_D1-MSNs_cell_body_stim,Naive_D1-MSNs_cell_body_stim,True,25,250,0.025,/Users/johnparker/paper_repos/Aristieta_Parker_Gao_Gittis_Rubin_2024_D1_GPe/data/d1_msns/processed_data/Naive_D1-MSNs_cell_body_stim/Neuron_0085,10,0.05,"['excitation', 'excitation', 'no effect', 'excitation', 'excitation', 'no effect', 'excitation', 'excitation', 'excitation', 'excitation']",[4 4 3 4 4 3 4 4 4 4],1.0,1.0,1.0,0.0,99,90,3,3,2,2,[0.27870205 0.62960487 0.70299433 ... 7.3279424  7.73676698 8.2288898 ],[0.28671985 0.85230447 0.89722784 ... 7.3279424  7.73676698 8.2288898 ],"{'complete inhibition': 0, 'adapting inhibition': 1, 'partial inhibition': 2, 'no effect': 3, 'excitation': 4, 'biphasic IE': 5, 'biphasic EI': 6}",69.4,0.3390901564457204,0.016104354952831253,0.00838000000000889,0.991642499999999,94.4,0.4106555615966963,0.010923674482879921,0.00975249999999619,0.9943774999999974,False,3.8,"[0.2 1.2 1.2 1.1 1.  1.2 1.  1.  1.2 1.2 1.  1.2 1.2 1.2 1.2 1.4 1.6 1.4
 1.4 1.2]",88.70362950444293,0.427613801519656,0.01127406146485094,62.10070106060816,0.3576121171969414,0.015178962933753969,5.239705084992034,1.837070412132413,excitation,4
143,AG7499,2,011122,1.7,2,Naive,47,5,right,/Users/johnparker/paper_repos/Aristieta_Parker_Gao_Gittis_Rubin_2024_D1_GPe/data/d1_msns/pre_processed_data/Naive_D1-MSNs_cell_body_stim/Neuron_0047,/Users/johnparker/paper_repos/Aristieta_Parker_Gao_Gittis_Rubin_2024_D1_GPe/data/d1_msns/pre_processed_data/Naive_D1-MSNs_cell_body_stim,Naive_D1-MSNs_cell_body_stim,True,25,250,0.025,/Users/johnparker/paper_repos/Aristieta_Parker_Gao_Gittis_Rubin_2024_D1_GPe/data/d1_msns/processed_data/Naive_D1-MSNs_cell_body_stim/Neuron_0047,10,0.05,"['complete inhibition', 'complete inhibition', 'complete inhibition', 'complete inhibition', 'complete inhibition', 'complete inhibition', 'complete inhibition', 'complete inhibition', 'complete inhibition', 'complete inhibition']",[0 0 0 0 0 0 0 0 0 0],1.0,1.0,1.0,0.0,99,90,3,3,2,2,[],[],"{'complete inhibition': 0, 'adapting inhibition': 1, 'partial inhibition': 2, 'no effect': 3, 'excitation': 4, 'biphasic IE': 5, 'biphasic EI': 6}",22.0,0.7126177198997371,0.05519992476372497,0.04376499999999552,0.956032499999995,0.3,0.0,0.0,0.8004000000000004,0.8004000000000004,True,0.0,[1. 1. 1. 1. 1. 1. 1. 1. 1. 1. 1. 1. 1. 1. 1. 1. 1. 1. 1. 1.],25.490536505282037,0.9186807044469021,0.03919245036572623,16.70987152955858,2.381589869097124,0.057683931419457726,,,complete inhibition,0
144,AG8019,7,061422,1.4,1,Naive,78,9,right,/Users/johnparker/paper_repos/Aristieta_Parker_Gao_Gittis_Rubin_2024_D1_GPe/data/d1_msns/pre_processed_data/Naive_D1-MSNs_cell_body_stim/Neuron_0078,/Users/johnparker/paper_repos/Aristieta_Parker_Gao_Gittis_Rubin_2024_D1_GPe/data/d1_msns/pre_processed_data/Naive_D1-MSNs_cell_body_stim,Naive_D1-MSNs_cell_body_stim,True,25,250,0.025,/Users/johnparker/paper_repos/Aristieta_Parker_Gao_Gittis_Rubin_2024_D1_GPe/data/d1_msns/processed_data/Naive_D1-MSNs_cell_body_stim/Neuron_0078,10,0.05,"['complete inhibition', 'complete inhibition', 'complete inhibition', 'complete inhibition', 'complete inhibition', 'complete inhibition', 'complete inhibition', 'complete inhibition', 'complete inhibition', 'complete inhibition']",[0 0 0 0 0 0 0 0 0 0],1.0,1.0,1.0,0.0,99,90,3,3,2,2,[],[],"{'complete inhibition': 0, 'adapting inhibition': 1, 'partial inhibition': 2, 'no effect': 3, 'excitation': 4, 'biphasic IE': 5, 'biphasic EI': 6}",18.5,0.6939105289761128,0.06125421682944937,0.02095249999999993,0.959997500000003,0.1,0.0,0.0,0.9751975000000016,0.9751975000000016,True,0.0,[1. 1. 1. 1. 1. 1. 1. 1. 1. 1. 1. 1. 1. 1. 1. 1. 1. 1. 1. 1.],20.92074689915559,0.7574174805185172,0.04775939629990263,19.92355176485732,1.0915549243553349,0.04420224948875251,,,complete inhibition,0
145,AG7499,2,011122,1.1,6,Naive,40,2,left,/Users/johnparker/paper_repos/Aristieta_Parker_Gao_Gittis_Rubin_2024_D1_GPe/data/d1_msns/pre_processed_data/Naive_D1-MSNs_cell_body_stim/Neuron_0040,/Users/johnparker/paper_repos/Aristieta_Parker_Gao_Gittis_Rubin_2024_D1_GPe/data/d1_msns/pre_processed_data/Naive_D1-MSNs_cell_body_stim,Naive_D1-MSNs_cell_body_stim,True,25,250,0.025,/Users/johnparker/paper_repos/Aristieta_Parker_Gao_Gittis_Rubin_2024_D1_GPe/data/d1_msns/processed_data/Naive_D1-MSNs_cell_body_stim/Neuron_0040,10,0.05,"['complete inhibition', 'complete inhibition', 'complete inhibition', 'complete inhibition', 'complete inhibition', 'complete inhibition', 'complete inhibition', 'complete inhibition', 'complete inhibition', 'complete inhibition']",[0 0 0 0 0 0 0 0 0 0],1.0,1.0,1.0,0.0,99,90,3,3,2,2,[],[],"{'complete inhibition': 0, 'adapting inhibition': 1, 'partial inhibition': 2, 'no effect': 3, 'excitation': 4, 'biphasic IE': 5, 'biphasic EI': 6}",20.2,0.5449537091134813,0.05196192307617492,0.038862499999996206,0.9536024999999988,0.1,0.0,0.0,0.9002174999999994,0.9002174999999994,True,0.0,[1. 1. 1. 1. 1. 1. 1. 1. 1. 1. 1. 1. 1. 1. 1. 1. 1. 1. 1. 1.],11.81684675322288,0.6334962266074495,0.08434704899777283,13.99639848770621,1.4620871229326764,0.05907015977443607,,,complete inhibition,0
146,AG8017,4,070722,1.4,1,Naive,23,2,right,/Users/johnparker/paper_repos/Aristieta_Parker_Gao_Gittis_Rubin_2024_D1_GPe/data/d1_msns/pre_processed_data/Naive_D1-MSNs_cell_body_stim/Neuron_0023,/Users/johnparker/paper_repos/Aristieta_Parker_Gao_Gittis_Rubin_2024_D1_GPe/data/d1_msns/pre_processed_data/Naive_D1-MSNs_cell_body_stim,Naive_D1-MSNs_cell_body_stim,True,25,250,0.025,/Users/johnparker/paper_repos/Aristieta_Parker_Gao_Gittis_Rubin_2024_D1_GPe/data/d1_msns/processed_data/Naive_D1-MSNs_cell_body_stim/Neuron_0023,10,0.05,"['biphasic IE', 'no effect', 'adapting inhibition', 'partial inhibition', 'adapting inhibition', 'partial inhibition', 'biphasic IE', 'partial inhibition', 'no effect', 'adapting inhibition']",[5 3 1 2 1 2 5 2 3 1],1.0,1.0,1.0,0.0,99,90,3,3,2,2,"[2.52426782e-23 1.65100513e-15 1.47097077e-13 ... 4.47072733e+00
 4.73402345e+00 5.99393610e+00]",[0.00077535 0.00077622 0.00078596 ... 0.01457247 0.01486987 0.01486987],"{'complete inhibition': 0, 'adapting inhibition': 1, 'partial inhibition': 2, 'no effect': 3, 'excitation': 4, 'biphasic IE': 5, 'biphasic EI': 6}",34.7,0.7558899302528015,0.031356397268659145,0.014687500000005826,0.9662875000000021,27.9,0.7661538467176784,0.03429189348438629,0.1312275000000099,0.9771749999999905,True,2.5,"[0.9 0.8 0.8 0.5 0.4 0.6 0.3 0.3 0.1 0.1 0.3 0.2 0.4 0.5 0.3 0.3 0.4 0.6
 0.5 0.2]",40.64515801084752,0.727079762514894,0.024597772772772773,34.34200694363255,1.4793084513013575,0.029118646327014237,2.814141775843447,0.0039584418159317345,adapting inhibition,1
147,AG8017,4,070722,1.1,7,Naive,24,12,right,/Users/johnparker/paper_repos/Aristieta_Parker_Gao_Gittis_Rubin_2024_D1_GPe/data/d1_msns/pre_processed_data/Naive_D1-MSNs_cell_body_stim/Neuron_0024,/Users/johnparker/paper_repos/Aristieta_Parker_Gao_Gittis_Rubin_2024_D1_GPe/data/d1_msns/pre_processed_data/Naive_D1-MSNs_cell_body_stim,Naive_D1-MSNs_cell_body_stim,True,25,250,0.025,/Users/johnparker/paper_repos/Aristieta_Parker_Gao_Gittis_Rubin_2024_D1_GPe/data/d1_msns/processed_data/Naive_D1-MSNs_cell_body_stim/Neuron_0024,10,0.05,"['biphasic IE', 'adapting inhibition', 'adapting inhibition', 'biphasic IE', 'biphasic IE', 'biphasic IE', 'adapting inhibition', 'partial inhibition', 'adapting inhibition', 'excitation']",[5 1 1 5 5 5 1 2 1 4],1.0,1.0,1.0,0.0,99,90,3,3,2,2,[0.         0.         0.         ... 8.0339437  8.34787886 9.41587511],[0.         0.         0.         ... 0.02592593 0.02592593 0.02592593],"{'complete inhibition': 0, 'adapting inhibition': 1, 'partial inhibition': 2, 'no effect': 3, 'excitation': 4, 'biphasic IE': 5, 'biphasic EI': 6}",44.2,0.7517849973195104,0.0367621360113274,0.17471750000000127,0.9915250000000008,31.4,1.151618515603194,0.02888132465919348,0.15250999999999876,0.9917974999999999,True,3.0,"[1.1 1.1 1.1 1.2 1.  0.9 1.  0.6 0.6 0.6 0.6 0.6 0.9 0.6 0.4 0.8 1.  1.
 1.2 1.2]",47.16298161575231,1.5376534629926708,0.021209031357388313,45.84671119710744,1.1329728845991176,0.021793946089262047,5.260006813698556,0.00941542296104912,no effect,3
148,AG8019,8,060922,1.7,2,Naive,12,4,right,/Users/johnparker/paper_repos/Aristieta_Parker_Gao_Gittis_Rubin_2024_D1_GPe/data/d1_msns/pre_processed_data/Naive_D1-MSNs_cell_body_stim/Neuron_0012,/Users/johnparker/paper_repos/Aristieta_Parker_Gao_Gittis_Rubin_2024_D1_GPe/data/d1_msns/pre_processed_data/Naive_D1-MSNs_cell_body_stim,Naive_D1-MSNs_cell_body_stim,True,25,250,0.025,/Users/johnparker/paper_repos/Aristieta_Parker_Gao_Gittis_Rubin_2024_D1_GPe/data/d1_msns/processed_data/Naive_D1-MSNs_cell_body_stim/Neuron_0012,10,0.05,"['complete inhibition', 'complete inhibition', 'complete inhibition', 'complete inhibition', 'complete inhibition', 'complete inhibition', 'complete inhibition', 'complete inhibition', 'complete inhibition', 'complete inhibition']",[0 0 0 0 0 0 0 0 0 0],1.0,1.0,1.0,0.0,99,90,3,3,2,2,[],[],"{'complete inhibition': 0, 'adapting inhibition': 1, 'partial inhibition': 2, 'no effect': 3, 'excitation': 4, 'biphasic IE': 5, 'biphasic EI': 6}",57.1,0.34422987585856457,0.01778517776902755,0.009172500000001804,0.9865100000000077,0.6,0.0,0.0,0.4016475000000085,0.4016475000000085,False,0.0,[1. 1. 1. 1. 1. 1. 1. 1. 1. 1. 1. 1. 1. 1. 1. 1. 1. 1. 1. 1.],52.51010687673415,0.5333531981343009,0.019045110166215694,52.69271544006128,0.27967363693130176,0.015508050847457598,,,complete inhibition,0
149,AG8019,8,060922,1.4,4,Naive,15,4,left,/Users/johnparker/paper_repos/Aristieta_Parker_Gao_Gittis_Rubin_2024_D1_GPe/data/d1_msns/pre_processed_data/Naive_D1-MSNs_cell_body_stim/Neuron_0015,/Users/johnparker/paper_repos/Aristieta_Parker_Gao_Gittis_Rubin_2024_D1_GPe/data/d1_msns/pre_processed_data/Naive_D1-MSNs_cell_body_stim,Naive_D1-MSNs_cell_body_stim,True,25,250,0.025,/Users/johnparker/paper_repos/Aristieta_Parker_Gao_Gittis_Rubin_2024_D1_GPe/data/d1_msns/processed_data/Naive_D1-MSNs_cell_body_stim/Neuron_0015,10,0.05,"['complete inhibition', 'partial inhibition', 'partial inhibition', 'partial inhibition', 'biphasic EI', 'partial inhibition', 'partial inhibition', 'partial inhibition', 'no effect', 'partial inhibition']",[0 2 2 2 6 2 2 2 3 2],1.0,1.0,1.0,0.0,99,90,3,3,2,2,"[4.39532986e-04 4.60522571e-04 1.50025787e-03 ... 3.74150254e+00
 4.06256047e+00 4.15492909e+00]",[0.00074428 0.00079144 0.00079596 ... 0.00615797 0.00655599 0.00754868],"{'complete inhibition': 0, 'adapting inhibition': 1, 'partial inhibition': 2, 'no effect': 3, 'excitation': 4, 'biphasic IE': 5, 'biphasic EI': 6}",31.5,0.6042558562040805,0.033712844614699825,0.024352500000003375,0.9780449999999995,19.6,0.9120898488937236,0.04673068208399789,0.07818500000000057,0.8966349999999998,True,2.3,"[0.8 0.7 0.6 0.5 0.4 0.6 0.4 0.7 0.3 0.5 0.8 0.8 0.8 0.7 0.8 0.7 0.6 0.7
 0.7 0.8]",35.27273440513628,0.7337378825369905,0.028349049605934165,15.985511699825434,1.384480461950402,0.05912625383828055,2.4360966644004036,0.0032339570884353333,partial inhibition,2
150,AG7499,2,011122,1.1,6,Naive,41,4,left,/Users/johnparker/paper_repos/Aristieta_Parker_Gao_Gittis_Rubin_2024_D1_GPe/data/d1_msns/pre_processed_data/Naive_D1-MSNs_cell_body_stim/Neuron_0041,/Users/johnparker/paper_repos/Aristieta_Parker_Gao_Gittis_Rubin_2024_D1_GPe/data/d1_msns/pre_processed_data/Naive_D1-MSNs_cell_body_stim,Naive_D1-MSNs_cell_body_stim,True,25,250,0.025,/Users/johnparker/paper_repos/Aristieta_Parker_Gao_Gittis_Rubin_2024_D1_GPe/data/d1_msns/processed_data/Naive_D1-MSNs_cell_body_stim/Neuron_0041,10,0.05,"['complete inhibition', 'complete inhibition', 'complete inhibition', 'complete inhibition', 'complete inhibition', 'complete inhibition', 'complete inhibition', 'complete inhibition', 'complete inhibition', 'complete inhibition']",[0 0 0 0 0 0 0 0 0 0],1.0,1.0,1.0,0.0,99,90,3,3,2,2,[],[],"{'complete inhibition': 0, 'adapting inhibition': 1, 'partial inhibition': 2, 'no effect': 3, 'excitation': 4, 'biphasic IE': 5, 'biphasic EI': 6}",21.3,0.5952769800247533,0.049813707099763696,0.03043749999998795,0.9728100000000026,0.1,0.0,0.0,0.9003274999999974,0.9003274999999974,True,0.0,[1. 1. 1. 1. 1. 1. 1. 1. 1. 1. 1. 1. 1. 1. 1. 1. 1. 1. 1. 1.],20.06460442575094,0.6136395096133177,0.04986095918367346,11.161549933411207,0.9273204201715471,0.05681149045521292,,,complete inhibition,0
151,AG7499,2,011122,1.7,2,Naive,46,4,right,/Users/johnparker/paper_repos/Aristieta_Parker_Gao_Gittis_Rubin_2024_D1_GPe/data/d1_msns/pre_processed_data/Naive_D1-MSNs_cell_body_stim/Neuron_0046,/Users/johnparker/paper_repos/Aristieta_Parker_Gao_Gittis_Rubin_2024_D1_GPe/data/d1_msns/pre_processed_data/Naive_D1-MSNs_cell_body_stim,Naive_D1-MSNs_cell_body_stim,True,25,250,0.025,/Users/johnparker/paper_repos/Aristieta_Parker_Gao_Gittis_Rubin_2024_D1_GPe/data/d1_msns/processed_data/Naive_D1-MSNs_cell_body_stim/Neuron_0046,10,0.05,"['complete inhibition', 'complete inhibition', 'complete inhibition', 'complete inhibition', 'complete inhibition', 'complete inhibition', 'complete inhibition', 'complete inhibition', 'complete inhibition', 'complete inhibition']",[0 0 0 0 0 0 0 0 0 0],1.0,1.0,1.0,0.0,99,90,3,3,2,2,[],[],"{'complete inhibition': 0, 'adapting inhibition': 1, 'partial inhibition': 2, 'no effect': 3, 'excitation': 4, 'biphasic IE': 5, 'biphasic EI': 6}",38.0,0.5111981496032191,0.027430258227794456,0.011412500000000136,0.9828749999999893,0.2,0.0,0.0,0.8007575000000002,0.8007575000000002,False,0.0,[1. 1. 1. 1. 1. 1. 1. 1. 1. 1. 1. 1. 1. 1. 1. 1. 1. 1. 1. 1.],33.07383807522502,0.6015133093056179,0.030239875201288242,26.581467608326466,0.46663619803747824,0.02852943386773547,,,complete inhibition,0
152,AG8019,7,061422,1.7,2,Naive,79,12,right,/Users/johnparker/paper_repos/Aristieta_Parker_Gao_Gittis_Rubin_2024_D1_GPe/data/d1_msns/pre_processed_data/Naive_D1-MSNs_cell_body_stim/Neuron_0079,/Users/johnparker/paper_repos/Aristieta_Parker_Gao_Gittis_Rubin_2024_D1_GPe/data/d1_msns/pre_processed_data/Naive_D1-MSNs_cell_body_stim,Naive_D1-MSNs_cell_body_stim,True,25,250,0.025,/Users/johnparker/paper_repos/Aristieta_Parker_Gao_Gittis_Rubin_2024_D1_GPe/data/d1_msns/processed_data/Naive_D1-MSNs_cell_body_stim/Neuron_0079,10,0.05,"['complete inhibition', 'complete inhibition', 'complete inhibition', 'complete inhibition', 'complete inhibition', 'complete inhibition', 'complete inhibition', 'complete inhibition', 'complete inhibition', 'complete inhibition']",[0 0 0 0 0 0 0 0 0 0],1.0,1.0,1.0,0.0,99,90,3,3,2,2,[],[],"{'complete inhibition': 0, 'adapting inhibition': 1, 'partial inhibition': 2, 'no effect': 3, 'excitation': 4, 'biphasic IE': 5, 'biphasic EI': 6}",22.1,0.5984706704241831,0.05307010086832118,0.04251249999998876,0.9340524999999971,1.2,0.1014331855302945,0.16855249999999794,0.6280800000000021,0.8571824999999997,True,0.0,[1. 1. 1. 1. 1. 1. 1. 1. 1. 1. 1. 1. 1. 1. 1. 1. 1. 1. 1. 1.],27.29137216770303,0.6757640564458728,0.0366312312762133,9.282334964823546,1.0992357231513867,0.09947799823633145,,,complete inhibition,0
153,AG8019,7,061422,1.1,3,Naive,84,13,right,/Users/johnparker/paper_repos/Aristieta_Parker_Gao_Gittis_Rubin_2024_D1_GPe/data/d1_msns/pre_processed_data/Naive_D1-MSNs_cell_body_stim/Neuron_0084,/Users/johnparker/paper_repos/Aristieta_Parker_Gao_Gittis_Rubin_2024_D1_GPe/data/d1_msns/pre_processed_data/Naive_D1-MSNs_cell_body_stim,Naive_D1-MSNs_cell_body_stim,True,25,250,0.025,/Users/johnparker/paper_repos/Aristieta_Parker_Gao_Gittis_Rubin_2024_D1_GPe/data/d1_msns/processed_data/Naive_D1-MSNs_cell_body_stim/Neuron_0084,10,0.05,"['complete inhibition', 'complete inhibition', 'complete inhibition', 'complete inhibition', 'complete inhibition', 'complete inhibition', 'complete inhibition', 'complete inhibition', 'complete inhibition', 'complete inhibition']",[0 0 0 0 0 0 0 0 0 0],1.0,1.0,1.0,0.0,99,90,3,3,2,2,[],[],"{'complete inhibition': 0, 'adapting inhibition': 1, 'partial inhibition': 2, 'no effect': 3, 'excitation': 4, 'biphasic IE': 5, 'biphasic EI': 6}",16.2,0.6386068517245691,0.06664060182917861,0.07829750000000715,0.9536400000000015,0.1,0.0,0.0,0.9006649999999979,0.9006649999999979,True,0.0,[1. 1. 1. 1. 1. 1. 1. 1. 1. 1. 1. 1. 1. 1. 1. 1. 1. 1. 1. 1.],22.91442425468958,0.835961272060392,0.043642034925160375,8.225690758093696,0.832165050676747,0.09637196819085486,,,complete inhibition,0
154,AG7960,1,062122,1.7,5,Naive,70,12,left,/Users/johnparker/paper_repos/Aristieta_Parker_Gao_Gittis_Rubin_2024_D1_GPe/data/d1_msns/pre_processed_data/Naive_D1-MSNs_cell_body_stim/Neuron_0070,/Users/johnparker/paper_repos/Aristieta_Parker_Gao_Gittis_Rubin_2024_D1_GPe/data/d1_msns/pre_processed_data/Naive_D1-MSNs_cell_body_stim,Naive_D1-MSNs_cell_body_stim,True,25,250,0.025,/Users/johnparker/paper_repos/Aristieta_Parker_Gao_Gittis_Rubin_2024_D1_GPe/data/d1_msns/processed_data/Naive_D1-MSNs_cell_body_stim/Neuron_0070,10,0.05,"['complete inhibition', 'complete inhibition', 'complete inhibition', 'complete inhibition', 'complete inhibition', 'complete inhibition', 'complete inhibition', 'complete inhibition', 'complete inhibition', 'complete inhibition']",[0 0 0 0 0 0 0 0 0 0],1.0,1.0,1.0,0.0,99,90,3,3,2,2,[],[],"{'complete inhibition': 0, 'adapting inhibition': 1, 'partial inhibition': 2, 'no effect': 3, 'excitation': 4, 'biphasic IE': 5, 'biphasic EI': 6}",32.9,0.6523424603713839,0.029875356563537438,0.03781999999999712,0.9770925000000019,0.7,0.0,0.0,0.43407000000000123,0.43407000000000123,False,0.0,[1. 1. 1. 1. 1. 1. 1. 1. 1. 1. 1. 1. 1. 1. 1. 1. 1. 1. 1. 1.],31.107125675405896,0.7155717287935377,0.032147513157894735,28.701682501137267,1.5963754294967256,0.028785553337136303,,,complete inhibition,0
155,AG8019,7,061422,1.4,1,Naive,77,6,right,/Users/johnparker/paper_repos/Aristieta_Parker_Gao_Gittis_Rubin_2024_D1_GPe/data/d1_msns/pre_processed_data/Naive_D1-MSNs_cell_body_stim/Neuron_0077,/Users/johnparker/paper_repos/Aristieta_Parker_Gao_Gittis_Rubin_2024_D1_GPe/data/d1_msns/pre_processed_data/Naive_D1-MSNs_cell_body_stim,Naive_D1-MSNs_cell_body_stim,True,25,250,0.025,/Users/johnparker/paper_repos/Aristieta_Parker_Gao_Gittis_Rubin_2024_D1_GPe/data/d1_msns/processed_data/Naive_D1-MSNs_cell_body_stim/Neuron_0077,10,0.05,"['complete inhibition', 'complete inhibition', 'complete inhibition', 'complete inhibition', 'complete inhibition', 'complete inhibition', 'complete inhibition', 'complete inhibition', 'complete inhibition', 'complete inhibition']",[0 0 0 0 0 0 0 0 0 0],1.0,1.0,1.0,0.0,99,90,3,3,2,2,[],[],"{'complete inhibition': 0, 'adapting inhibition': 1, 'partial inhibition': 2, 'no effect': 3, 'excitation': 4, 'biphasic IE': 5, 'biphasic EI': 6}",26.5,0.7524409092740021,0.0493263724388364,0.031837499999998894,0.9666075000000098,0.7,0.0,0.11912249999999744,0.8216349999999977,0.9407574999999951,True,0.0,[1. 1. 1. 1. 1. 1. 1. 1. 1. 1. 1. 1. 1. 1. 1. 1. 1. 1. 1. 1.],28.287780340297928,0.8187215684353948,0.034416630669546436,19.516533342694757,2.0255074043916306,0.04587043319415442,,,complete inhibition,0
156,AG8019,7,061422,1.4,4,Naive,83,8,left,/Users/johnparker/paper_repos/Aristieta_Parker_Gao_Gittis_Rubin_2024_D1_GPe/data/d1_msns/pre_processed_data/Naive_D1-MSNs_cell_body_stim/Neuron_0083,/Users/johnparker/paper_repos/Aristieta_Parker_Gao_Gittis_Rubin_2024_D1_GPe/data/d1_msns/pre_processed_data/Naive_D1-MSNs_cell_body_stim,Naive_D1-MSNs_cell_body_stim,True,25,250,0.025,/Users/johnparker/paper_repos/Aristieta_Parker_Gao_Gittis_Rubin_2024_D1_GPe/data/d1_msns/processed_data/Naive_D1-MSNs_cell_body_stim/Neuron_0083,10,0.05,"['complete inhibition', 'complete inhibition', 'complete inhibition', 'complete inhibition', 'complete inhibition', 'complete inhibition', 'complete inhibition', 'complete inhibition', 'complete inhibition', 'complete inhibition']",[0 0 0 0 0 0 0 0 0 0],1.0,1.0,1.0,0.0,99,90,3,3,2,2,[],[],"{'complete inhibition': 0, 'adapting inhibition': 1, 'partial inhibition': 2, 'no effect': 3, 'excitation': 4, 'biphasic IE': 5, 'biphasic EI': 6}",7.0,0.6870483328001596,0.1346407301587317,0.22271249999999654,0.8901899999999905,0.3,0.0,0.0,0.8710049999999967,0.8710049999999967,True,0.0,[1. 1. 1. 1. 1. 1. 1. 1. 1. 1. 1. 1. 1. 1. 1. 1. 1. 1. 1. 1.],9.698100957636749,1.1149184500789695,0.10264334381551361,5.802629443272196,3.1645571426231744,0.1700512280701755,,,complete inhibition,0
157,AG7499,2,011122,1.7,2,Naive,48,8,right,/Users/johnparker/paper_repos/Aristieta_Parker_Gao_Gittis_Rubin_2024_D1_GPe/data/d1_msns/pre_processed_data/Naive_D1-MSNs_cell_body_stim/Neuron_0048,/Users/johnparker/paper_repos/Aristieta_Parker_Gao_Gittis_Rubin_2024_D1_GPe/data/d1_msns/pre_processed_data/Naive_D1-MSNs_cell_body_stim,Naive_D1-MSNs_cell_body_stim,True,25,250,0.025,/Users/johnparker/paper_repos/Aristieta_Parker_Gao_Gittis_Rubin_2024_D1_GPe/data/d1_msns/processed_data/Naive_D1-MSNs_cell_body_stim/Neuron_0048,10,0.05,"['complete inhibition', 'complete inhibition', 'complete inhibition', 'complete inhibition', 'complete inhibition', 'complete inhibition', 'complete inhibition', 'complete inhibition', 'complete inhibition', 'complete inhibition']",[0 0 0 0 0 0 0 0 0 0],1.0,1.0,1.0,0.0,99,90,3,3,2,2,[],[],"{'complete inhibition': 0, 'adapting inhibition': 1, 'partial inhibition': 2, 'no effect': 3, 'excitation': 4, 'biphasic IE': 5, 'biphasic EI': 6}",38.1,0.6567201837136944,0.028767222848368322,0.01006249999999298,0.9797974999999951,0.2,0.0,0.0,0.8005400000000001,0.8005400000000001,True,0.0,[1. 1. 1. 1. 1. 1. 1. 1. 1. 1. 1. 1. 1. 1. 1. 1. 1. 1. 1. 1.],36.35441595659952,0.7007000640681806,0.027488255977496486,17.040334113177707,0.8949569597684678,0.04491148648648647,,,complete inhibition,0
158,AG7499,2,011122,1.7,5,Naive,33,2cell1,left,/Users/johnparker/paper_repos/Aristieta_Parker_Gao_Gittis_Rubin_2024_D1_GPe/data/d1_msns/pre_processed_data/Naive_D1-MSNs_cell_body_stim/Neuron_0033,/Users/johnparker/paper_repos/Aristieta_Parker_Gao_Gittis_Rubin_2024_D1_GPe/data/d1_msns/pre_processed_data/Naive_D1-MSNs_cell_body_stim,Naive_D1-MSNs_cell_body_stim,True,25,250,0.025,/Users/johnparker/paper_repos/Aristieta_Parker_Gao_Gittis_Rubin_2024_D1_GPe/data/d1_msns/processed_data/Naive_D1-MSNs_cell_body_stim/Neuron_0033,10,0.05,"['complete inhibition', 'no effect', 'excitation', 'excitation', 'excitation', 'excitation', 'excitation', 'excitation', 'excitation', 'excitation']",[0 3 4 4 4 4 4 4 4 4],1.0,1.0,1.0,0.0,99,90,3,3,2,2,"[3.62387506e-83 3.62387506e-83 3.17252424e-67 ... 2.04123016e+00
 2.04177959e+00 2.15107946e+00]",[0.00173268 0.00192485 0.00194294 ... 0.02129257 0.02129755 0.02129755],"{'complete inhibition': 0, 'adapting inhibition': 1, 'partial inhibition': 2, 'no effect': 3, 'excitation': 4, 'biphasic IE': 5, 'biphasic EI': 6}",11.3,0.6571405303266529,0.09462236154878628,0.08899250000000478,0.8765550000000047,34.1,0.48568999618256986,0.028151755889956765,0.040869999999998186,0.9049025000000078,True,3.5,"[1.1 1.5 1.5 1.5 1.7 1.5 1.1 1.1 1.1 0.9 0.9 0.9 1.1 1.3 1.1 1.1 1.5 1.5
 1.3 1. ]",1.0741467381117467,1.4299367216780985,0.9227071428571428,37.208443008190905,0.5330063692295194,0.026883593298671297,1.232864753499361,0.012008924585750782,excitation,4
159,AG7499,2,011122,1.7,5,Naive,34,2cell2,left,/Users/johnparker/paper_repos/Aristieta_Parker_Gao_Gittis_Rubin_2024_D1_GPe/data/d1_msns/pre_processed_data/Naive_D1-MSNs_cell_body_stim/Neuron_0034,/Users/johnparker/paper_repos/Aristieta_Parker_Gao_Gittis_Rubin_2024_D1_GPe/data/d1_msns/pre_processed_data/Naive_D1-MSNs_cell_body_stim,Naive_D1-MSNs_cell_body_stim,True,25,250,0.025,/Users/johnparker/paper_repos/Aristieta_Parker_Gao_Gittis_Rubin_2024_D1_GPe/data/d1_msns/processed_data/Naive_D1-MSNs_cell_body_stim/Neuron_0034,10,0.05,"['complete inhibition', 'complete inhibition', 'complete inhibition', 'complete inhibition', 'complete inhibition', 'complete inhibition', 'complete inhibition', 'complete inhibition', 'complete inhibition', 'complete inhibition']",[0 0 0 0 0 0 0 0 0 0],1.0,1.0,1.0,0.0,99,90,3,3,2,2,[],[],"{'complete inhibition': 0, 'adapting inhibition': 1, 'partial inhibition': 2, 'no effect': 3, 'excitation': 4, 'biphasic IE': 5, 'biphasic EI': 6}",20.2,0.5671637624172019,0.05885463167032019,0.06548250000000237,0.9602025000000041,0.4,0.0,0.0,0.7619349999999997,0.7619349999999997,True,0.0,[1. 1. 1. 1. 1. 1. 1. 1. 1. 1. 1. 1. 1. 1. 1. 1. 1. 1. 1. 1.],13.805106202316503,0.7994460309944452,0.07243852040816325,1.2090011541743577,1.192924127562674,0.7656315476190487,,,complete inhibition,0
160,AG8019,8,060922,1.7,5,Naive,2,13,left,/Users/johnparker/paper_repos/Aristieta_Parker_Gao_Gittis_Rubin_2024_D1_GPe/data/d1_msns/pre_processed_data/Naive_D1-MSNs_cell_body_stim/Neuron_0002,/Users/johnparker/paper_repos/Aristieta_Parker_Gao_Gittis_Rubin_2024_D1_GPe/data/d1_msns/pre_processed_data/Naive_D1-MSNs_cell_body_stim,Naive_D1-MSNs_cell_body_stim,True,25,250,0.025,/Users/johnparker/paper_repos/Aristieta_Parker_Gao_Gittis_Rubin_2024_D1_GPe/data/d1_msns/processed_data/Naive_D1-MSNs_cell_body_stim/Neuron_0002,10,0.05,"['excitation', 'no effect', 'no effect', 'no effect', 'no effect', 'adapting inhibition', 'no effect', 'no effect', 'adapting inhibition', 'no effect']",[4 3 3 3 3 1 3 3 1 3],1.0,1.0,1.0,0.0,99,90,3,3,2,2,"[1.28136956e-10 1.29070350e-10 1.33059685e-06 ... 3.56813808e+00
 3.81576039e+00 4.22905525e+00]",[0.00092859 0.00096671 0.00096769 ... 0.01064977 0.01082957 0.01083093],"{'complete inhibition': 0, 'adapting inhibition': 1, 'partial inhibition': 2, 'no effect': 3, 'excitation': 4, 'biphasic IE': 5, 'biphasic EI': 6}",28.2,0.7141516076451138,0.035597456895082924,0.04533749999999799,0.9668250000000029,30.1,0.7300839496157356,0.03401619146245569,0.041230000000005165,0.97348,True,2.7,"[0.4 0.4 0.1 0.1 0.1 0.3 0.3 0.3 0.3 0.1 0.2 0.  0.2 0.2 0.2 0.  0.4 0.2
 0.2 0.1]",26.916146201959,0.7914868538194801,0.03715860255447032,17.843060883130477,1.6227496129214904,0.0560696428571429,2.3073552871378316,0.003735023405051432,no effect,3
161,AG8019,8,060922,1.1,3,Naive,5,15,right,/Users/johnparker/paper_repos/Aristieta_Parker_Gao_Gittis_Rubin_2024_D1_GPe/data/d1_msns/pre_processed_data/Naive_D1-MSNs_cell_body_stim/Neuron_0005,/Users/johnparker/paper_repos/Aristieta_Parker_Gao_Gittis_Rubin_2024_D1_GPe/data/d1_msns/pre_processed_data/Naive_D1-MSNs_cell_body_stim,Naive_D1-MSNs_cell_body_stim,True,25,250,0.025,/Users/johnparker/paper_repos/Aristieta_Parker_Gao_Gittis_Rubin_2024_D1_GPe/data/d1_msns/processed_data/Naive_D1-MSNs_cell_body_stim/Neuron_0005,10,0.05,"['complete inhibition', 'complete inhibition', 'complete inhibition', 'complete inhibition', 'complete inhibition', 'complete inhibition', 'complete inhibition', 'complete inhibition', 'complete inhibition', 'complete inhibition']",[0 0 0 0 0 0 0 0 0 0],1.0,1.0,1.0,0.0,99,90,3,3,2,2,[],[],"{'complete inhibition': 0, 'adapting inhibition': 1, 'partial inhibition': 2, 'no effect': 3, 'excitation': 4, 'biphasic IE': 5, 'biphasic EI': 6}",33.1,0.647486284637756,0.034083246539619125,0.021772500000007255,0.9837200000000017,0.6,0.0,0.09318250000000035,0.5033625000000036,0.596545000000004,True,0.0,[1. 1. 1. 1. 1. 1. 1. 1. 1. 1. 1. 1. 1. 1. 1. 1. 1. 1. 1. 1.],52.928107477436264,0.5734298450010987,0.018752440856177242,21.636152043141177,3.3849040795126792,0.04213759191176467,,,complete inhibition,0
162,AG7499,2,011122,1.4,1,Naive,51,2,right,/Users/johnparker/paper_repos/Aristieta_Parker_Gao_Gittis_Rubin_2024_D1_GPe/data/d1_msns/pre_processed_data/Naive_D1-MSNs_cell_body_stim/Neuron_0051,/Users/johnparker/paper_repos/Aristieta_Parker_Gao_Gittis_Rubin_2024_D1_GPe/data/d1_msns/pre_processed_data/Naive_D1-MSNs_cell_body_stim,Naive_D1-MSNs_cell_body_stim,True,25,250,0.025,/Users/johnparker/paper_repos/Aristieta_Parker_Gao_Gittis_Rubin_2024_D1_GPe/data/d1_msns/processed_data/Naive_D1-MSNs_cell_body_stim/Neuron_0051,10,0.05,"['complete inhibition', 'complete inhibition', 'complete inhibition', 'complete inhibition', 'complete inhibition', 'complete inhibition', 'complete inhibition', 'complete inhibition', 'complete inhibition', 'complete inhibition']",[0 0 0 0 0 0 0 0 0 0],1.0,1.0,1.0,0.0,99,90,3,3,2,2,[],[],"{'complete inhibition': 0, 'adapting inhibition': 1, 'partial inhibition': 2, 'no effect': 3, 'excitation': 4, 'biphasic IE': 5, 'biphasic EI': 6}",7.2,0.2787189606561397,0.08759158018868182,0.5209625000000024,0.7955500000000079,0.2,0.0,0.0,0.8005075000000034,0.8005075000000034,True,0.0,[1. 1. 1. 1. 1. 1. 1. 1. 1. 1. 1. 1. 1. 1. 1. 1. 1. 1. 1. 1.],54.662847076395614,0.8742371066794996,0.018286924342105264,1.7648990984307105,0.9600520015622575,0.36361822429906543,,,complete inhibition,0
163,AG7960,1,062122,1.1,3,Naive,69,7,right,/Users/johnparker/paper_repos/Aristieta_Parker_Gao_Gittis_Rubin_2024_D1_GPe/data/d1_msns/pre_processed_data/Naive_D1-MSNs_cell_body_stim/Neuron_0069,/Users/johnparker/paper_repos/Aristieta_Parker_Gao_Gittis_Rubin_2024_D1_GPe/data/d1_msns/pre_processed_data/Naive_D1-MSNs_cell_body_stim,Naive_D1-MSNs_cell_body_stim,True,25,250,0.025,/Users/johnparker/paper_repos/Aristieta_Parker_Gao_Gittis_Rubin_2024_D1_GPe/data/d1_msns/processed_data/Naive_D1-MSNs_cell_body_stim/Neuron_0069,10,0.05,"['no effect', 'excitation', 'biphasic IE', 'adapting inhibition', 'biphasic IE', 'adapting inhibition', 'partial inhibition', 'biphasic IE', 'biphasic IE', 'adapting inhibition']",[3 4 5 1 5 1 2 5 5 1],1.0,1.0,1.0,0.0,99,90,3,3,2,2,"[1.54318242e-06 6.50643534e-06 4.22605491e-03 ... 3.08248587e+00
 3.11748587e+00 3.18298098e+00]",[0.03105456 0.04491135 0.04842521 ... 3.11748587 3.18298098 3.18752882],"{'complete inhibition': 0, 'adapting inhibition': 1, 'partial inhibition': 2, 'no effect': 3, 'excitation': 4, 'biphasic IE': 5, 'biphasic EI': 6}",31.7,0.5030119851062033,0.03174022237285047,0.023224999999989393,0.9836699999999852,27.1,1.0957097369343658,0.0436392267763326,0.07354249999998004,0.9581249999999976,False,3.2,"[0.5 0.9 0.8 0.6 0.6 0.7 0.7 0.8 0.8 0.4 0.6 0.6 0.4 0.5 0.4 0.8 0.7 0.4
 0.4 0.4]",23.953196373258322,1.0154531922840493,0.04088610183639399,33.02304721017182,1.9223796176341532,0.030234110169491565,2.2113149317588454,0.8277363057196748,adapting inhibition,1
164,AG7960,1,062122,1.4,1,Naive,56,14,right,/Users/johnparker/paper_repos/Aristieta_Parker_Gao_Gittis_Rubin_2024_D1_GPe/data/d1_msns/pre_processed_data/Naive_D1-MSNs_cell_body_stim/Neuron_0056,/Users/johnparker/paper_repos/Aristieta_Parker_Gao_Gittis_Rubin_2024_D1_GPe/data/d1_msns/pre_processed_data/Naive_D1-MSNs_cell_body_stim,Naive_D1-MSNs_cell_body_stim,True,25,250,0.025,/Users/johnparker/paper_repos/Aristieta_Parker_Gao_Gittis_Rubin_2024_D1_GPe/data/d1_msns/processed_data/Naive_D1-MSNs_cell_body_stim/Neuron_0056,10,0.05,"['partial inhibition', 'partial inhibition', 'partial inhibition', 'partial inhibition', 'partial inhibition', 'adapting inhibition', 'partial inhibition', 'partial inhibition', 'partial inhibition', 'adapting inhibition']",[2 2 2 2 2 1 2 2 2 1],1.0,1.0,1.0,0.0,99,90,3,3,2,2,"[7.95583531e-15 6.80439629e-09 1.18219584e-04 ... 4.12219752e+00
 4.26239988e+00 4.63468311e+00]",[0.00071942 0.00072967 0.00075309 ... 0.00758049 0.00762022 0.00766714],"{'complete inhibition': 0, 'adapting inhibition': 1, 'partial inhibition': 2, 'no effect': 3, 'excitation': 4, 'biphasic IE': 5, 'biphasic EI': 6}",40.7,0.6096988825578841,0.025834871107074747,0.024510000000001496,0.9810874999999996,12.1,0.8680639515269274,0.09049287318237208,0.06054750000000766,0.9462874999999962,True,1.8,"[1.  1.  1.  0.9 0.9 0.9 0.9 0.9 1.  1.  1.  1.  1.  1.  1.  0.9 0.9 0.7
 0.7 0.8]",43.74457532548047,0.5957368289768316,0.022402540834845733,29.123372597644142,0.9887455686770547,0.03433500340831623,2.944292969753536,0.0022253892068469726,partial inhibition,2
165,AG7960,1,062122,1.7,2,Naive,60,12,right,/Users/johnparker/paper_repos/Aristieta_Parker_Gao_Gittis_Rubin_2024_D1_GPe/data/d1_msns/pre_processed_data/Naive_D1-MSNs_cell_body_stim/Neuron_0060,/Users/johnparker/paper_repos/Aristieta_Parker_Gao_Gittis_Rubin_2024_D1_GPe/data/d1_msns/pre_processed_data/Naive_D1-MSNs_cell_body_stim,Naive_D1-MSNs_cell_body_stim,True,25,250,0.025,/Users/johnparker/paper_repos/Aristieta_Parker_Gao_Gittis_Rubin_2024_D1_GPe/data/d1_msns/processed_data/Naive_D1-MSNs_cell_body_stim/Neuron_0060,10,0.05,"['adapting inhibition', 'adapting inhibition', 'adapting inhibition', 'adapting inhibition', 'partial inhibition', 'adapting inhibition', 'adapting inhibition', 'adapting inhibition', 'biphasic IE', 'partial inhibition']",[1 1 1 1 2 1 1 1 5 2],1.0,1.0,1.0,0.0,99,90,3,3,2,2,[0.64992748 0.6596476  0.69709904 ... 5.43569922 5.5178828  6.38257234],[0.55889453 0.57522874 0.61903625 ... 5.27799058 5.5178828  6.38257234],"{'complete inhibition': 0, 'adapting inhibition': 1, 'partial inhibition': 2, 'no effect': 3, 'excitation': 4, 'biphasic IE': 5, 'biphasic EI': 6}",60.5,0.3565454655521648,0.017139580201152253,0.011392500000006578,0.9896199999999851,27.7,0.9498441916175896,0.031138635627665535,0.14262999999999765,0.9213974999999927,False,1.6,"[1.  1.  1.  1.  0.9 0.6 0.3 0.5 0.6 0.7 0.6 0.7 0.6 0.5 0.3 0.3 0.3 0.4
 0.2 0.3]",53.29342447488278,0.4416639557723922,0.018769599770202986,50.98785136398624,0.5543649865979127,0.019615622497998395,3.8810698714284912,1.9038608986887833,adapting inhibition,1
166,AG8019,7,061422,1.1,6,Naive,94,2,left,/Users/johnparker/paper_repos/Aristieta_Parker_Gao_Gittis_Rubin_2024_D1_GPe/data/d1_msns/pre_processed_data/Naive_D1-MSNs_cell_body_stim/Neuron_0094,/Users/johnparker/paper_repos/Aristieta_Parker_Gao_Gittis_Rubin_2024_D1_GPe/data/d1_msns/pre_processed_data/Naive_D1-MSNs_cell_body_stim,Naive_D1-MSNs_cell_body_stim,True,25,250,0.025,/Users/johnparker/paper_repos/Aristieta_Parker_Gao_Gittis_Rubin_2024_D1_GPe/data/d1_msns/processed_data/Naive_D1-MSNs_cell_body_stim/Neuron_0094,10,0.05,"['biphasic EI', 'partial inhibition', 'partial inhibition', 'partial inhibition', 'partial inhibition', 'partial inhibition', 'partial inhibition', 'partial inhibition', 'partial inhibition', 'partial inhibition']",[6 2 2 2 2 2 2 2 2 2],1.0,1.0,1.0,0.0,99,90,3,3,2,2,"[1.78143887e-08 1.13469946e-07 2.33420114e-04 ... 3.35858218e+00
 3.36616437e+00 3.63631291e+00]",[0.00097827 0.00105916 0.00106199 ... 0.0101659  0.01089747 0.01111407],"{'complete inhibition': 0, 'adapting inhibition': 1, 'partial inhibition': 2, 'no effect': 3, 'excitation': 4, 'biphasic IE': 5, 'biphasic EI': 6}",30.2,0.5263618645241093,0.03669892421113628,0.019005000000009886,0.9779025000000103,14.5,0.7648323986314308,0.06267159929653801,0.05813250000000281,0.7426725000000083,True,2.4,"[0.7 0.6 0.4 0.7 0.5 0.5 0.6 0.6 0.7 0.7 0.7 0.7 0.7 0.8 0.8 0.9 0.9 1.
 1.  1. ]",49.974564332672436,0.47223381467687603,0.01999869451697128,4.206668058019409,2.190986243394146,0.21674873540856038,2.226944459178264,0.003876981840954231,partial inhibition,2
167,AG7960,1,062122,1.4,1,Naive,58,3,right,/Users/johnparker/paper_repos/Aristieta_Parker_Gao_Gittis_Rubin_2024_D1_GPe/data/d1_msns/pre_processed_data/Naive_D1-MSNs_cell_body_stim/Neuron_0058,/Users/johnparker/paper_repos/Aristieta_Parker_Gao_Gittis_Rubin_2024_D1_GPe/data/d1_msns/pre_processed_data/Naive_D1-MSNs_cell_body_stim,Naive_D1-MSNs_cell_body_stim,True,25,250,0.025,/Users/johnparker/paper_repos/Aristieta_Parker_Gao_Gittis_Rubin_2024_D1_GPe/data/d1_msns/processed_data/Naive_D1-MSNs_cell_body_stim/Neuron_0058,10,0.05,"['complete inhibition', 'complete inhibition', 'excitation', 'adapting inhibition', 'adapting inhibition', 'biphasic IE', 'adapting inhibition', 'adapting inhibition', 'complete inhibition', 'complete inhibition']",[0 0 4 1 1 5 1 1 0 0],1.0,1.0,1.0,0.0,99,90,3,3,2,2,"[8.81723906e-16 8.81723906e-16 6.55918289e-13 ... 2.96169036e+00
 3.28605959e+00 3.58266423e+00]",[0.00107873 0.0010915  0.00114275 ... 0.01237887 0.01246246 0.01246246],"{'complete inhibition': 0, 'adapting inhibition': 1, 'partial inhibition': 2, 'no effect': 3, 'excitation': 4, 'biphasic IE': 5, 'biphasic EI': 6}",17.9,0.802475788708859,0.07794946688895986,0.07741750000000351,0.9086324999999924,10.0,0.7481508475619056,0.1462304391025626,0.312102500000001,0.9623999999999974,True,1.3,"[1.  0.9 0.8 0.8 0.8 0.8 0.6 0.8 0.6 0.6 0.5 0.5 0.4 0.4 0.6 0.4 0.8 1.
 0.8 0.6]",6.6954702767099405,1.0747763104439072,0.14769914860681116,48.459499379274106,1.210690204685742,0.02055735921501708,1.7632803835211215,0.006916020528602064,adapting inhibition,1
168,AG8019,7,061422,1.1,6,Naive,93,12cell2,left,/Users/johnparker/paper_repos/Aristieta_Parker_Gao_Gittis_Rubin_2024_D1_GPe/data/d1_msns/pre_processed_data/Naive_D1-MSNs_cell_body_stim/Neuron_0093,/Users/johnparker/paper_repos/Aristieta_Parker_Gao_Gittis_Rubin_2024_D1_GPe/data/d1_msns/pre_processed_data/Naive_D1-MSNs_cell_body_stim,Naive_D1-MSNs_cell_body_stim,True,25,250,0.025,/Users/johnparker/paper_repos/Aristieta_Parker_Gao_Gittis_Rubin_2024_D1_GPe/data/d1_msns/processed_data/Naive_D1-MSNs_cell_body_stim/Neuron_0093,10,0.05,"['complete inhibition', 'complete inhibition', 'complete inhibition', 'complete inhibition', 'complete inhibition', 'complete inhibition', 'complete inhibition', 'complete inhibition', 'biphasic EI', 'excitation']",[0 0 0 0 0 0 0 0 6 4],1.0,1.0,1.0,0.0,99,90,3,3,2,2,"[3.458066008565779e-13, 1.1133242944224771e-07, 0.0007423608856108098, 0.11907995864801328, 0.6757357041184765, 0.20209690577502235, 0.0023442742741738762, 6.849618473770077e-07, 5.534164970658934e-08, 0.00047392296854707375, 0.09969767909774568, 0.9199556209301504, 0.8907047597549681, 0.08986191246180017, 0.14209619159845205, 0.6820236605187991, 0.17352169176253487, 0.0016641095881539658, 3.959793067640015e-07, 1.9733790995199e-12, 3.458066008565779e-13, 1.113324294422687e-07, 0.0007423608859566266, 0.11908006998283185, 0.6764780752527741, 0.3211776541941915, 0.678080323941823, 0.20224905127427625, 0.05754940200308497, 0.7709795388868813, 1.021395597547152, 0.1511723880019606, 0.0010952238171756713, 2.0287833149617076e-07, 7.856641602848043e-13, 5.962493924454585e-20, 8.621632598884226e-29, 2.3403255435566704e-39, 1.1821622644781565e-51, 1.1049806660640464e-65, 3.4581515555364243e-13, 1.1136996245480627e-07, 0.0007456262616840005, 0.12516994510624738, 0.9764350207121584, 0.8280784262842937, 0.07097395960674568, 0.17248830335072438, 0.6821804345738226, 0.14283825995670663, 0.0010897099730891213, 2.0280419228352676e-07, 1.9751429375707276e-07, 0.0010715228176825257, 0.14171846091867485, 0.6820236214174914, 0.17352169176245144, 0.0016641095881539658, 3.959793067640015e-07, 1.9733790995199e-12, 3.4581515555364243e-13, 1.1136996245480627e-07, 0.0007456262616840005, 0.12516994510624738, 0.976435020710254, 0.8280780403915607, 0.06933663579600417, 0.00023460139632425081, 1.8983362154064237e-08, 1.7640668986271449e-06, 0.0041968524160689, 0.2588642098543674, 0.6512505344973174, 0.08638188820914276, 0.1420948930999647, 0.6820236605085267, 0.17352169176253487, 0.0016641095881539658, 3.959793067640015e-07, 1.9733790995199e-12, 3.458066008565779e-13, 1.1133242944224771e-07, 0.0007423608856108098, 0.11907995864801328, 0.6757357041184765, 0.20209690577502235, 0.0023442742741738762, 6.849618473770077e-07, 5.534164970658934e-08, 0.00047392296854707375, 0.09969767909774568, 0.9199556209301504, 0.8907047597549681, 0.08986191246180017, 0.14209619159845205, 0.6820236605187991, 0.17352169176253487, 0.0016641095881539658, 3.959793067640015e-07, 1.9733790995199e-12, 3.458066008565779e-13, 1.1133242944224771e-07, 0.0007423608856108098, 0.11907995864801328, 0.6757357041184765, 0.20209690577502235, 0.0023442742741738762, 6.849618473770077e-07, 5.534164970658934e-08, 0.00047392296854707375, 0.09969767909774568, 0.9199556209301504, 0.8907047597549681, 0.08986191246180017, 0.14209619159845205, 0.6820236605187991, 0.17352169176253487, 0.0016641095881539658, 3.959793067640015e-07, 1.9733790995199e-12, 3.458066008565779e-13, 1.1133242944224771e-07, 0.0007423608856108098, 0.11907995864802648, 0.6757357140446887, 0.20224908438364378, 0.055911661483646895, 0.5988759692818019, 0.3927845019683944, 0.6070592576220472, 0.339220830377299, 0.008335021465435728, 5.528427475097949e-06, 4.750574398932703e-09, 9.181864750671596e-05, 0.040945286918096915, 0.5626717437369659, 0.3845253990895196, 0.011755815596385789, 9.931104089361552e-06, 3.458066008565779e-13, 1.1133242944224771e-07, 0.0007423608856108098, 0.11907995864802648, 0.6757357140446887, 0.20224908438363057, 0.05591165155720481, 0.598723788323569, 0.3392166899030186, 0.008335112312946794, 5.528529372026275e-06, 4.750466000098121e-09, 9.181718495653249e-05, 0.040944940815215075, 0.5627623717433154, 0.4254721059619683, 0.5744276820789851, 0.3845353304250914, 0.011755815779053666, 9.931104089428588e-06, 3.458066008565779e-13, 1.1133242944224771e-07, 0.0007423608856108098, 0.11907995864802648, 0.675735714046593, 0.20224947027636372, 0.057548975369850666, 0.7709778761786289, 1.0230344504764979, 0.3234280808994592, 0.6832755341974626, 0.14283756949828358, 0.0010896953904911, 2.0279917153604197e-07, 7.856416210846635e-13, 5.962481607427668e-20, 8.621631330161299e-29, 2.3403255191772573e-39, 1.1821622636098663e-51, 1.104980666006975e-65, 3.458066008565779e-13, 1.113324294422687e-07, 0.0007423608859566266, 0.11908006998283185, 0.6764780752527741, 0.3211776541941915, 0.6780803239399186, 0.20224866537361647, 0.05591205703584206, 0.598724830257044, 0.3392153018521459, 0.008335021386273692, 5.52842747507541e-06, 4.750574398932703e-09, 9.181864750671596e-05, 0.040945286918096915, 0.5626717437369659, 0.3845253990895196, 0.011755815596385789, 9.931104089361552e-06, 3.918552059937293e-07, 0.0016531919419851982, 0.1730064464267968, 0.6821647943617706, 0.17916265243993357, 0.5498252087499146, 0.48108814137519545, 0.7119564760794541, 0.8703827271894901, 0.34250776941893524, 0.008269244505507572, 0.01880365867248416, 0.45048958816604706, 0.5035581991716818, 0.02722131429263986, 0.04991693457830295, 0.5894272556831376, 0.35139599760999507, 0.009163516718975256, 6.490630966421825e-06, 3.9185566561166156e-07, 0.0016533290545021771, 0.17385504731310777, 0.8090341789228417, 0.8208186317830667, 0.19256362533339486, 0.0022264227028116184, 0.05356815741317765, 0.5987236243414492, 0.339216107326818, 0.009084610956715101, 0.1287828135931742, 1.0344829192328517, 0.7864825560473309, 0.16722489415105546, 0.6749991471189892, 0.2048644743694408, 0.0024183483597911585, 7.20116718860104e-07, 4.5176006337264804e-12, 3.918552059992803e-07, 0.0016531919688563795, 0.17300901978504066, 0.6873698019605126, 0.4263509466814349, 0.6376369879534068, 0.07369806283067239, 0.0015058817730395546, 0.15077775553056644, 0.6829849790643723, 0.1949418328628237, 0.6696602983252384, 1.2237888545869244, 0.8523274704103087, 0.2214447346534706, 0.002848851817459072, 9.379315630804343e-07, 6.524523189513672e-12, 8.946617019958145e-19, 2.344575545759036e-27, 3.918552059937293e-07, 0.0016531919419851982, 0.17300644642679747, 0.6821647954094019, 0.1791958660847542, 0.5729374179294764, 0.8837262146642462, 0.485440357771506, 0.021850096315581668, 0.006978045400465246, 0.3165613790694799, 0.633985406943374, 0.5116147563621304, 0.5037541096700183, 0.0272213288025972, 0.04991693457832488, 0.5894272556831376, 0.35139599760999507, 0.009163516718975256, 6.490630966421825e-06, 3.918552059937293e-07, 0.0016531919419851986, 0.1730064464286089, 0.6821651666261973, 0.180763315307363, 0.7199946228318816, 1.0836061768911984, 0.15768589474807604, 0.007098415595785836, 0.2983866048833905, 0.6439724261240586, 0.4993154473750405, 0.5216610442848669, 0.030639025107247645, 0.004636672319299424, 0.2683611436041708, 0.6459685343353785, 0.08074798593427107, 0.00033746071953499066, 3.3083769086200746e-08, 3.923814968764883e-07, 0.001673894722216603, 0.19095771030967035, 1.1366296927187838, 1.024596976227513, 0.6295434016099553, 0.5499507515009451, 0.4509672170987994, 0.2375202027969634, 0.669896065688856, 0.10766816386410344, 0.010401055231517171, 0.36015056266708495, 0.5825609711359414, 0.0473623764993064, 0.00012055853802453921, 7.006234076647593e-09, 8.272609459570425e-15, 1.8934581573030063e-22, 8.212496198367228e-32, 3.9185520599372925e-07, 0.0016531919419818743, 0.1730064428920002, 0.6820887206926027, 0.14217221459756324, 0.0014053819202574278, 0.0841901371226313, 0.9235541078123468, 0.9112353694595888, 0.08041257339830682, 0.016598456428497745, 0.4396910587153982, 0.8814699466710867, 0.6153045045183848, 0.16493549473671565, 0.6749984643885952, 0.20486447436522873, 0.002418348359791158, 7.20116718860104e-07, 4.5176006337264804e-12, 3.923814968764883e-07, 0.001673894722216603, 0.19095771030966918, 1.1366296911216296, 1.0245527426914725, 0.602837914563696, 0.1689596723526438, 0.6780741319330309, 0.19417400146158978, 0.005456473790771964, 0.2346374267531126, 0.6731197892516427, 0.45838228100482603, 0.5830608752165443, 0.04736243689866007, 0.00012055853817495942, 7.006234076654902e-09, 8.272609459570433e-15, 1.8934581573030063e-22, 8.212496198367228e-32, 3.918552059992803e-07, 0.0016531919688563795, 0.17300901978504066, 0.6873698019605126, 0.4263509466814349, 0.637636987953407, 0.07369806312544389, 0.001519739435409136, 0.1650358241667489, 1.0941008112688697, 0.7033041671790337, 0.036338576296708475, 0.03954551190323119, 0.55758051844059, 0.3951433032065603, 0.2806484147047199, 0.6459792501242777, 0.08074798613797639, 0.00033746071953506785, 3.3083769086200746e-08, 3.9185520599372925e-07, 0.0016531919419818743, 0.1730064428920002, 0.6820887206926027, 0.14217221457309817, 0.001402971307548917, 0.07911763436676467, 0.6439333059193751, 0.27189082764947065, 0.006189361903398097, 0.1633529097064691, 0.6830110107184654, 0.18638087470791206, 0.6990904320997235, 1.2152617369253604, 0.8428801152874554, 0.20614853073241154, 0.0024186065958466847, 7.201178120851758e-07, 4.5176007245643404e-12]","[0.011212612612614012, 0.011441441441442872, 0.011895561712629694, 0.012727507849618628, 0.01311502241938802, 0.013048684818920842, 0.012528495048217096, 0.011103427115771938, 0.008840492587924067, 0.006802871804834982, 0.006013125382995285, 0.005856638477022659, 0.006154003741286619, 0.007193740094705496, 0.008792794856572772, 0.009598328328328128, 0.010224454454452992, 0.010847542151132915, 0.011188133363448542, 0.01096491491491158, 0.008061211211211852, 0.008225725725726381, 0.008001042059281534, 0.007637842248052974, 0.007488534892479124, 0.007096157556185835, 0.006306434560943805, 0.005364626698260382, 0.006728314003404744, 0.01000750123885747, 0.013529758455029637, 0.017449361330150532, 0.021744161577424512, 0.02387512512512073, 0.02387512512512073, 0.02387512512512073, 0.02387512512512073, 0.023875125125120782, 0.023875125125120734, 0.023397622622618325, 0.008061211211211852, 0.008225725725726381, 0.007922510862244788, 0.006982403431052808, 0.00632419965545356, 0.00786305206242002, 0.00975719620656382, 0.0119528086158245, 0.01478880678952497, 0.017341154709268024, 0.017696446446445354, 0.01769084171671561, 0.01746118618618513, 0.01711521521521423, 0.016769244244243336, 0.01642327327327243, 0.016082907032031267, 0.015966591591590886, 0.01596659159159085, 0.01564725975975904, 0.008061211211211852, 0.008225725725726381, 0.008001042059281534, 0.007637842248052974, 0.007610704457703717, 0.008118090907413389, 0.009224688010705362, 0.01112143394938986, 0.013377247703868191, 0.015298529638361251, 0.016685287332795375, 0.017472834373647186, 0.017693345083818167, 0.017696446446445337, 0.017507084234233083, 0.016592982982981654, 0.015607747747746212, 0.014659811938263387, 0.013828592828719687, 0.01261974274224187, 0.00642235985986064, 0.006553428428429224, 0.006735774508555521, 0.008503203115546207, 0.010287256162264733, 0.011712145366177406, 0.012777870727284228, 0.013300894268300186, 0.011882055233963264, 0.010086548350894824, 0.008386798466221226, 0.007042284016025135, 0.007251979054280529, 0.00844124304044687, 0.009989358538458218, 0.01180088088088057, 0.01361633163163127, 0.014236736736736389, 0.014236736736736358, 0.013952002002001637, 0.00642235985986064, 0.006553428428429224, 0.006386479961348707, 0.006493533837026985, 0.006559897040549477, 0.00643675139558046, 0.006157714201619957, 0.00601474597243564, 0.007562213397625984, 0.0109601895334418, 0.014547674517749128, 0.018291051051047922, 0.02206331946946549, 0.02387512512512073, 0.02387512512512073, 0.02387512512512073, 0.02387512512512073, 0.023875125125120782, 0.023875125125120734, 0.023397622622618325, 0.00642235985986064, 0.006553428428429224, 0.006735968394763761, 0.008530284031283817, 0.010421144964043597, 0.012039134895606752, 0.013384253825973295, 0.014272769891649969, 0.013279023080261868, 0.011914905364484031, 0.010623538034211195, 0.009579345029771003, 0.008808023026527452, 0.008598090943398869, 0.00899789887756724, 0.009598328328328128, 0.010224454454452992, 0.010847542151132915, 0.011188133363448542, 0.01096491491491158, 0.008061211211211852, 0.008225725725726381, 0.008001042059281534, 0.007637842248052974, 0.007488534892479124, 0.007096157556185835, 0.006306434560943805, 0.005364626698260382, 0.006728314003404744, 0.01000750123885747, 0.013529758455029637, 0.017449361330150532, 0.021744161577424512, 0.02387512512512073, 0.02387512512512073, 0.02387512512512073, 0.02387512512512073, 0.023875125125120782, 0.023875125125120734, 0.023397622622618325, 0.00642235985986064, 0.006553428428429224, 0.0063882521927628895, 0.006741068976482234, 0.007783717665411175, 0.009425621961863962, 0.011560478886346225, 0.013952271108430205, 0.015830045545499653, 0.01701600046017395, 0.017602699767324384, 0.017696446446445337, 0.017696446446445337, 0.017396568968967758, 0.01674631381381237, 0.016095538038036365, 0.01544476226226036, 0.014797144534354746, 0.014443144755126518, 0.01415371621621401, 0.009554754754756882, 0.009749749749751922, 0.009685468548877245, 0.009890494676375023, 0.010692285776348003, 0.012036711164356033, 0.013309352003140602, 0.01419716609619132, 0.01436323286942492, 0.013477976410550792, 0.011596233493405021, 0.009332422955246139, 0.007081318035645501, 0.005975840921141671, 0.006345570344105776, 0.007170675661030185, 0.008449633148191173, 0.010155044073644532, 0.011186999407959128, 0.01096491491491158, 0.0072076836663101706, 0.007166516703163339, 0.006801278768854372, 0.0062971059367418645, 0.005614638717891266, 0.004869153218570829, 0.005152886604922099, 0.0061460870568945175, 0.007222749320782043, 0.008412607245766805, 0.009612777465000251, 0.009910781703376578, 0.009728171103521853, 0.009591625248375462, 0.009475656489188161, 0.009302679468053989, 0.009149679679679619, 0.009003740413904412, 0.008874533600291851, 0.008557817765058028, 0.008463460220087387, 0.008652460880056301, 0.008379481336377337, 0.007692890512645596, 0.006582523401350954, 0.0054664531299208705, 0.00474028061423113, 0.004488406340479283, 0.004983519249975678, 0.006268831863779578, 0.007768120822884284, 0.008877594208132777, 0.009790105837639925, 0.010377585231090182, 0.01050833134519677, 0.010385465465461709, 0.010250705705701923, 0.010119188938077554, 0.009991518273052514, 0.009739301801798035, 0.006452900020996659, 0.006468155594884337, 0.006765694806317771, 0.007389512747968799, 0.007670595352720992, 0.007519400129991575, 0.007029339883909186, 0.005883330240482669, 0.005000943762734503, 0.005227168095637575, 0.005956897156006187, 0.007118984428042537, 0.00865258481529544, 0.010039118749466457, 0.01073113613613461, 0.011352007007004967, 0.011972877877875324, 0.012509807007004037, 0.012581331331328277, 0.012329704704701716, 0.008463526194276568, 0.008839854154776883, 0.008988708035430424, 0.00894132803960646, 0.008688885189954134, 0.00820859297964543, 0.007228995398083102, 0.005884577343403652, 0.005381992365595365, 0.0055931333773250585, 0.005776000644286973, 0.006029681383431538, 0.006421283259234561, 0.006156809674156621, 0.006005625976543379, 0.006428598050034267, 0.007112919071823363, 0.007992515084235914, 0.008888936225292151, 0.009078978978975073, 0.007207685460307348, 0.007272498566238494, 0.007413761042819094, 0.007892103986330149, 0.00836475187086512, 0.008557646839422223, 0.00853001483810973, 0.008023111372411925, 0.006914424439741532, 0.005608959596674802, 0.004368806970887947, 0.004414534004794409, 0.006499982937454492, 0.008857350655878218, 0.011416143590385135, 0.014189427542615669, 0.015963810410406547, 0.015984734734730895, 0.015984734734730856, 0.01566504004003625, 0.008463460802526229, 0.008686868935094714, 0.008578329735349952, 0.00821757226113307, 0.007596814371838109, 0.00684861677792673, 0.006192288694664738, 0.005647561862334266, 0.0051042922579823975, 0.004554001998965556, 0.00407794717519476, 0.0056657776606742725, 0.008006249515068389, 0.010606613089782118, 0.013474357934789186, 0.016395274066344147, 0.017119619619612524, 0.017119619619612562, 0.017119619619612524, 0.01677722722722028, 0.008463526194276568, 0.008839854154776883, 0.008988708035430424, 0.00894132803960646, 0.008688885189954134, 0.008262200483544082, 0.007803991815246097, 0.0076118435390179935, 0.007662129145090188, 0.007598986437106307, 0.007354728628918621, 0.006641459132793492, 0.005670988411809455, 0.004830655416395453, 0.004475012745803946, 0.004971359247403752, 0.0058407310806887856, 0.006667106208980576, 0.007259451494875596, 0.007744282196183756, 0.006452898226497586, 0.006362144081873956, 0.006155143379573792, 0.006159804996385494, 0.006511584792268054, 0.0071769870705906446, 0.007871863623335713, 0.008250029474402832, 0.008027402242146885, 0.007120775398991056, 0.006369109500580606, 0.006402036819777043, 0.006838232812502129, 0.007645291607912225, 0.008745589631161123, 0.009267620044566422, 0.009149679679679619, 0.009003740413904412, 0.008874533600291851, 0.008557817765058028, 0.008463460466458307, 0.008667015445393509, 0.00846359396674294, 0.007914830252659214, 0.007013269864188618, 0.006308992717559618, 0.00645762071663571, 0.00672102997467882, 0.007052739118949078, 0.007448664964904014, 0.007353758421144642, 0.00605332172850385, 0.004891785316144905, 0.005643105547670724, 0.006937779129224802, 0.008525969109732384, 0.010442703713147993, 0.01232495655655371, 0.012581331331328277, 0.012329704704701716, 0.007207683141922358, 0.007135538060601138, 0.006622249368065453, 0.005828502852830145, 0.004794341003903741, 0.004119492043705492, 0.004353018918386328, 0.005460804431569759, 0.006920532304539198, 0.00860609555486623, 0.009932397849086673, 0.010948301212415773, 0.01209477477477102, 0.013169349349345563, 0.014243923923920102, 0.015318498498494643, 0.01597699779779392, 0.015984734734730895, 0.015984734734730856, 0.01566504004003625]","{'complete inhibition': 0, 'adapting inhibition': 1, 'partial inhibition': 2, 'no effect': 3, 'excitation': 4, 'biphasic IE': 5, 'biphasic EI': 6}",13.0,0.912496888566408,0.08244516264271147,0.1185350000000028,0.9126450000000211,3.1,0.21426812082172325,0.07506107142857457,0.5927225000000036,0.8388350000000102,True,1.0,"[1.  0.9 0.9 0.9 0.9 0.9 0.9 0.9 0.9 0.9 0.9 1.  1.  1.  1.  1.  1.  1.
 1.2 1.1]",15.326571531096114,1.2094163243454275,0.06528059602649007,14.211543178966107,1.5658887299903177,0.06958985714285713,,,complete inhibition,0
169,AG7960,1,062122,1.1,3,Naive,67,4,right,/Users/johnparker/paper_repos/Aristieta_Parker_Gao_Gittis_Rubin_2024_D1_GPe/data/d1_msns/pre_processed_data/Naive_D1-MSNs_cell_body_stim/Neuron_0067,/Users/johnparker/paper_repos/Aristieta_Parker_Gao_Gittis_Rubin_2024_D1_GPe/data/d1_msns/pre_processed_data/Naive_D1-MSNs_cell_body_stim,Naive_D1-MSNs_cell_body_stim,True,25,250,0.025,/Users/johnparker/paper_repos/Aristieta_Parker_Gao_Gittis_Rubin_2024_D1_GPe/data/d1_msns/processed_data/Naive_D1-MSNs_cell_body_stim/Neuron_0067,10,0.05,"['excitation', 'excitation', 'excitation', 'excitation', 'excitation', 'excitation', 'excitation', 'excitation', 'excitation', 'no effect']",[4 4 4 4 4 4 4 4 4 3],1.0,1.0,1.0,0.0,99,90,3,3,2,2,"[9.03901836e-10 1.69246512e-08 2.36442581e-08 ... 3.41643089e+00
 3.58632124e+00 4.10008638e+00]",[0.00106614 0.00115413 0.00115472 ... 0.01229104 0.01267537 0.01338878],"{'complete inhibition': 0, 'adapting inhibition': 1, 'partial inhibition': 2, 'no effect': 3, 'excitation': 4, 'biphasic IE': 5, 'biphasic EI': 6}",19.0,0.6441709371593657,0.054990469863384336,0.059227499999995104,0.960642500000003,42.8,0.6139146421332502,0.02330148224054939,0.03403000000000418,0.989117500000009,True,3.9,"[0.2 0.  1.4 1.6 1.4 1.6 1.4 1.  1.4 1.2 1.4 1.4 1.4 1.2 0.8 1.6 1.2 1.2
 1.  0.8]",17.58391950561212,1.0027716440077892,0.055766951080773605,19.76192771710271,1.0050449555448078,0.05054304149797567,1.6028147294870547,0.006151314329504649,excitation,4
170,AG8019,8,060922,1.7,5,Naive,4,8,left,/Users/johnparker/paper_repos/Aristieta_Parker_Gao_Gittis_Rubin_2024_D1_GPe/data/d1_msns/pre_processed_data/Naive_D1-MSNs_cell_body_stim/Neuron_0004,/Users/johnparker/paper_repos/Aristieta_Parker_Gao_Gittis_Rubin_2024_D1_GPe/data/d1_msns/pre_processed_data/Naive_D1-MSNs_cell_body_stim,Naive_D1-MSNs_cell_body_stim,True,25,250,0.025,/Users/johnparker/paper_repos/Aristieta_Parker_Gao_Gittis_Rubin_2024_D1_GPe/data/d1_msns/processed_data/Naive_D1-MSNs_cell_body_stim/Neuron_0004,10,0.05,"['no effect', 'no effect', 'no effect', 'no effect', 'no effect', 'excitation', 'no effect', 'no effect', 'no effect', 'excitation']",[3 3 3 3 3 4 3 3 3 4],1.0,1.0,1.0,0.0,99,90,3,3,2,2,[0.03797467 0.07121661 0.07278224 ... 3.61685865 3.64806153 3.99190679],[0.04036614 0.07983126 0.08342632 ... 3.98588148 3.99190679 4.1553354 ],"{'complete inhibition': 0, 'adapting inhibition': 1, 'partial inhibition': 2, 'no effect': 3, 'excitation': 4, 'biphasic IE': 5, 'biphasic EI': 6}",41.0,0.44459215994188456,0.024234278063361727,0.01619000000001236,0.9745149999999996,44.6,0.41752818280703136,0.02222982194375016,0.01914750000000609,0.986447500000007,False,3.2,"[0.  0.  0.  0.  0.2 0.2 0.2 0.2 0.  0.2 0.  0.2 0.  0.2 0.2 0.  0.4 0.
 0.  0. ]",35.88819493594533,0.5157902800739378,0.027867619718309863,35.96902420381908,0.5923055756170986,0.027811354693648125,2.6463308982083844,1.2135926445887457,no effect,3
171,AG8019,8,060922,1.7,5,Naive,3,2,left,/Users/johnparker/paper_repos/Aristieta_Parker_Gao_Gittis_Rubin_2024_D1_GPe/data/d1_msns/pre_processed_data/Naive_D1-MSNs_cell_body_stim/Neuron_0003,/Users/johnparker/paper_repos/Aristieta_Parker_Gao_Gittis_Rubin_2024_D1_GPe/data/d1_msns/pre_processed_data/Naive_D1-MSNs_cell_body_stim,Naive_D1-MSNs_cell_body_stim,True,25,250,0.025,/Users/johnparker/paper_repos/Aristieta_Parker_Gao_Gittis_Rubin_2024_D1_GPe/data/d1_msns/processed_data/Naive_D1-MSNs_cell_body_stim/Neuron_0003,10,0.05,"['complete inhibition', 'complete inhibition', 'complete inhibition', 'complete inhibition', 'complete inhibition', 'complete inhibition', 'complete inhibition', 'complete inhibition', 'complete inhibition', 'complete inhibition']",[0 0 0 0 0 0 0 0 0 0],1.0,1.0,1.0,0.0,99,90,3,3,2,2,[],[],"{'complete inhibition': 0, 'adapting inhibition': 1, 'partial inhibition': 2, 'no effect': 3, 'excitation': 4, 'biphasic IE': 5, 'biphasic EI': 6}",47.1,0.39212558513460166,0.02150107011102948,0.013362499999998789,0.9907125000000064,0.2,0.0,0.0,0.8003424999999936,0.8003424999999936,False,0.0,[1. 1. 1. 1. 1. 1. 1. 1. 1. 1. 1. 1. 1. 1. 1. 1. 1. 1. 1. 1.],36.9111601711005,0.4097959772174593,0.027097316538882806,28.2036013130029,3.951104820189565,0.03242059139784945,,,complete inhibition,0
172,AG7499,2,011122,1.7,5,Naive,35,4,left,/Users/johnparker/paper_repos/Aristieta_Parker_Gao_Gittis_Rubin_2024_D1_GPe/data/d1_msns/pre_processed_data/Naive_D1-MSNs_cell_body_stim/Neuron_0035,/Users/johnparker/paper_repos/Aristieta_Parker_Gao_Gittis_Rubin_2024_D1_GPe/data/d1_msns/pre_processed_data/Naive_D1-MSNs_cell_body_stim,Naive_D1-MSNs_cell_body_stim,True,25,250,0.025,/Users/johnparker/paper_repos/Aristieta_Parker_Gao_Gittis_Rubin_2024_D1_GPe/data/d1_msns/processed_data/Naive_D1-MSNs_cell_body_stim/Neuron_0035,10,0.05,"['complete inhibition', 'complete inhibition', 'complete inhibition', 'complete inhibition', 'complete inhibition', 'complete inhibition', 'complete inhibition', 'complete inhibition', 'complete inhibition', 'complete inhibition']",[0 0 0 0 0 0 0 0 0 0],1.0,1.0,1.0,0.0,99,90,3,3,2,2,[],[],"{'complete inhibition': 0, 'adapting inhibition': 1, 'partial inhibition': 2, 'no effect': 3, 'excitation': 4, 'biphasic IE': 5, 'biphasic EI': 6}",18.0,0.5698735164151352,0.05392276660861782,0.04111250000000481,0.9392650000000146,0.2,0.0,0.0,0.8001350000000003,0.8001350000000003,True,0.0,[1. 1. 1. 1. 1. 1. 1. 1. 1. 1. 1. 1. 1. 1. 1. 1. 1. 1. 1. 1.],20.545040201611176,0.7306367495292099,0.048649936788874845,12.581243052754319,0.7348363108606467,0.06082355371900816,,,complete inhibition,0
173,AG7499,2,011122,1.7,5,Naive,32,12,left,/Users/johnparker/paper_repos/Aristieta_Parker_Gao_Gittis_Rubin_2024_D1_GPe/data/d1_msns/pre_processed_data/Naive_D1-MSNs_cell_body_stim/Neuron_0032,/Users/johnparker/paper_repos/Aristieta_Parker_Gao_Gittis_Rubin_2024_D1_GPe/data/d1_msns/pre_processed_data/Naive_D1-MSNs_cell_body_stim,Naive_D1-MSNs_cell_body_stim,True,25,250,0.025,/Users/johnparker/paper_repos/Aristieta_Parker_Gao_Gittis_Rubin_2024_D1_GPe/data/d1_msns/processed_data/Naive_D1-MSNs_cell_body_stim/Neuron_0032,10,0.05,"['partial inhibition', 'complete inhibition', 'complete inhibition', 'partial inhibition', 'partial inhibition', 'complete inhibition', 'complete inhibition', 'complete inhibition', 'complete inhibition', 'complete inhibition']",[2 0 0 2 2 0 0 0 0 0],1.0,1.0,1.0,0.0,99,90,3,3,2,2,"[2.4286051824295747, 3.0462593332181362, 3.304741073614799, 3.519872054316301, 3.420223308240115, 3.379534217181798, 3.167942851960654, 2.5558341166012615, 2.740819063185642, 2.7931019604900578, 2.381729039267877, 2.887161771021411, 3.2301542348488224, 3.242666362845864, 2.798966414147, 2.9425814507298678, 3.2743383911699575, 3.479289637771059, 3.2552134093117817, 2.186314870780236, 2.455528606225334, 2.806355629443043, 2.7187782312652633, 2.9182227392781903, 3.2302381603996664, 3.620030710648332, 3.6588208778568982, 2.756241568042904, 2.797908821197915, 3.4004274333067226, 2.7901326316992563, 3.006020336359466, 2.839523625911302, 2.7649936625024383, 2.8831161134025987, 3.3130602903457365, 3.1216396093040872, 3.4160789320174927, 3.225927268818943, 2.225276759145005, 2.2630739311982118, 3.1845640072653585, 2.9556091892693, 3.025483411256225, 3.684613500100737, 3.3432431738231996, 2.645870760392866, 3.1189180366478086, 3.264509848404504, 3.0381218461977038, 2.6091313514107286, 2.406615701359235, 2.9273531934428756, 3.593241459608593, 3.738184431518705, 3.157276799624021, 3.416366305287762, 3.186364162308925, 2.624928416599804, 1.949747521155043, 2.280357175663508, 3.2854446748960844, 3.2269986787130422, 3.268248097702869, 2.9844178270927255, 3.2820054197798263, 3.205451414078015, 2.914842919245253, 3.1221023189820363, 3.081005357329611, 3.002578247222094, 2.937108444209961, 2.4270741400965186, 3.0199138566583343, 2.9975469725593196, 2.780083329629418, 3.654807598385847, 3.7567820770628635, 3.078170608313526, 1.8973973454354165, 2.7963191068783235, 3.5229303402432532, 2.721646683819052, 3.01636581793358, 3.125797362118532, 2.8242894982614604, 3.0025767125480036, 2.901487192627002, 3.2371689139297217, 2.992114446329805, 3.253919857437161, 2.767724088184436, 3.043303761620979, 3.2070406601458314, 3.3208829388555325, 2.6928384988740306, 2.7922073963921887, 3.1835014402462747, 3.2949311606655898, 2.2674066179581027, 2.7824994180935647, 3.2398167184772544, 3.7171704280465754, 3.473287243826226, 3.2188051895990926, 2.92152479178842, 2.3311403568703573, 2.769832295104974, 3.484793325806364, 3.3675445687493806, 3.228391566848874, 2.9714421916797686, 2.616071665618408, 2.8685120062652416, 3.222722346935698, 2.852466235980738, 2.6789723597759765, 2.71287257300461, 3.15996544096293, 2.2918135829673796, 2.6618824993203543, 3.353391328110409, 3.042085171304763, 2.676197904107006, 2.9265980787706583, 2.4247545829390584, 2.6052003272466715, 3.067817191365673, 3.0210403369299894, 3.4728354284383056, 3.438626444224988, 3.1902778345199767, 3.143384755054069, 3.442579360189201, 3.602788724028483, 3.321716629741079, 3.163302149539246, 2.902693129467364, 2.8396670495080696, 1.7848965145672935, 2.818034857764919, 3.13051757157493, 2.980680000133893, 2.810407120410078, 3.1822600153048306, 3.4263718679031037, 3.611774599267446, 3.4704830793200703, 3.228701297659717, 3.4190202071458704, 3.251551691290315, 3.139477516717188, 3.7392543830687552, 3.361333274159235, 2.886577362530167, 2.8107881256661393, 2.6100165843877923, 1.9286982023403751, 2.3107882295546833, 1.8360251183812297, 2.287559937509173, 3.0297992999629417, 2.907018821723819, 2.656537904496373, 2.9699845559164992, 2.690622025390446, 3.044014801944022, 3.2681235728290954, 3.290297726606983, 3.198157888898755, 3.3535537675164506, 3.6520591823396504, 2.9936481255675265, 2.8915068384646028, 2.9791490064597186, 2.8550696887427454, 3.466645323347964, 3.5291637438952295, 2.8913828006499034, 2.108511501845296, 2.030370614035126, 2.476871489800719, 3.3612090594962667, 4.314994687098551, 3.3892875619233993, 2.8504526630567995, 2.906698462140245, 3.412043105028931, 3.439355771674193, 2.77312713778522, 3.014700628660627, 3.021183414819801, 2.886600156861614, 2.945502745169704, 2.985252776973528, 3.3272726539140276, 3.0406248372208755, 2.831694152743523, 2.8697489351382264, 2.270534564837914, 2.4907059788264716, 3.9625731790414194, 4.03902467148249, 4.468119783913188, 4.521945965587281, 4.256603294105456, 3.4360546376174437, 3.3051260202380273, 3.7386338406155346, 3.234543991490814, 2.6847907446141672, 2.8174420642253564, 3.7848975800421396, 3.5135117474525854, 3.0110557824382367, 2.8558903736298453, 4.101492942123998, 3.7165379121711575, 2.5031847978356123, 1.6784826121910283, 2.8389764909554613, 3.0022372062198173, 3.823294805829634, 3.9140100342320823, 4.177479321387082, 4.196079184088397, 3.2569310519750507, 3.125987564574851, 2.9456323013054426, 2.834267001302776, 4.915534663987704, 4.1784672220998855, 2.6919760419069103, 3.392900517371483, 3.6119635589404804, 3.4735351079745693, 3.174403250859536, 3.2399725579886156, 3.1371135754179225, 1.8887323508890452, 3.6522886139142208, 4.187019102059427, 3.066955028879772, 2.6298501434056516, 2.953971252209409, 3.5028129750091836, 3.4110191542592787, 3.3276599214747256, 4.114401770182353, 3.512313112194292, 3.6540789706814243, 3.614640328968653, 3.4617241997646366, 3.0887690389117264, 3.583020999759222, 4.994509187716431, 3.21768241537994, 2.7412325513965694, 2.8520654128734075, 2.0943827512260786, 2.973799081126927, 3.453360736291463, 3.050920200843341, 3.0855070359397794, 3.7857879686298674, 3.511900884461059, 3.6445318993156497, 3.844054515447797, 3.036116445451214, 3.03753778894064, 3.7207174863891326, 3.4914961340924107, 3.856428689433415, 4.24418782997724, 3.9558153936823253, 2.4001998816832257, 1.7866853590848266, 3.389635075137158, 4.940164560183169, 2.7830280597532107, 2.873649520061858, 2.5868310782068913, 2.8124431001604595, 4.289636543358426, 4.312596926951177, 3.2941251655925705, 2.784982288252278, 3.3522386908893234, 3.8098501657205017, 3.1247819473436804, 2.750072847382018, 3.262652573602222, 4.3865840024238345, 4.06672343595722, 3.9855588802410296, 4.140548307537852, 3.494377070731276, 3.4374373307182937, 2.983298974017676, 2.099647937213034, 2.919420391535874, 3.448970325422178, 3.51093508568373, 3.624845081387424, 3.0540554551568264, 3.569665225769151, 3.842145783841296, 2.6086169528444625, 2.9390434254475974, 3.4925016315447803, 3.952761953006633, 3.3254526474110566, 3.3939682457575144, 3.7232119958492644, 3.68333496639139, 3.2899768668523177, 3.3085781227136697, 4.164400461445194, 3.6924461914337003, 2.359078692787228, 2.0597004125869227, 2.528668356447818, 2.8589081629474227, 2.9771513326648367, 3.7365175818284206, 3.7752263937127126, 4.060172016641649, 4.142116906425563, 4.481424247481375, 4.000631831745763, 3.944616351003912, 3.7163364593092343, 3.6239526026326185, 3.58328823926132, 3.164447567212567, 4.74967357703383, 3.2641957744078227, 2.5722007062328096, 2.710724349095739, 2.1732722313170534, 2.9054588579825236, 3.497144320767464, 4.178498286621321, 4.587572338277727, 3.810795567465413, 3.8872837818849346, 3.479580111535728, 3.197266196458681, 3.9442174589139976, 3.807393816992829, 3.2619393681078606, 3.773112240322833, 2.870062314058778, 2.533686493966686, 3.001122089374289, 2.646999701857912, 3.1441077309872716, 3.7103685022812845, 3.5219825307921706, 2.140239748901118, 3.3684564112833604, 3.8382694155143633, 3.7884485888495685, 3.0567635325092417, 3.3585855274738488, 3.7788822279914496, 3.456301376201336, 3.4591683254110115, 3.145337728174487, 2.3260682552141643, 3.317353909918238, 4.352044574488187, 4.101743713151807, 3.9166102376399925, 3.9877008226751185, 4.073438957589872, 3.055423644673708, 2.8027346398708253, 2.757192750517198, 1.9204119737873355, 2.39877730655973, 3.4246110438770803, 3.746208144595592, 3.158568561216954, 3.4759380380889238, 3.6579358557901505, 3.6169983671179478, 3.7404661675943296, 3.7078687520939986, 3.143548069572515, 3.198088229016023, 3.404731155954177, 4.2362773421645405, 4.67940841368468, 3.347966207016152, 3.871561393716141, 3.1728135209436026, 2.8722065347240493, 2.8964654113150052, 2.3909403963224474, 2.0893309020856647, 3.4970495856524915, 2.129157440336417, 2.472108539024081, 3.2884266032328555, 3.2336088650516515, 2.5902033104274578, 3.0126650177584553, 3.5074969316215556, 3.1388453376903964, 3.610582588605146, 3.356442830781016, 2.0853046896247065, 2.940037270194709, 2.5946617858055183, 1.876478596861211, 3.953779985005401, 3.682853416392218, 3.540842871164688, 2.584530502283637, 2.3839719194623847, 2.454302757912676, 2.945999935373285, 3.278124032566118, 4.031803083946363, 4.871106843095271, 3.4433113732387777, 3.6447187098728295, 3.4903120369955816, 2.6148045296802045, 2.2037316665796105, 3.625245535920396, 3.755969878496399, 3.120396666906909, 3.087935997750386, 2.8091646143883207, 1.7857179161563115, 2.470390391349234, 2.8714245224305435, 0.4668682877732711, 2.6383710029990284, 2.792565441052075, 3.6016519868556656, 3.109982529824306, 2.969733642090879, 2.556901941936511, 2.678263630186006, 2.7693659565716056, 2.9459333413799875, 2.9837981041433506, 2.845307670398303, 3.7148030010508633, 3.8254116745160958, 2.472687092873234, 2.509533680621946, 3.247006307843095, 2.299509168346911, 2.5355237497063117, 3.9592929245167063, 2.327379858641068, 1.5857947312901608, 3.146188467900669, 5.089167872925337, 4.111394507395013, 4.190781715610792, 4.0235331672187975, 3.3785343530757888, 2.063182098258636, 2.132004002096369, 2.825888721545659, 3.3436550288572002, 3.396690515714039, 2.73421487760374, 1.6761602294782338, 2.324362784174279, 3.516379597300856, 3.12954919330181, 2.0155572041448417, 3.2282219301963884, 1.4670968537544185, 2.193238873859629, 3.532197307283264, 2.9832941070627443, 3.1334142877711297, 3.3453585211544055, 2.8862548555459657, 4.336622922234438, 3.878089256630963, 3.3170737315209853, 2.6131487181059234, 2.6899711273210043, 2.6643071082133303, 1.8334582346028465, 2.385506069522046, 4.025785333821425, 3.793335076056129, 3.4623758832527396, 1.8033204751905243, 2.5622811301904447, 1.8341157679584414, 2.999382085598851, 2.9393282896752515, 3.3021543609167474, 2.6969935253940553, 2.9462870250052005, 3.2078031799904023, 1.896540870557424, 2.9013586542852052, 3.042330913379381, 3.0026958549275244, 2.40112046298532, 1.6416216193567834, 3.117057235354416, 4.841112202526586, 4.2563475540464415, 2.5722350890802783, 2.815824571392487, 3.022328407435342, 3.5969007296011526, 1.8608389179635842, 1.8370792002545302, 1.484557908321681, 2.6274232120655454, 3.233554407965187, 4.499415366506622, 4.013069727269016, 4.663085766814053, 1.9659008221939687, 2.108661062113277, 3.0370831354054553, 3.490776501954877, 2.5252212234149876, 2.975421388485086, 3.524339427193954, 3.8784813288688476, 2.99131712464589, 3.604830371977436, 3.7303217371774666, 2.34399163033241, 0.786005400318045, 2.6065619063686873, 2.819319307399432, 1.9377582637910329, 2.8145679874167686, 3.359639145174821, 3.2468705893168015, 2.7124082154900715, 3.22782836571762, 3.2508133055120423, 3.2148157445979133, 3.577728801115729, 3.0715238964639195, 3.274092750150197, 2.677094320291685, 3.1406919422308075, 3.132153351873657, 2.843998571235709, 4.4631724794916, 3.518279545435644, 0.4059595723640218, 2.2638374517913946, 3.0958624239863024, 2.628680282112914, 3.108276950299526, 2.3851983974549666, 3.1685269799590907, 4.240723910382921, 3.502947321174321, 4.592566947399262, 4.414520654898694, 3.299024003484962, 2.3838193900315536, 2.15797059973603, 2.751807351700433, 1.7527969121283369, 2.3226892540096853, 2.169436808974646, 2.837617851857348, 4.521593173489813, 1.6976676398706683, 2.377655913557614, 2.7790915826643, 2.3462725406863516, 3.2330677840181536, 3.8406883001225567, 3.277960592974884, 3.7402278377820353, 3.315043968167784, 1.8726256041504306, 3.6127404475848883, 5.125268495941667, 4.886235466318731, 2.801131588089458, 2.365438514231964, 3.479201966660432, 3.40288341828635, 1.9997568598711757, 1.9188776931142404, 2.1311007821780046, 0.8228576270322588]","[0.0007587609283388858, 0.0007574779016000276, 0.0007603688601353112, 0.000754306870938777, 0.0007574964564456982, 0.0008115706166660757, 0.0008484882514921077, 0.0008910238903033342, 0.0009613343545997846, 0.0009665328988326305, 0.0009209577932446608, 0.0009104036565082876, 0.0009249158188181148, 0.0008723903061407348, 0.0008530868718462378, 0.0008381569187823492, 0.0008243479117607294, 0.0007852235091113435, 0.0007817519000524481, 0.000769768953362006, 0.0008801807939789803, 0.0008810157865829611, 0.0008573488317195418, 0.0008469391338483691, 0.0008087015545489636, 0.0007974451079671862, 0.0007830775319016964, 0.0008039750782777314, 0.0008290812846733036, 0.0008027766933841287, 0.0007952107000004781, 0.00088502870364035, 0.0009224730691907971, 0.0009239852532927766, 0.0009462013363486464, 0.0009482937988619768, 0.0008476246607830131, 0.0008102901071189787, 0.0007949933235372158, 0.0007746483289872227, 0.0007297309409190504, 0.0007846582922272248, 0.000772011937133386, 0.0008071865181437395, 0.0008502986437960309, 0.0008513777803920154, 0.0008368829999880767, 0.0008527971478222278, 0.0008533062293936002, 0.0008081249408141591, 0.0008007208409920261, 0.0007992787180344916, 0.0008136614288074129, 0.0008049050365178423, 0.0008168648990130984, 0.000872981084397763, 0.0008817187378981477, 0.0009255295729207988, 0.0009620636018665534, 0.0010018240146570817, 0.0007492339580351247, 0.0007745700155176467, 0.0007855077943542078, 0.0007994635840277571, 0.0008044197807893195, 0.000814821010579687, 0.0007916747040662074, 0.0007867431743067961, 0.0007637902508273108, 0.0007796146251233285, 0.0008178155603460135, 0.0008715500525696418, 0.0008867526384269773, 0.0008748691436143421, 0.0008945909365491769, 0.0008922236927051963, 0.0008478891771131832, 0.0009038668819916864, 0.0009740234139960069, 0.0009553094373526106, 0.0006610712109372939, 0.0007272899084977217, 0.0007563859680605057, 0.0007716857645528955, 0.0008012793772610799, 0.0009000729337767807, 0.000907063199515532, 0.0008966226781192664, 0.0009033213330189022, 0.0009106624587592266, 0.0008672015259554349, 0.000840791666615471, 0.0008497044125238455, 0.0008645130478138565, 0.0008400258608169197, 0.0008216844088414963, 0.000834484977585037, 0.0008401712468717498, 0.000827691066150139, 0.0008439679230780932, 0.0007832988355350815, 0.000798953432109091, 0.000819992777102431, 0.0008142623059290302, 0.0008089701685891048, 0.0008325330383524514, 0.0008463781713682596, 0.0008502300521093068, 0.0008667616690484505, 0.00089060573939122, 0.0008550491979175775, 0.0008600047516655594, 0.0008287799443035761, 0.0008512796908943071, 0.0008550400004254316, 0.0008435664544429333, 0.0008308310611472007, 0.0008495100027737848, 0.0008307616508999789, 0.0007848234991552469, 0.0008932369081905061, 0.000868336244084189, 0.0008641594673929891, 0.0008436275050826522, 0.0008527823856912808, 0.0008514246190539628, 0.0008577358799641423, 0.0008117536191659388, 0.0008106092729176042, 0.0008073163299116007, 0.0007787977613504714, 0.0007537145945414681, 0.0007837900644288564, 0.0007447447908359993, 0.0007583331420812207, 0.0007998055101127991, 0.000862404294784062, 0.0008896333287697974, 0.0009537622724317284, 0.0009374322588972531, 0.0007765093895666771, 0.0007775759253819256, 0.0007935343281303657, 0.0007814063472051701, 0.0008184273052829843, 0.000833913317275196, 0.0009018166705886965, 0.000903165095040982, 0.0008827127794661412, 0.0008355157093193065, 0.0008273517578644575, 0.0007621737560583413, 0.0007496664743020348, 0.0007743904361029943, 0.0008378275183185726, 0.000863140600609284, 0.0008839250521602528, 0.0009425649061723981, 0.0009851433956164122, 0.000940704414319457, 0.0008025354785599307, 0.0008378347278384932, 0.000835609691174088, 0.0008327905897253115, 0.0008454030723827166, 0.0008498497788060019, 0.0008217237188078476, 0.000830404273897427, 0.0008477750909210985, 0.0008253233619860021, 0.0007726093296125127, 0.0007741783960340514, 0.0007406611440185819, 0.0007382982957619541, 0.0007600803209854895, 0.0008427778457231204, 0.0008877933166779394, 0.0009584746004485727, 0.0009882310508367734, 0.0010196991433830153, 0.0008286551373033089, 0.0008116499211213764, 0.0008067489466264104, 0.0008379845872206174, 0.00081087658434175, 0.0008142112294508325, 0.0008731266743278502, 0.0008974561164992136, 0.0008478069111209836, 0.0008321424340544719, 0.0008421960031719538, 0.0008080928576382575, 0.0007892041464065882, 0.0008039960026683298, 0.0008113122723783732, 0.0007783108181698864, 0.0008180116513014142, 0.0008677323354366601, 0.0008929337078076859, 0.0009130376107958282, 0.0007011241160818807, 0.0006858727116553503, 0.0006621521607246916, 0.0006311430209749265, 0.0006590185198642865, 0.0006679775921174879, 0.0006979945211797392, 0.0007753740931197742, 0.0008458883246519233, 0.000873702587887129, 0.0008465702931729485, 0.0008501712216743959, 0.000841698225876985, 0.0008427953695851059, 0.0007797060084328244, 0.0008005053451089438, 0.0008677631973369176, 0.0008823236199431009, 0.0008626652567042577, 0.000927615524024911, 0.0006839953750749497, 0.000690341805037997, 0.000684236072881019, 0.000705682110759504, 0.000742478482604782, 0.0007844851621688815, 0.0008872464433296692, 0.0009049132200528272, 0.0009286119630481666, 0.000896946371367166, 0.0008383823567181059, 0.0007790337826256499, 0.0007953919357728144, 0.000763767725514667, 0.0007655093610868409, 0.0007714238092473058, 0.00072547701398388, 0.0008151437503921078, 0.0008848821655303421, 0.0009037270697119698, 0.0007037642442868101, 0.0007300270544526751, 0.0007416933274292148, 0.00074327935495269, 0.0006911441185265471, 0.0006859206962564851, 0.0007287398583824481, 0.0008060371440705458, 0.0008692066278087968, 0.0009064337351022205, 0.000920402401354192, 0.0008687216897246559, 0.0008007530484535094, 0.0007982688549642004, 0.0008026663892490074, 0.0007958841240393192, 0.00079386250977066, 0.0007990714193942952, 0.0007765970389809323, 0.0007535322130104355, 0.0007237097095967927, 0.0007525417239963539, 0.0007456401459714068, 0.0007423288157300992, 0.0007055561502927487, 0.000719440080096951, 0.000750041329866248, 0.0008020659699197579, 0.0008258959564293679, 0.000846120666032753, 0.000913391684869922, 0.0009488474909524341, 0.0008723199842555196, 0.0008073244268785333, 0.000839747028773862, 0.0008281126411801616, 0.0007210557175115703, 0.0007672412773374039, 0.0008275994260022266, 0.0007766648209574224, 0.0009418365158783032, 0.0009340193184921338, 0.0008992348348204024, 0.0008854035240305121, 0.000816165162634498, 0.0007440918890642858, 0.0007213830038996252, 0.0006917090607151727, 0.0007010826875560788, 0.0007200608541930674, 0.0007933531397193348, 0.0008152322396479907, 0.0008395890556886253, 0.000878526158218378, 0.0008564488599043365, 0.000777981654541556, 0.0007282561609399676, 0.0007316901259162852, 0.0006855473617125089, 0.0006643858731948925, 0.0008049375932867394, 0.0007723288854102121, 0.0008171958449660286, 0.0008432630278732249, 0.0007653308204393363, 0.0007332520754164195, 0.0007760480658403157, 0.0007409497121959351, 0.0007246840128081799, 0.0007504522440479861, 0.0007803787546261619, 0.0008051356527440374, 0.0008422740597354692, 0.0008318538611059011, 0.0008409785562014491, 0.0008497447080269892, 0.000808432140018369, 0.000725510395110736, 0.000725268392751022, 0.0006806471004610358, 0.0006989011925691875, 0.0007122226830659564, 0.000735131607985648, 0.0007076580054399337, 0.0007621513760045814, 0.0008334740888720745, 0.0008539725955319686, 0.0008373825387915284, 0.0008458184722863077, 0.0008503727881681264, 0.0007646776724061754, 0.0007530707169019946, 0.0007686167069309065, 0.0008013421614287794, 0.0008736340239948598, 0.0008763209450690382, 0.0008586023214731806, 0.0008345060427772585, 0.0008070623539151908, 0.0006687824657514331, 0.0007654758415867646, 0.0007805733266061362, 0.0007711781776781628, 0.0007531564602487462, 0.0007504586551297728, 0.0007493442928556583, 0.0007772930120651664, 0.0008116719554267591, 0.0009277994391425503, 0.0009317434923996028, 0.0008509925957423849, 0.0008138433226516034, 0.0007690765836362301, 0.0006741357051330909, 0.0006487390256511222, 0.0007032917284092682, 0.0007362466621271902, 0.0008364589652018482, 0.000881876707547386, 0.0009450921647080943, 0.0007807196376197872, 0.00080950933004174, 0.0008084495840054756, 0.0007955490219043338, 0.0008161611350335061, 0.0007758445097003965, 0.0007836172900991673, 0.0007686361890174036, 0.0007368514223489791, 0.0007316920798307481, 0.00075913767967673, 0.0007073383983951748, 0.0007653774619155193, 0.0007985979065734687, 0.0008296126489586563, 0.0008216795357872829, 0.0008799087934570995, 0.0008178531118135973, 0.0008065008843278059, 0.000762119917007271, 0.00062606790826551, 0.0007292090559602753, 0.0008116080444945307, 0.0008354787484801267, 0.0008699621785735913, 0.0009057629017450435, 0.0008717756253806749, 0.000790459428636728, 0.0007667012693283455, 0.0007519128480841295, 0.0007216418125188893, 0.0006772368765609254, 0.0006715527199486613, 0.0006878210069847562, 0.0007244546262850256, 0.0008039655673857415, 0.0008379675903768772, 0.0009550497090673079, 0.0010112125604468173, 0.0010267080589023057, 0.0010860340453695612, 0.0010799679842023885, 0.0010564357286436015, 0.0010325058564612344, 0.0010883104538961777, 0.0009381295478027563, 0.0008865757572816081, 0.0008722949299688345, 0.000836937875968835, 0.000867758028821291, 0.0009555374520660756, 0.0009936722818706574, 0.0010623925110331484, 0.001231718533970316, 0.001118765941054063, 0.0010159250998434896, 0.0009769238050030713, 0.0009459881420916234, 0.0008150432103387244, 0.0008654747632731075, 0.0008577417463124908, 0.0008252534815646666, 0.0008653140486916651, 0.0008925821918208849, 0.0009615943681343074, 0.0010374733897046697, 0.0010490664483360653, 0.0010348228086637234, 0.001138807906703091, 0.0011751064285606097, 0.001185155376215561, 0.0012033510738930807, 0.0011354021404769105, 0.0009526119563221064, 0.0008154455427721111, 0.000697628578796651, 0.0006889788492602085, 0.0008678490922703301, 0.0009485829743897135, 0.0010340936513098808, 0.000994286412307437, 0.0009957278335936714, 0.0009819783102701185, 0.000995771879102021, 0.0010267837741057687, 0.0011090801936390726, 0.0010660623362026625, 0.0010222671860670612, 0.0010253816090131842, 0.0009590477036891363, 0.0007775448283221441, 0.0009524543176212306, 0.0010015442632536602, 0.0009862595917815384, 0.001035244806551944, 0.0010924086403085603, 0.0009398763165280393, 0.0010437697333054545, 0.0011413876705290678, 0.0011582466074257448, 0.0014719558204128293, 0.0013688727899212317, 0.0012269249870026705, 0.0010898538230869551, 0.0008481509811296381, 0.0007706078829714897, 0.0008826843097835419, 0.0009916700166103692, 0.0010841350258972518, 0.001094316359114924, 0.0011167314755797233, 0.0009327124764636899, 0.0008300544405981661, 0.0007864145727674958, 0.0008426628125061084, 0.0009375896986905082, 0.0009479737162251723, 0.001022445123366669, 0.0010893341418144343, 0.0010682112241870495, 0.0007155732196520982, 0.000816158721031679, 0.000833699442878443, 0.0009115484266725468, 0.0009599947873908953, 0.0008906136283983005, 0.000841238405709448, 0.0008928591014033185, 0.0008891508448952152, 0.0009475734732561974, 0.0009580511164518463, 0.00116647313363636, 0.001128573785995632, 0.0011027211006177273, 0.0010633765905355742, 0.001093930060408577, 0.0010219346024647232, 0.0011281802479438387, 0.00124292303744302, 0.0013498733032136427, 0.0010998670211976758, 0.0010036723608711484, 0.0009606713579028498, 0.0009284575687221569, 0.0008771016040410161, 0.0007766899716053744, 0.0007884233031367608, 0.0008010280539395504, 0.00085506407010336, 0.0009352475598058427, 0.0009711285716298457, 0.0011905310411205047, 0.0012210300684063482, 0.001258215964779983, 0.0011612493625747858, 0.001120720409244254, 0.0008730019934914282, 0.000951068159547787, 0.0009496850324132057, 0.0009441638653023381, 0.0009926186716381782, 0.0009661076692533095, 0.0009014090765434109, 0.0008798467157400581, 0.0008487396029835132, 0.0008824541437596931, 0.0008667813263745945, 0.0010703787395525068, 0.0011027236881176942, 0.0011752905046262371, 0.001187698654501923, 0.0011997083877110057, 0.0010371016998406636, 0.0009571241789167528, 0.0007800224423214133, 0.0007683700202054343, 0.0007990210479739354, 0.0010137910586835045, 0.0011419727039004453, 0.001285855611961296, 0.0013515299618476874, 0.001340648286073027, 0.00121856333756712, 0.0010044598461517575, 0.0008789489446770093, 0.0007955669220126379, 0.0007383372049155527, 0.000789515101952223, 0.0008789615914977145, 0.0009200018848622269, 0.0008690111977711549, 0.00083813295607189, 0.0009805587666515115, 0.0010404264865439038, 0.0010068806682673743, 0.0010493988795648606, 0.0011227410087534682, 0.0010693277060585202, 0.0010538008164346707, 0.0011462132600935672, 0.001217183224673922, 0.0011908925822107983, 0.0011642535426665736, 0.0011566785058330124, 0.0010896164905034823, 0.0008889998489471423, 0.0009098307975926581, 0.0008732822469667147, 0.0008166696878429401, 0.0007765795945222539, 0.0008004287127743477, 0.0007103969167389326, 0.0006555577421655488, 0.000697043210587429, 0.0010237119757479638, 0.001270089006127146, 0.0013552879005246064, 0.0015610516708743664, 0.0017453128503676064, 0.0015095756747263316, 0.0011513902406526185, 0.0010838703123827603, 0.001024750814654127, 0.0009417712602486193, 0.0007888583868240347, 0.0007884293741263205, 0.0007766881400229346, 0.0008334329536767735, 0.000839150343722792, 0.0008442279841810237, 0.0009557285718732838, 0.0009022562699598861, 0.0009575886196945743, 0.001054097015205642, 0.001045160685237931, 0.0009769191927545412, 0.0011744305215746309, 0.0013552649115084875, 0.001434291712620821, 0.0015695122529459722]","{'complete inhibition': 0, 'adapting inhibition': 1, 'partial inhibition': 2, 'no effect': 3, 'excitation': 4, 'biphasic IE': 5, 'biphasic EI': 6}",49.9,0.548190279103845,0.021995824864806522,0.025294999999999134,0.9848275000000065,3.9,0.4054642076170632,0.08191493452380763,0.6213050000000031,0.9275575000000025,True,0.6,[1. 1. 1. 1. 1. 1. 1. 1. 1. 1. 1. 1. 1. 1. 1. 1. 1. 1. 1. 1.],66.252566508731,0.3421791285471693,0.015095475910693303,23.113170226812574,1.5272804653797465,0.0429744382022472,,,complete inhibition,0
174,AG7960,1,062122,1.4,1,Naive,59,4,right,/Users/johnparker/paper_repos/Aristieta_Parker_Gao_Gittis_Rubin_2024_D1_GPe/data/d1_msns/pre_processed_data/Naive_D1-MSNs_cell_body_stim/Neuron_0059,/Users/johnparker/paper_repos/Aristieta_Parker_Gao_Gittis_Rubin_2024_D1_GPe/data/d1_msns/pre_processed_data/Naive_D1-MSNs_cell_body_stim,Naive_D1-MSNs_cell_body_stim,True,25,250,0.025,/Users/johnparker/paper_repos/Aristieta_Parker_Gao_Gittis_Rubin_2024_D1_GPe/data/d1_msns/processed_data/Naive_D1-MSNs_cell_body_stim/Neuron_0059,10,0.05,"['no effect', 'adapting inhibition', 'excitation', 'adapting inhibition', 'partial inhibition', 'partial inhibition', 'adapting inhibition', 'partial inhibition', 'partial inhibition', 'partial inhibition']",[3 1 4 1 2 2 1 2 2 2],1.0,1.0,1.0,0.0,99,90,3,3,2,2,[0.12127903 0.23515735 0.42121749 ... 5.80959238 5.8462075  6.2635203 ],[0.14755045 0.164504   0.2101371  ... 5.85417389 5.9532918  6.10689007],"{'complete inhibition': 0, 'adapting inhibition': 1, 'partial inhibition': 2, 'no effect': 3, 'excitation': 4, 'biphasic IE': 5, 'biphasic EI': 6}",50.9,0.36651737407378543,0.02074180303738806,0.010920000000002972,0.9884749999999982,25.5,0.757887846900668,0.04015445440839448,0.0820750000000082,0.9617925000000007,False,2.0,"[0.9 0.7 0.2 0.3 0.3 0.3 0.4 0.2 0.7 0.7 0.5 0.5 0.5 0.3 0.4 0.6 0.7 0.9
 0.9 0.7]",58.854010333549105,0.7692831340517376,0.016977853881278537,34.407277810870525,1.9789621779083286,0.029039393028846155,3.424086678616779,1.5715759419160833,partial inhibition,2
175,AG7960,1,062122,1.1,3,Naive,66,10,right,/Users/johnparker/paper_repos/Aristieta_Parker_Gao_Gittis_Rubin_2024_D1_GPe/data/d1_msns/pre_processed_data/Naive_D1-MSNs_cell_body_stim/Neuron_0066,/Users/johnparker/paper_repos/Aristieta_Parker_Gao_Gittis_Rubin_2024_D1_GPe/data/d1_msns/pre_processed_data/Naive_D1-MSNs_cell_body_stim,Naive_D1-MSNs_cell_body_stim,True,25,250,0.025,/Users/johnparker/paper_repos/Aristieta_Parker_Gao_Gittis_Rubin_2024_D1_GPe/data/d1_msns/processed_data/Naive_D1-MSNs_cell_body_stim/Neuron_0066,10,0.05,"['excitation', 'excitation', 'no effect', 'excitation', 'excitation', 'excitation', 'excitation', 'no effect', 'no effect', 'no effect']",[4 4 3 4 4 4 4 3 3 3],1.0,1.0,1.0,0.0,99,90,3,3,2,2,"[1.27782015e-03 8.97660610e-03 2.48007022e-02 ... 3.25394688e+00
 3.53666713e+00 3.58736201e+00]",[0.00081661 0.00087257 0.00087551 ... 0.00463458 0.00463732 0.00469209],"{'complete inhibition': 0, 'adapting inhibition': 1, 'partial inhibition': 2, 'no effect': 3, 'excitation': 4, 'biphasic IE': 5, 'biphasic EI': 6}",31.0,0.3738096277054094,0.033083818162871134,0.018495000000002194,0.9725000000000122,36.6,0.417154667282869,0.02765085810580129,0.017897499999988752,0.9794200000000067,True,3.6,"[0.  0.2 0.6 1.  0.6 0.6 0.8 0.8 0.6 0.2 0.2 0.2 0.8 0.6 0.4 0.  0.2 0.2
 0.2 0. ]",27.99439912200293,0.527083805913233,0.035012,34.268661309232705,0.40813395953636544,0.02917551050175032,2.0662048799366333,0.0024329952853832195,excitation,4
176,AG8019,7,061422,1.1,6,Naive,92,12cell1,left,/Users/johnparker/paper_repos/Aristieta_Parker_Gao_Gittis_Rubin_2024_D1_GPe/data/d1_msns/pre_processed_data/Naive_D1-MSNs_cell_body_stim/Neuron_0092,/Users/johnparker/paper_repos/Aristieta_Parker_Gao_Gittis_Rubin_2024_D1_GPe/data/d1_msns/pre_processed_data/Naive_D1-MSNs_cell_body_stim,Naive_D1-MSNs_cell_body_stim,True,25,250,0.025,/Users/johnparker/paper_repos/Aristieta_Parker_Gao_Gittis_Rubin_2024_D1_GPe/data/d1_msns/processed_data/Naive_D1-MSNs_cell_body_stim/Neuron_0092,9,0.05,"['adapting inhibition', 'adapting inhibition', 'complete inhibition', 'adapting inhibition', 'adapting inhibition', 'complete inhibition', 'adapting inhibition', 'adapting inhibition', 'complete inhibition']",[1 1 0 1 1 0 1 1 0],1.0,1.0,1.0,0.0,99,90,3,3,2,2,"[1.59897881e-11 1.59897881e-11 1.59897881e-11 ... 3.35087985e+00
 3.45486499e+00 4.36119715e+00]",[0.00117956 0.00118269 0.00120966 ... 0.01642893 0.01642893 0.01642893],"{'complete inhibition': 0, 'adapting inhibition': 1, 'partial inhibition': 2, 'no effect': 3, 'excitation': 4, 'biphasic IE': 5, 'biphasic EI': 6}",24.666666666666668,0.7803720292659532,0.04133442149507375,0.06065000000001438,0.9678277777777851,9.11111111111111,0.834475856711235,0.09155017896047303,0.29930555555556676,0.8552750000000083,True,0.6666666666666666,"[1.         1.         1.         1.         1.         1.
 0.88888889 0.66666667 0.55555556 0.44444444 0.44444444 0.33333333
 0.33333333 0.33333333 0.33333333 0.33333333 0.33333333 0.44444444
 0.44444444 0.55555556]",11.657114590450087,0.953431563197527,0.08583096689895471,17.49580850705813,1.885286247746923,0.03911003480278422,2.0525416630812856,0.006057483321540287,partial inhibition,2
177,AG8019,7,061422,1.1,6,Naive,95,7,left,/Users/johnparker/paper_repos/Aristieta_Parker_Gao_Gittis_Rubin_2024_D1_GPe/data/d1_msns/pre_processed_data/Naive_D1-MSNs_cell_body_stim/Neuron_0095,/Users/johnparker/paper_repos/Aristieta_Parker_Gao_Gittis_Rubin_2024_D1_GPe/data/d1_msns/pre_processed_data/Naive_D1-MSNs_cell_body_stim,Naive_D1-MSNs_cell_body_stim,True,25,250,0.025,/Users/johnparker/paper_repos/Aristieta_Parker_Gao_Gittis_Rubin_2024_D1_GPe/data/d1_msns/processed_data/Naive_D1-MSNs_cell_body_stim/Neuron_0095,10,0.05,"['biphasic IE', 'complete inhibition', 'adapting inhibition', 'adapting inhibition', 'adapting inhibition', 'excitation', 'excitation', 'no effect', 'excitation', 'biphasic IE']",[5 0 1 1 1 4 4 3 4 5],1.0,1.0,1.0,0.0,99,90,3,3,2,2,"[2.47892405e-93 2.47892405e-93 2.26492629e-76 ... 2.59043687e+00
 2.63871808e+00 2.67290709e+00]",[0.00128241 0.00136885 0.00137018 ... 0.02810811 0.02810811 0.02810811],"{'complete inhibition': 0, 'adapting inhibition': 1, 'partial inhibition': 2, 'no effect': 3, 'excitation': 4, 'biphasic IE': 5, 'biphasic EI': 6}",10.5,0.8335442699942117,0.10227372148322675,0.13998499999999298,0.9303950000000001,19.7,0.810866382326641,0.04545816894564837,0.14226500000000258,0.8831875000000047,True,2.8,"[1.  0.6 0.5 0.4 0.6 0.5 0.6 0.6 0.8 1.  0.5 0.5 0.7 0.9 0.7 0.9 0.9 0.9
 0.7 0.8]",9.552652914699982,0.9578158439005067,0.1045213829787234,31.923302946364693,0.9842788647427584,0.031341576605212966,1.2417374738177382,0.013755754789724864,excitation,4
178,AG7960,1,062122,1.7,2,Naive,61,5,right,/Users/johnparker/paper_repos/Aristieta_Parker_Gao_Gittis_Rubin_2024_D1_GPe/data/d1_msns/pre_processed_data/Naive_D1-MSNs_cell_body_stim/Neuron_0061,/Users/johnparker/paper_repos/Aristieta_Parker_Gao_Gittis_Rubin_2024_D1_GPe/data/d1_msns/pre_processed_data/Naive_D1-MSNs_cell_body_stim,Naive_D1-MSNs_cell_body_stim,True,25,250,0.025,/Users/johnparker/paper_repos/Aristieta_Parker_Gao_Gittis_Rubin_2024_D1_GPe/data/d1_msns/processed_data/Naive_D1-MSNs_cell_body_stim/Neuron_0061,10,0.05,"['complete inhibition', 'complete inhibition', 'complete inhibition', 'complete inhibition', 'complete inhibition', 'complete inhibition', 'complete inhibition', 'complete inhibition', 'complete inhibition', 'complete inhibition']",[0 0 0 0 0 0 0 0 0 0],1.0,1.0,1.0,0.0,99,90,3,3,2,2,[],[],"{'complete inhibition': 0, 'adapting inhibition': 1, 'partial inhibition': 2, 'no effect': 3, 'excitation': 4, 'biphasic IE': 5, 'biphasic EI': 6}",28.4,0.6402165989603572,0.02846548949750973,0.10537250000000072,0.9552575000000019,0.3,0.0,0.0,0.7017074999999963,0.7017074999999963,True,0.0,[1. 1. 1. 1. 1. 1. 1. 1. 1. 1. 1. 1. 1. 1. 1. 1. 1. 1. 1. 1.],24.177912711614123,1.12162673598583,0.041334839527027024,3.7746108452730907,1.4911150381273524,0.2622141304347824,,,complete inhibition,0
179,AG7960,1,062122,1.1,3,Naive,68,5,right,/Users/johnparker/paper_repos/Aristieta_Parker_Gao_Gittis_Rubin_2024_D1_GPe/data/d1_msns/pre_processed_data/Naive_D1-MSNs_cell_body_stim/Neuron_0068,/Users/johnparker/paper_repos/Aristieta_Parker_Gao_Gittis_Rubin_2024_D1_GPe/data/d1_msns/pre_processed_data/Naive_D1-MSNs_cell_body_stim,Naive_D1-MSNs_cell_body_stim,True,25,250,0.025,/Users/johnparker/paper_repos/Aristieta_Parker_Gao_Gittis_Rubin_2024_D1_GPe/data/d1_msns/processed_data/Naive_D1-MSNs_cell_body_stim/Neuron_0068,10,0.05,"['biphasic EI', 'excitation', 'no effect', 'excitation', 'excitation', 'partial inhibition', 'excitation', 'no effect', 'excitation', 'no effect']",[6 4 3 4 4 2 4 3 4 3],1.0,1.0,1.0,0.0,99,90,3,3,2,2,[0.56195647 0.57501663 0.60193574 ... 3.8927233  3.92331159 4.23525676],[0.56195647 0.66002732 0.70600952 ... 3.92100261 3.98948266 4.23525676],"{'complete inhibition': 0, 'adapting inhibition': 1, 'partial inhibition': 2, 'no effect': 3, 'excitation': 4, 'biphasic IE': 5, 'biphasic EI': 6}",50.8,0.3390821757034375,0.02006022133982909,0.011809999999990595,0.9889674999999911,54.5,0.5904861816583381,0.018761170006381535,0.022049999999990178,0.9749799999999936,False,3.7,"[0.3 0.2 1.  1.  0.8 0.6 0.6 0.5 0.7 0.7 0.7 0.7 0.7 0.9 0.8 0.9 0.7 0.4
 0.5 0.2]",46.26822585526795,1.2860342771039552,0.021182818574514036,33.38264482044592,0.9847556143790244,0.02996565868263472,3.1957186396319495,1.6925635843524893,excitation,4
180,AG7960,1,062122,1.4,1,Naive,57,15,right,/Users/johnparker/paper_repos/Aristieta_Parker_Gao_Gittis_Rubin_2024_D1_GPe/data/d1_msns/pre_processed_data/Naive_D1-MSNs_cell_body_stim/Neuron_0057,/Users/johnparker/paper_repos/Aristieta_Parker_Gao_Gittis_Rubin_2024_D1_GPe/data/d1_msns/pre_processed_data/Naive_D1-MSNs_cell_body_stim,Naive_D1-MSNs_cell_body_stim,True,25,250,0.025,/Users/johnparker/paper_repos/Aristieta_Parker_Gao_Gittis_Rubin_2024_D1_GPe/data/d1_msns/processed_data/Naive_D1-MSNs_cell_body_stim/Neuron_0057,10,0.05,"['partial inhibition', 'partial inhibition', 'no effect', 'no effect', 'no effect', 'excitation', 'no effect', 'no effect', 'no effect', 'adapting inhibition']",[2 2 3 3 3 4 3 3 3 1],1.0,1.0,1.0,0.0,99,90,3,3,2,2,"[3.73163044e-49 3.74941640e-49 3.43187614e-37 ... 3.56537536e+00
 3.80447402e+00 4.13454700e+00]",[0.00113168 0.00118108 0.00118966 ... 0.01890648 0.01900387 0.019004  ],"{'complete inhibition': 0, 'adapting inhibition': 1, 'partial inhibition': 2, 'no effect': 3, 'excitation': 4, 'biphasic IE': 5, 'biphasic EI': 6}",20.5,1.0290783605447207,0.04779151247948697,0.05780499999999904,0.9584375000000023,21.4,0.9154312922868371,0.047538438040492195,0.028942499999997297,0.9342049999999944,True,2.7,"[0.3 0.3 0.  0.  0.3 0.1 0.  0.  0.1 0.1 0.1 0.1 0.1 0.  0.  0.  0.1 0.3
 0.4 0.4]",21.44575325480471,0.9956008623872565,0.045693657407407405,18.946063236205827,1.223004281286482,0.05265733752620544,2.0409110866546754,0.00690385450299775,no effect,3
181,AG7499,2,011122,1.4,1,Naive,50,16,right,/Users/johnparker/paper_repos/Aristieta_Parker_Gao_Gittis_Rubin_2024_D1_GPe/data/d1_msns/pre_processed_data/Naive_D1-MSNs_cell_body_stim/Neuron_0050,/Users/johnparker/paper_repos/Aristieta_Parker_Gao_Gittis_Rubin_2024_D1_GPe/data/d1_msns/pre_processed_data/Naive_D1-MSNs_cell_body_stim,Naive_D1-MSNs_cell_body_stim,True,25,250,0.025,/Users/johnparker/paper_repos/Aristieta_Parker_Gao_Gittis_Rubin_2024_D1_GPe/data/d1_msns/processed_data/Naive_D1-MSNs_cell_body_stim/Neuron_0050,10,0.05,"['complete inhibition', 'complete inhibition', 'complete inhibition', 'complete inhibition', 'complete inhibition', 'complete inhibition', 'complete inhibition', 'complete inhibition', 'complete inhibition', 'complete inhibition']",[0 0 0 0 0 0 0 0 0 0],1.0,1.0,1.0,0.0,99,90,3,3,2,2,[],[],"{'complete inhibition': 0, 'adapting inhibition': 1, 'partial inhibition': 2, 'no effect': 3, 'excitation': 4, 'biphasic IE': 5, 'biphasic EI': 6}",19.5,0.40472829915543296,0.06926441117485296,0.04738749999999783,0.9637825,0.2,0.0,0.0,0.8004424999999997,0.8004424999999997,True,0.0,[1. 1. 1. 1. 1. 1. 1. 1. 1. 1. 1. 1. 1. 1. 1. 1. 1. 1. 1. 1.],7.224098596490499,0.8486433793761591,0.13864028846153847,15.80444558849071,0.48312765451724543,0.04728342105263157,,,complete inhibition,0
182,AG7499,1,011322,1.4,4,Naive,122,8,left,/Users/johnparker/paper_repos/Aristieta_Parker_Gao_Gittis_Rubin_2024_D1_GPe/data/d1_msns/pre_processed_data/Naive_D1-MSNs_cell_body_stim/Neuron_0122,/Users/johnparker/paper_repos/Aristieta_Parker_Gao_Gittis_Rubin_2024_D1_GPe/data/d1_msns/pre_processed_data/Naive_D1-MSNs_cell_body_stim,Naive_D1-MSNs_cell_body_stim,True,25,250,0.025,/Users/johnparker/paper_repos/Aristieta_Parker_Gao_Gittis_Rubin_2024_D1_GPe/data/d1_msns/processed_data/Naive_D1-MSNs_cell_body_stim/Neuron_0122,10,0.05,"['complete inhibition', 'complete inhibition', 'complete inhibition', 'complete inhibition', 'complete inhibition', 'complete inhibition', 'complete inhibition', 'complete inhibition', 'complete inhibition', 'complete inhibition']",[0 0 0 0 0 0 0 0 0 0],1.0,1.0,1.0,0.0,99,90,3,3,2,2,[],[],"{'complete inhibition': 0, 'adapting inhibition': 1, 'partial inhibition': 2, 'no effect': 3, 'excitation': 4, 'biphasic IE': 5, 'biphasic EI': 6}",7.1,0.7871655672902547,0.144911378205129,0.17337499999999934,0.8804324999999984,1.6,0.11849926216512804,0.10410874999999606,0.5693850000000069,0.7451525000000018,True,0.0,[1. 1. 1. 1. 1. 1. 1. 1. 1. 1. 1. 1. 1. 1. 1. 1. 1. 1. 1. 1.],28.976460158821922,0.819319315662473,0.03451880022962112,2.7430383971346055,1.318111932279605,0.2930609756097562,,,complete inhibition,0
183,AG7499,1,011322,1.4,1,Naive,125,16,right,/Users/johnparker/paper_repos/Aristieta_Parker_Gao_Gittis_Rubin_2024_D1_GPe/data/d1_msns/pre_processed_data/Naive_D1-MSNs_cell_body_stim/Neuron_0125,/Users/johnparker/paper_repos/Aristieta_Parker_Gao_Gittis_Rubin_2024_D1_GPe/data/d1_msns/pre_processed_data/Naive_D1-MSNs_cell_body_stim,Naive_D1-MSNs_cell_body_stim,True,25,250,0.025,/Users/johnparker/paper_repos/Aristieta_Parker_Gao_Gittis_Rubin_2024_D1_GPe/data/d1_msns/processed_data/Naive_D1-MSNs_cell_body_stim/Neuron_0125,10,0.05,"['partial inhibition', 'complete inhibition', 'biphasic EI', 'complete inhibition', 'partial inhibition', 'biphasic EI', 'biphasic EI', 'excitation', 'excitation', 'biphasic EI']",[2 0 6 0 2 6 6 4 4 6],1.0,1.0,1.0,0.0,99,90,3,3,2,2,"[9.00758745e-70 9.00758745e-70 2.83446809e-55 ... 1.86790354e+00
 1.88281600e+00 2.01387532e+00]",[0.00218965 0.00227099 0.00229621 ... 0.02455205 0.02455205 0.02455205],"{'complete inhibition': 0, 'adapting inhibition': 1, 'partial inhibition': 2, 'no effect': 3, 'excitation': 4, 'biphasic IE': 5, 'biphasic EI': 6}",8.4,0.6618092876603912,0.1270903720238082,0.16941999999999666,0.9193899999999864,7.4,0.9338496861864127,0.1284444615384604,0.05527499999998895,0.7209899999999884,True,3.6,"[0.8 1.7 1.3 0.7 0.9 1.  0.6 0.6 0.8 0.6 0.6 0.6 0.6 0.5 0.6 0.8 0.8 0.8
 0.9 0.9]",8.050236729814946,0.981016688015925,0.12405698380566803,9.936756852357439,0.987708601600218,0.07782520491803266,0.8957889864148053,0.015720908408408528,biphasic EI,6
184,AG7499,1,011322,1.4,2,Naive,113,13,right,/Users/johnparker/paper_repos/Aristieta_Parker_Gao_Gittis_Rubin_2024_D1_GPe/data/d1_msns/pre_processed_data/Naive_D1-MSNs_cell_body_stim/Neuron_0113,/Users/johnparker/paper_repos/Aristieta_Parker_Gao_Gittis_Rubin_2024_D1_GPe/data/d1_msns/pre_processed_data/Naive_D1-MSNs_cell_body_stim,Naive_D1-MSNs_cell_body_stim,True,25,250,0.025,/Users/johnparker/paper_repos/Aristieta_Parker_Gao_Gittis_Rubin_2024_D1_GPe/data/d1_msns/processed_data/Naive_D1-MSNs_cell_body_stim/Neuron_0113,9,0.05,"['biphasic EI', 'excitation', 'biphasic EI', 'partial inhibition', 'biphasic EI', 'complete inhibition', 'complete inhibition', 'complete inhibition', 'complete inhibition']",[6 4 6 2 6 0 0 0 0],1.0,1.0,1.0,0.0,99,90,3,3,2,2,"[7.56921640e-34 3.80020514e-24 3.60461285e-16 4.28119689e-15
 4.28120063e-15 6.59011823e-10 2.90281034e-09 2.90281034e-09
 2.90281034e-09 2.90281034e-09 2.90281034e-09 2.90281034e-09
 2.90286465e-09 2.90286465e-09 2.90877207e-09 2.91105534e-09
 4.27528877e-09 4.27537733e-09 4.90662816e-07 1.30982585e-06
 1.31137453e-06 1.66614836e-06 1.90776585e-06 1.06441548e-05
 1.41866230e-05 1.55553101e-05 2.41759073e-05 2.72513512e-05
 4.51112438e-05 4.90626650e-05 4.90862426e-05 6.65807261e-05
 6.65807261e-05 6.65807261e-05 6.65807261e-05 6.65807261e-05
 6.65807261e-05 6.66092854e-05 6.66092854e-05 6.74598211e-05
 6.76900938e-05 7.70848960e-05 8.64960878e-05 8.65369500e-05
 1.24311083e-04 1.62482401e-04 1.62483246e-04 2.01178452e-04
 2.22479495e-04 2.82797892e-04 9.27189215e-04 1.14763259e-03
 1.26302320e-03 1.70761196e-03 1.70761196e-03 1.84976709e-03
 1.90372518e-03 2.85661002e-03 2.87586553e-03 3.51149461e-03
 3.66161522e-03 4.10966022e-03 7.18396594e-03 9.94155624e-03
 1.13018298e-02 1.18936381e-02 1.22230119e-02 1.23808080e-02
 1.23890794e-02 1.30843038e-02 1.44420563e-02 1.51065641e-02
 1.53096740e-02 1.58487473e-02 1.58492906e-02 1.58507236e-02
 1.62482645e-02 1.75389418e-02 1.87761036e-02 1.94013499e-02
 1.95933769e-02 2.09621844e-02 2.22514343e-02 2.43363529e-02
 2.60315220e-02 2.63063896e-02 2.77802813e-02 2.95931649e-02
 2.97098343e-02 3.44050723e-02 3.44050723e-02 3.44050724e-02
 3.44050724e-02 3.44050724e-02 3.44050724e-02 3.47178388e-02
 3.47178388e-02 3.71417607e-02 3.75642551e-02 3.96495161e-02
 4.00370163e-02 4.03943204e-02 5.02176680e-02 5.26316675e-02
 5.54419375e-02 5.54707474e-02 5.66809535e-02 5.97156254e-02
 6.01350286e-02 6.04053326e-02 6.19725665e-02 6.24374258e-02
 6.35516224e-02 6.38584960e-02 6.57815269e-02 6.71913539e-02
 7.21850422e-02 7.47292805e-02 8.11207595e-02 8.53662215e-02
 8.56015070e-02 8.69933800e-02 9.26012225e-02 9.26012249e-02
 9.50283974e-02 9.52018442e-02 9.58889138e-02 1.00557645e-01
 1.06978550e-01 1.09757965e-01 1.11935651e-01 1.12940060e-01
 1.13379100e-01 1.15476224e-01 1.15533381e-01 1.20550942e-01
 1.31621373e-01 1.31621387e-01 1.31761827e-01 1.34451442e-01
 1.36580841e-01 1.43301310e-01 1.45024288e-01 1.50166879e-01
 1.50321364e-01 1.50367151e-01 1.51300220e-01 1.53647022e-01
 1.54006886e-01 1.54202174e-01 1.55230489e-01 1.57185535e-01
 1.60543416e-01 1.61411930e-01 1.62078131e-01 1.68639422e-01
 1.73501358e-01 1.75680706e-01 1.75680706e-01 1.76492256e-01
 1.79331515e-01 1.82109284e-01 1.84471115e-01 1.87005738e-01
 1.87218077e-01 1.95556457e-01 1.97165853e-01 2.17572379e-01
 2.26888741e-01 2.26915103e-01 2.27585343e-01 2.28769337e-01
 2.32761117e-01 2.35599375e-01 2.38321563e-01 2.41228445e-01
 2.41509962e-01 2.42028206e-01 2.42947679e-01 2.44533843e-01
 2.44616701e-01 2.46496634e-01 2.49634433e-01 2.55322177e-01
 2.58347619e-01 2.58586231e-01 2.59558197e-01 2.59996071e-01
 2.62925491e-01 2.68582814e-01 2.74029926e-01 2.74826698e-01
 2.76321082e-01 2.76661234e-01 2.87401142e-01 2.94760037e-01
 2.98699319e-01 3.00494060e-01 3.01313741e-01 3.03003518e-01
 3.04471449e-01 3.05089759e-01 3.05802185e-01 3.15879971e-01
 3.18854329e-01 3.19790806e-01 3.20759289e-01 3.22698414e-01
 3.26032208e-01 3.27126374e-01 3.33568370e-01 3.43324120e-01
 3.44301738e-01 3.45493551e-01 3.47532581e-01 3.48370338e-01
 3.48370348e-01 3.49337763e-01 3.55508068e-01 3.56538352e-01
 3.59763973e-01 3.60662365e-01 3.62897603e-01 3.68259807e-01
 3.69532187e-01 3.70718932e-01 3.70718932e-01 3.72488527e-01
 3.73141339e-01 3.73196140e-01 3.73508843e-01 3.75986429e-01
 3.77709906e-01 3.79227698e-01 3.85656239e-01 3.89842519e-01
 3.91897656e-01 3.97269097e-01 4.02206811e-01 4.03369830e-01
 4.06313101e-01 4.11303557e-01 4.12964941e-01 4.12965035e-01
 4.20645829e-01 4.21283080e-01 4.22402753e-01 4.22402753e-01
 4.22874707e-01 4.22960351e-01 4.24323899e-01 4.27266390e-01
 4.27450119e-01 4.28620203e-01 4.30903503e-01 4.33106249e-01
 4.37687540e-01 4.38208735e-01 4.46626655e-01 4.49538844e-01
 4.50534498e-01 4.51557211e-01 4.53042644e-01 4.55971534e-01
 4.56471242e-01 4.58306546e-01 4.58957194e-01 4.59836488e-01
 4.61739523e-01 4.61896426e-01 4.63361388e-01 4.64472867e-01
 4.64474892e-01 4.65202449e-01 4.66521356e-01 4.69099067e-01
 4.70779979e-01 4.71961604e-01 4.72775933e-01 4.73372258e-01
 4.74056225e-01 4.74387625e-01 4.75656378e-01 4.76004722e-01
 4.78413772e-01 4.80061249e-01 4.86105443e-01 4.90997244e-01
 4.91447136e-01 4.93141185e-01 4.93486564e-01 5.01916653e-01
 5.02810930e-01 5.04887348e-01 5.07226030e-01 5.16173411e-01
 5.24455708e-01 5.28789420e-01 5.30362865e-01 5.31565961e-01
 5.32094364e-01 5.35847292e-01 5.38107177e-01 5.38107177e-01
 5.38114001e-01 5.38114001e-01 5.38114056e-01 5.38114072e-01
 5.38296836e-01 5.39988503e-01 5.40778587e-01 5.40784141e-01
 5.42351379e-01 5.44100244e-01 5.46277024e-01 5.49769371e-01
 5.58187833e-01 5.66539809e-01 5.69989606e-01 5.74348520e-01
 5.74361571e-01 5.76229522e-01 5.80968947e-01 5.83446099e-01
 5.84016962e-01 5.85895130e-01 5.87241089e-01 5.87566912e-01
 5.93361309e-01 5.98346627e-01 5.99891682e-01 6.01973063e-01
 6.02255098e-01 6.03321617e-01 6.04229493e-01 6.05047567e-01
 6.05105742e-01 6.06258003e-01 6.08882766e-01 6.13269649e-01
 6.16868483e-01 6.17119718e-01 6.17612862e-01 6.19882837e-01
 6.22433203e-01 6.24622745e-01 6.24622745e-01 6.25007381e-01
 6.25217757e-01 6.25590148e-01 6.26208081e-01 6.26887920e-01
 6.26927330e-01 6.28529858e-01 6.29561912e-01 6.34434267e-01
 6.35701449e-01 6.37462930e-01 6.37723870e-01 6.39512882e-01
 6.41504265e-01 6.41669187e-01 6.42204218e-01 6.43277083e-01
 6.44745588e-01 6.45894734e-01 6.46051802e-01 6.47165170e-01
 6.48760453e-01 6.49040800e-01 6.51540767e-01 6.53349503e-01
 6.54683001e-01 6.56521293e-01 6.57422083e-01 6.57540141e-01
 6.58121498e-01 6.58606457e-01 6.58664918e-01 6.60531657e-01
 6.60752057e-01 6.60835013e-01 6.60962344e-01 6.60962344e-01
 6.60990742e-01 6.61028442e-01 6.63028088e-01 6.64228788e-01
 6.64392828e-01 6.69456829e-01 6.71011205e-01 6.73735980e-01
 6.74876801e-01 6.75207954e-01 6.78710878e-01 6.78732154e-01
 6.79982972e-01 6.80027217e-01 6.80222746e-01 6.81477573e-01
 6.81811001e-01 6.82341460e-01 6.82389510e-01 6.82547549e-01
 6.83035336e-01 6.84758519e-01 6.86726333e-01 6.87200233e-01
 6.88301424e-01 6.92352832e-01 6.93371153e-01 6.93822935e-01
 6.94115081e-01 6.94233984e-01 6.94323807e-01 6.97252525e-01
 6.97642319e-01 6.97890947e-01 6.98106034e-01 6.99099860e-01
 6.99963183e-01 7.00147931e-01 7.01852175e-01 7.03341755e-01
 7.03914252e-01 7.05441863e-01 7.06684410e-01 7.07400420e-01
 7.07604172e-01 7.08531923e-01 7.09007480e-01 7.09491860e-01
 7.09552941e-01 7.10004924e-01 7.10226168e-01 7.10401911e-01
 7.10429781e-01 7.10741286e-01 7.11880873e-01 7.12704177e-01
 7.14314046e-01 7.16274878e-01 7.16814453e-01 7.16917101e-01
 7.17672854e-01 7.18447282e-01 7.18712663e-01 7.20570312e-01
 7.23526717e-01 7.26396665e-01 7.26396665e-01 7.26492931e-01
 7.28185773e-01 7.28873554e-01 7.29469666e-01 7.30488098e-01
 7.30507262e-01 7.30507262e-01 7.31760737e-01 7.31934721e-01
 7.32230875e-01 7.32428290e-01 7.32520659e-01 7.32753956e-01
 7.32933350e-01 7.34314805e-01 7.36473705e-01 7.36875270e-01
 7.37973736e-01 7.38715148e-01 7.39378333e-01 7.42077388e-01
 7.44108094e-01 7.44382851e-01 7.45074272e-01 7.46389791e-01
 7.46866440e-01 7.47320002e-01 7.47779072e-01 7.48515004e-01
 7.50530925e-01 7.51544577e-01 7.51924640e-01 7.52150809e-01
 7.52192104e-01 7.52246090e-01 7.53421851e-01 7.54265311e-01
 7.56370435e-01 7.58051816e-01 7.58360670e-01 7.58890380e-01
 7.59606636e-01 7.61563784e-01 7.63101263e-01 7.63326423e-01
 7.64036349e-01 7.64437107e-01 7.67634389e-01 7.67967710e-01
 7.70603133e-01 7.71322416e-01 7.72406638e-01 7.72610821e-01
 7.72960822e-01 7.73211395e-01 7.74254034e-01 7.74379621e-01
 7.76313744e-01 7.78407047e-01 7.78569659e-01 7.78640031e-01
 7.80077666e-01 7.80267689e-01 7.84511754e-01 7.85031388e-01
 7.85305168e-01 7.87582645e-01 7.88064914e-01 7.88650524e-01
 7.88851853e-01 7.89100505e-01 7.89196936e-01 7.91104414e-01
 7.92498517e-01 7.93002670e-01 7.93419079e-01 7.93932369e-01
 7.93938410e-01 7.97215180e-01 7.97752888e-01 7.98885266e-01
 7.99796552e-01 8.01478902e-01 8.01711336e-01 8.01803052e-01
 8.03058393e-01 8.03172461e-01 8.03773187e-01 8.03960434e-01
 8.04261650e-01 8.05380614e-01 8.05658340e-01 8.07176390e-01
 8.10018964e-01 8.10838960e-01 8.11112477e-01 8.11724506e-01
 8.12855574e-01 8.14633491e-01 8.15747325e-01 8.16406647e-01
 8.16751146e-01 8.16844294e-01 8.19293749e-01 8.20246835e-01
 8.21734527e-01 8.22908622e-01 8.24078131e-01 8.25040180e-01
 8.28604558e-01 8.31979668e-01 8.34454098e-01 8.35138641e-01
 8.36885485e-01 8.38673576e-01 8.38703920e-01 8.38836276e-01
 8.39102519e-01 8.39625649e-01 8.41260274e-01 8.41361476e-01
 8.43623301e-01 8.44527703e-01 8.45399811e-01 8.45912510e-01
 8.47884132e-01 8.50147960e-01 8.50235725e-01 8.51613566e-01
 8.52268714e-01 8.53668442e-01 8.54453549e-01 8.58089425e-01
 8.60482761e-01 8.62205983e-01 8.63135083e-01 8.64762698e-01
 8.65126879e-01 8.65497637e-01 8.68995315e-01 8.69476837e-01
 8.69719059e-01 8.70745259e-01 8.71219688e-01 8.71669030e-01
 8.72588390e-01 8.72903004e-01 8.73167862e-01 8.74353657e-01
 8.74523090e-01 8.74743912e-01 8.74888051e-01 8.75876555e-01
 8.76968297e-01 8.77376145e-01 8.80646694e-01 8.84659250e-01
 8.85053638e-01 8.85251092e-01 8.85572653e-01 8.85757943e-01
 8.85978137e-01 8.86698899e-01 8.86863735e-01 8.87535423e-01
 8.87961038e-01 8.95296195e-01 8.96462782e-01 8.98222828e-01
 8.98523428e-01 9.00176245e-01 9.00558713e-01 9.03104898e-01
 9.03230896e-01 9.06650621e-01 9.08070792e-01 9.09676696e-01
 9.09877860e-01 9.10212117e-01 9.11339700e-01 9.11477297e-01
 9.13310819e-01 9.14017781e-01 9.14335245e-01 9.17798089e-01
 9.22250202e-01 9.24856783e-01 9.27235884e-01 9.27265051e-01
 9.28365328e-01 9.28623311e-01 9.30299238e-01 9.30353764e-01
 9.34417275e-01 9.34568437e-01 9.34872073e-01 9.37929906e-01
 9.39091214e-01 9.40704562e-01 9.41148270e-01 9.42892581e-01
 9.44512196e-01 9.44737277e-01 9.45716893e-01 9.46143255e-01
 9.49748647e-01 9.49910293e-01 9.51884657e-01 9.52699965e-01
 9.52870375e-01 9.53114874e-01 9.53472954e-01 9.54870304e-01
 9.62947740e-01 9.63834812e-01 9.67425686e-01 9.67493900e-01
 9.69147278e-01 9.69976025e-01 9.70272838e-01 9.70481761e-01
 9.71517584e-01 9.72018642e-01 9.74789893e-01 9.79996598e-01
 9.80096869e-01 9.83527609e-01 9.84392006e-01 9.87277305e-01
 9.90080426e-01 9.90301572e-01 9.92119545e-01 9.94288637e-01
 9.94541560e-01 9.97916861e-01 9.98696975e-01 9.99519936e-01
 1.00127699e+00 1.00532809e+00 1.00612166e+00 1.00705755e+00
 1.00763855e+00 1.01120663e+00 1.01200923e+00 1.01508658e+00
 1.01519515e+00 1.01523894e+00 1.01606469e+00 1.01762834e+00
 1.01808173e+00 1.02513683e+00 1.02793492e+00 1.02796429e+00
 1.02945484e+00 1.02953925e+00 1.03031459e+00 1.03485489e+00
 1.03671524e+00 1.03940036e+00 1.04005101e+00 1.04047351e+00
 1.04094474e+00 1.04095410e+00 1.04243668e+00 1.04267821e+00
 1.04496467e+00 1.04793539e+00 1.04990904e+00 1.05031583e+00
 1.05038879e+00 1.05098088e+00 1.05099608e+00 1.05787069e+00
 1.06270772e+00 1.06288348e+00 1.06329237e+00 1.06560858e+00
 1.06606381e+00 1.06636079e+00 1.07188072e+00 1.07595768e+00
 1.07839959e+00 1.08095955e+00 1.08123229e+00 1.08175420e+00
 1.08332573e+00 1.08441793e+00 1.08481639e+00 1.08899761e+00
 1.09277826e+00 1.09354586e+00 1.09538664e+00 1.09867542e+00
 1.09902214e+00 1.10365139e+00 1.11567602e+00 1.12065479e+00
 1.12764907e+00 1.12765506e+00 1.13065950e+00 1.13132031e+00
 1.13390941e+00 1.13540733e+00 1.14046750e+00 1.14050190e+00
 1.14106000e+00 1.14289709e+00 1.14543327e+00 1.14622877e+00
 1.14768189e+00 1.14841601e+00 1.14954853e+00 1.15323411e+00
 1.15439108e+00 1.15610380e+00 1.15617639e+00 1.15665338e+00
 1.16090574e+00 1.16334731e+00 1.16416854e+00 1.16788192e+00
 1.16987279e+00 1.17217339e+00 1.17223333e+00 1.17401344e+00
 1.17401344e+00 1.17415183e+00 1.17458791e+00 1.17463650e+00
 1.17736507e+00 1.17767685e+00 1.17871336e+00 1.18068769e+00
 1.18188424e+00 1.18349117e+00 1.18608779e+00 1.18760700e+00
 1.18914405e+00 1.19307546e+00 1.19331371e+00 1.19886426e+00
 1.20034166e+00 1.20978338e+00 1.20986594e+00 1.21111053e+00
 1.21570949e+00 1.21588837e+00 1.21716266e+00 1.21733787e+00
 1.21818437e+00 1.21949590e+00 1.22967605e+00 1.23276950e+00
 1.23521092e+00 1.23538870e+00 1.23916535e+00 1.23969093e+00
 1.24152564e+00 1.24244572e+00 1.24506304e+00 1.24514987e+00
 1.24898638e+00 1.24939011e+00 1.25182204e+00 1.25304543e+00
 1.25414072e+00 1.26388740e+00 1.26526948e+00 1.27005658e+00
 1.27062509e+00 1.27376077e+00 1.27713863e+00 1.27718022e+00
 1.28082185e+00 1.28236512e+00 1.28461955e+00 1.28470868e+00
 1.28787143e+00 1.29127292e+00 1.29743465e+00 1.29780744e+00
 1.29790894e+00 1.30057431e+00 1.30477218e+00 1.30728084e+00
 1.31137764e+00 1.31438422e+00 1.31523481e+00 1.32294886e+00
 1.32315022e+00 1.32366591e+00 1.32848213e+00 1.33457532e+00
 1.33647845e+00 1.34009360e+00 1.34280683e+00 1.34569991e+00
 1.34652659e+00 1.35350404e+00 1.35401723e+00 1.35769904e+00
 1.36060207e+00 1.36202279e+00 1.36824620e+00 1.37287379e+00
 1.37408617e+00 1.38099306e+00 1.38308748e+00 1.38407058e+00
 1.38549117e+00 1.39340986e+00 1.39937061e+00 1.40532682e+00
 1.40895075e+00 1.40992755e+00 1.41029614e+00 1.41294877e+00
 1.41294933e+00 1.41526388e+00 1.42195071e+00 1.42291984e+00
 1.42457087e+00 1.43276053e+00 1.43383369e+00 1.44316562e+00
 1.44528853e+00 1.44818990e+00 1.44992469e+00 1.45125504e+00
 1.46333668e+00 1.46336753e+00 1.46560439e+00 1.46700745e+00
 1.48081147e+00 1.48395710e+00 1.48623762e+00 1.49327056e+00
 1.49469933e+00 1.50258579e+00 1.50982229e+00 1.51437270e+00
 1.52133704e+00 1.52366374e+00 1.52815115e+00 1.53667840e+00
 1.53782665e+00 1.54020739e+00 1.54534588e+00 1.54921982e+00
 1.55629047e+00 1.56321475e+00 1.56547642e+00 1.56631011e+00
 1.57395103e+00 1.58019103e+00 1.58053259e+00 1.58868364e+00
 1.59516144e+00 1.59773704e+00 1.60395435e+00 1.60788197e+00
 1.60810569e+00 1.60903392e+00 1.61778433e+00 1.61785565e+00
 1.62056519e+00 1.62451275e+00 1.62597556e+00 1.62794053e+00
 1.63817669e+00 1.64020438e+00 1.65465839e+00 1.66591207e+00
 1.66956226e+00 1.67841910e+00 1.68382768e+00 1.68904618e+00
 1.69155980e+00 1.69158045e+00 1.69380029e+00 1.69504049e+00
 1.69783369e+00 1.69821347e+00 1.69858870e+00 1.70176728e+00
 1.70252593e+00 1.71890723e+00 1.72170618e+00 1.72784183e+00
 1.73025518e+00 1.73212835e+00 1.74677173e+00 1.74681747e+00
 1.74699806e+00 1.74886516e+00 1.75387976e+00 1.75521296e+00
 1.75659672e+00 1.75713776e+00 1.76468558e+00 1.77558165e+00
 1.77759316e+00 1.78448069e+00 1.79017748e+00 1.79406867e+00
 1.79416660e+00 1.79838617e+00 1.79920933e+00 1.79941772e+00
 1.79949271e+00 1.81409142e+00 1.83562521e+00 1.83628338e+00
 1.84243632e+00 1.84567746e+00 1.85596927e+00 1.86400683e+00
 1.86739848e+00 1.86880552e+00 1.88026339e+00 1.88641896e+00
 1.89135913e+00 1.89709429e+00 1.89896586e+00 1.89916631e+00
 1.90328717e+00 1.92283408e+00 1.92300419e+00 1.92469620e+00
 1.92573723e+00 1.92833271e+00 1.93150636e+00 1.93209118e+00
 1.93525710e+00 1.93563830e+00 1.94683316e+00 1.94847110e+00
 1.96141976e+00 1.96980981e+00 1.97505980e+00 1.97869021e+00
 1.98993743e+00 2.01787228e+00 2.03525571e+00 2.03855687e+00
 2.04389646e+00 2.04396636e+00 2.05449488e+00 2.18607465e+00]","[0.00119225 0.00127004 0.00131103 0.00131423 0.00135097 0.00135122
 0.00136537 0.00138216 0.00138257 0.00138715 0.00139607 0.00140367
 0.0014148  0.00142379 0.00143283 0.00144291 0.0014467  0.00144741
 0.00145222 0.00145858 0.00146108 0.00146711 0.00146952 0.00147263
 0.00147919 0.00149125 0.00149287 0.00149444 0.00150398 0.00151086
 0.00151332 0.00151428 0.00151469 0.00151691 0.00152148 0.00152331
 0.00153089 0.00153226 0.00153737 0.00154443 0.00154577 0.0015482
 0.00155215 0.00155265 0.00155693 0.00156092 0.0015674  0.00157321
 0.00157592 0.001579   0.00157938 0.00158943 0.00159092 0.00159542
 0.00159803 0.00161896 0.00163363 0.00163433 0.00164733 0.00164753
 0.00165049 0.00166434 0.00166615 0.00166617 0.0016779  0.0016891
 0.00170386 0.00170473 0.00174308 0.00174564 0.00174814 0.00175042
 0.00175717 0.00175816 0.00176599 0.00176804 0.00177858 0.00178724
 0.00179247 0.00179569 0.00180354 0.00180556 0.00180661 0.00181046
 0.00181449 0.00181579 0.00183308 0.00183497 0.00183734 0.00183738
 0.00184262 0.00185625 0.00185953 0.00186051 0.00186341 0.00186462
 0.00186965 0.0018783  0.00187847 0.00188153 0.00188976 0.00188989
 0.0018905  0.00190471 0.00191598 0.00192178 0.0019304  0.00193217
 0.00193446 0.00193589 0.00194698 0.00195328 0.00196444 0.00197216
 0.00197246 0.00197867 0.00198448 0.00198593 0.00198707 0.00198959
 0.00200063 0.00200359 0.00201444 0.00202142 0.00202938 0.00203012
 0.00203683 0.00205696 0.00205827 0.00205886 0.00206075 0.00206902
 0.00207235 0.00207347 0.00207934 0.00208174 0.00208613 0.00208688
 0.00209212 0.00209836 0.00210104 0.00210267 0.00211855 0.00211896
 0.00211932 0.00212318 0.00213023 0.00213337 0.00213483 0.00213485
 0.00213616 0.00213956 0.00214104 0.00214746 0.0021498  0.00215616
 0.0021582  0.0021651  0.00217755 0.00217978 0.00218167 0.00218948
 0.00218961 0.00219078 0.00219174 0.00219241 0.00219752 0.00220017
 0.00220091 0.00220509 0.00221116 0.00222767 0.0022321  0.00223334
 0.00224068 0.0022464  0.00224717 0.00224878 0.00225167 0.0022533
 0.00225766 0.00226186 0.00226475 0.00226909 0.00226999 0.00227433
 0.00228434 0.00228691 0.00229769 0.00229814 0.00229874 0.00230717
 0.00230922 0.00231091 0.00231101 0.00231282 0.00231505 0.0023213
 0.00232342 0.00232365 0.0023239  0.00232476 0.00232966 0.00233047
 0.00233252 0.0023331  0.00233515 0.00234118 0.00234345 0.00234866
 0.00235162 0.00235953 0.00236477 0.00236548 0.00237095 0.00237586
 0.00237817 0.00238785 0.00238925 0.00238973 0.00239126 0.00239469
 0.00239628 0.00239982 0.00240545 0.00241161 0.00241349 0.00241667
 0.00241691 0.00242053 0.00243388 0.00243663 0.00243786 0.00243966
 0.00244479 0.0024472  0.00245574 0.00245586 0.00246027 0.00246828
 0.00246859 0.00247227 0.00247411 0.00248665 0.00249915 0.00250535
 0.00250914 0.00251248 0.00252741 0.00253139 0.00253172 0.00253192
 0.00253231 0.00253309 0.00253513 0.00253623 0.00253684 0.00254212
 0.00254449 0.00255614 0.0025563  0.00255933 0.00256297 0.00256576
 0.00256578 0.00256683 0.00256931 0.00257376 0.00257645 0.00258329
 0.00258592 0.00259024 0.00259445 0.00259551 0.00260524 0.00260687
 0.00261672 0.00261687 0.00262131 0.00263237 0.00263259 0.00263462
 0.00264098 0.00264272 0.00265146 0.00265703 0.00265905 0.00267488
 0.00267512 0.00268173 0.00268237 0.00268481 0.00268988 0.00269275
 0.00269612 0.00270527 0.00270709 0.00270915 0.00271678 0.00271818
 0.00273871 0.00274314 0.00274563 0.00274656 0.00275    0.0027524
 0.00275264 0.00275669 0.00276333 0.00277271 0.00278741 0.0027913
 0.00279656 0.00279977 0.00280899 0.00280933 0.00281128 0.00281496
 0.00281808 0.00282049 0.00283009 0.00283194 0.00284703 0.00285195
 0.00286006 0.00286078 0.00286079 0.00286618 0.00286841 0.00286889
 0.00287031 0.00287371 0.0028859  0.00288963 0.00289159 0.00289163
 0.0028928  0.0028974  0.00289942 0.00290379 0.00292241 0.00292811
 0.00292912 0.00293257 0.00293367 0.00293878 0.00294207 0.00294284
 0.00295037 0.00296059 0.00296911 0.00296941 0.00297101 0.00297487
 0.00297856 0.00298066 0.00298345 0.00298615 0.00298624 0.00298766
 0.00298964 0.00299272 0.00299282 0.00299528 0.00299777 0.0030025
 0.0030028  0.0030053  0.0030074  0.00302087 0.00302133 0.00302338
 0.0030234  0.00302821 0.0030309  0.00303113 0.00304016 0.0030408
 0.00304466 0.00305046 0.00305258 0.00305792 0.00306001 0.00306239
 0.00306901 0.00307065 0.00307406 0.00307605 0.00307718 0.00307739
 0.00308223 0.00308826 0.00308865 0.0030905  0.00309124 0.00309178
 0.00309373 0.00309653 0.00309715 0.00310317 0.00310583 0.00310689
 0.00310836 0.00311518 0.00311626 0.00311684 0.00311724 0.00311776
 0.00312178 0.00313075 0.00313322 0.00313535 0.00314189 0.00315075
 0.00315138 0.00315273 0.00315394 0.00315775 0.00317209 0.00317652
 0.00317693 0.00317925 0.00318378 0.00318391 0.00318533 0.00318698
 0.00319364 0.00319592 0.00319637 0.0032063  0.00320663 0.00320828
 0.00320908 0.00321215 0.00321451 0.00321535 0.00322061 0.00322259
 0.00322304 0.00322541 0.00322649 0.003228   0.0032281  0.00322979
 0.00323569 0.00324103 0.00324222 0.00324471 0.00325024 0.00325263
 0.00325636 0.00325798 0.00325951 0.00325999 0.00326025 0.00326075
 0.0032672  0.00326722 0.00326825 0.00326935 0.00327066 0.0032724
 0.00327986 0.00328366 0.00328619 0.00328636 0.00328926 0.00329041
 0.00329156 0.00329303 0.00329988 0.00330055 0.0033047  0.00331038
 0.00331921 0.00332147 0.00332293 0.00332544 0.00332758 0.00332941
 0.00333618 0.00333646 0.00334428 0.0033505  0.0033544  0.00336034
 0.00336479 0.00337032 0.00337512 0.0033797  0.0033834  0.00338556
 0.00339261 0.00339488 0.00340067 0.00340149 0.00340505 0.00340939
 0.00341214 0.003413   0.00341482 0.00341849 0.00341986 0.00342013
 0.00342244 0.00342418 0.00343066 0.00343894 0.00344203 0.00344344
 0.00345174 0.00345571 0.00345803 0.00345882 0.00346733 0.00347023
 0.0034821  0.0034827  0.00348485 0.00348871 0.0034895  0.00349853
 0.00349943 0.00350618 0.00351391 0.00352268 0.0035256  0.00352986
 0.00353    0.00353486 0.0035376  0.0035395  0.00353963 0.00354351
 0.00354845 0.00355033 0.00356467 0.00357123 0.00357653 0.00357708
 0.00358312 0.00358468 0.00358534 0.00358731 0.00359134 0.00359226
 0.0035963  0.00360098 0.00360362 0.00360478 0.00360614 0.00360985
 0.00361423 0.00362332 0.00362364 0.00363763 0.00364064 0.00364264
 0.00364889 0.00365608 0.0036561  0.00366038 0.00366493 0.00366548
 0.00368663 0.00369242 0.00369799 0.00370263 0.00370402 0.00370767
 0.00371197 0.00371264 0.00372734 0.00373137 0.00373197 0.00373459
 0.0037378  0.00374314 0.00375546 0.00376536 0.00376546 0.00376701
 0.00377109 0.00377634 0.00378443 0.00379575 0.00380194 0.00380896
 0.00381209 0.00381615 0.00383971 0.0038602  0.00386636 0.00386653
 0.00386954 0.00387014 0.00390003 0.00390325 0.00390631 0.00391386
 0.00392087 0.00392731 0.00393698 0.00396731 0.00397662 0.0039798
 0.00398702 0.0039964  0.00400532 0.00400821 0.00402889 0.00403084
 0.00403657 0.00404192 0.0040508  0.00406153 0.00406477 0.00406596
 0.00406601 0.00407166 0.00407431 0.00407779 0.00408292 0.00408412
 0.00410173 0.0041133  0.00411444 0.00411656 0.00412453 0.00413306
 0.00414949 0.00415217 0.00415984 0.00417794 0.00418221 0.00418232
 0.00420147 0.00420651 0.00424115 0.00425257 0.00425453 0.00426361
 0.00427123 0.00429199 0.00429235 0.0042942  0.00429585 0.00429667
 0.00430789 0.00431968 0.00432163 0.00435383 0.00435574 0.00435893
 0.00436002 0.00436372 0.00437405 0.00439644 0.00440375 0.00441303
 0.00444362 0.00446278 0.00446861 0.00447318 0.00447442 0.00447835
 0.00448164 0.00451388 0.0045141  0.00451756 0.00451961 0.00452603
 0.00453593 0.00453826 0.0045392  0.00454127 0.00454274 0.00454552
 0.00454846 0.00456136 0.00456946 0.00457335 0.00458563 0.0046102
 0.00461796 0.0046316  0.00465032 0.0046539  0.00466704 0.00467049
 0.00467768 0.00467857 0.00467916 0.00468023 0.00471003 0.00471337
 0.00474018 0.00475766 0.00476295 0.00476319 0.00476569 0.00477831
 0.00478368 0.00478534 0.00478998 0.00479253 0.00482399 0.0048244
 0.00483102 0.00483235 0.00483587 0.00484944 0.00485447 0.00485816
 0.00486962 0.00487199 0.00488703 0.00488809 0.0048957  0.0049105
 0.00491317 0.00491478 0.00491973 0.00493932 0.00495066 0.00495259
 0.00498851 0.00499195 0.00499756 0.00499928 0.00500594 0.00501632
 0.00502945 0.00504403 0.00504914 0.00505127 0.00505968 0.00507117
 0.00510154 0.0051378  0.00514248 0.00515186 0.00515644 0.00516812
 0.00516877 0.00518788 0.0051988  0.00524203 0.00524567 0.00525068
 0.00525728 0.00525788 0.00526731 0.00527765 0.00529508 0.0053097
 0.00531543 0.0053184  0.00532985 0.00533153 0.00533531 0.00533776
 0.005347   0.00535232 0.00536106 0.00536106 0.00536167 0.00536734
 0.00539031 0.00541098 0.00541276 0.0054278  0.00543387 0.0054363
 0.00543644 0.00544785 0.00547526 0.00548158 0.00549774 0.00551002
 0.00551393 0.00552993 0.00554485 0.00556159 0.00556214 0.00556946
 0.00557393 0.00557644 0.00558153 0.00558607 0.00561869 0.00564028
 0.00564446 0.00564567 0.00566641 0.00569505 0.00570329 0.00571651
 0.00571707 0.00573659 0.00573796 0.00575221 0.00575222 0.00575897
 0.00575897 0.00575897 0.00576153 0.00577509 0.0057897  0.00579093
 0.00579273 0.00579341 0.00580087 0.00582884 0.00583147 0.00583412
 0.00585095 0.00585175 0.00585594 0.00586966 0.00587392 0.00587974
 0.00588226 0.00588351 0.00589811 0.005905   0.00594368 0.00597108
 0.00597674 0.00598218 0.00598996 0.00599382 0.00600449 0.00600759
 0.00602557 0.00603908 0.00604235 0.00605172 0.006057   0.0060654
 0.00607259 0.00608229 0.0060846  0.00609229 0.00610123 0.0061624
 0.00616244 0.00618222 0.00619292 0.00619823 0.00623865 0.00624096
 0.00627234 0.00631525 0.00633362 0.00637489 0.0063765  0.00637856
 0.00638614 0.00639601 0.00641156 0.00643045 0.00644774 0.00644811
 0.00646977 0.00648947 0.00652153 0.00653709 0.00654178 0.00654612
 0.00656839 0.00660182 0.00660546 0.00662037 0.00664445 0.00665332
 0.00666852 0.00667827 0.00669811 0.0067306  0.00684719 0.00684744
 0.00687136 0.00692427 0.00693594 0.00694032 0.00695451 0.00698566
 0.00698851 0.00700736 0.00705042 0.00707222 0.00713176 0.00714187
 0.00716088 0.00717326 0.00719998 0.0074149  0.00749143 0.00754637
 0.00755153 0.00755233 0.00755233 0.0076116  0.00761902 0.00764595
 0.00767353 0.00773461 0.00777661 0.0078316  0.00783552 0.00785661
 0.00787274 0.00791536 0.00794145 0.00794733 0.00803661 0.00818505
 0.00822375 0.00824478 0.00824732 0.00829167 0.00833007 0.00844725
 0.00845469 0.0086847  0.00869969 0.0087324  0.00876461 0.00877809
 0.00883318 0.00890144 0.0089664  0.00898541 0.00904259 0.00910316
 0.00913562 0.00916409 0.00919979 0.00920589 0.00924418 0.0093043
 0.00930828 0.00939383 0.00939766 0.00947676 0.00950931 0.00954617
 0.00960195 0.00973697 0.00975739 0.00981893 0.00986446 0.00987418
 0.0099134  0.00991931 0.00993653 0.01026529 0.01049548 0.01053229
 0.0105791  0.01060932 0.01070639 0.01072296 0.01083722 0.010886
 0.01092594 0.01093549 0.01126194 0.01140974 0.01149543 0.01194665
 0.01197042 0.01204681 0.01213658 0.01221471 0.01259815 0.01263077
 0.01316415 0.01318208 0.01323872 0.01333453 0.01343281 0.01348271
 0.01371053 0.01378405 0.01395415 0.01419777 0.01430169 0.01438495
 0.01444139 0.01451803 0.01463511 0.01464093 0.01597261 0.01725791
 0.01741762 0.01761011 0.01761011 0.01761011]","{'complete inhibition': 0, 'adapting inhibition': 1, 'partial inhibition': 2, 'no effect': 3, 'excitation': 4, 'biphasic IE': 5, 'biphasic EI': 6}",12.222222222222221,0.6499739064413803,0.09552969681147178,0.12111111111111228,0.9013277777777754,12.222222222222221,0.614078043093151,0.08502193342151626,0.16293888888888197,0.713872222222215,True,2.6666666666666665,"[0.77777778 0.55555556 0.44444444 0.66666667 1.11111111 1.11111111
 1.11111111 0.88888889 0.66666667 0.77777778 1.         1.
 1.11111111 0.66666667 0.88888889 0.88888889 1.         0.77777778
 0.88888889 0.88888889]",26.86017368047551,0.5781658503616642,0.037206326405867976,2.313551917499723,1.0186633501146864,0.3434016071428573,1.5499268884900192,0.007546889500691795,partial inhibition,2
185,AG7499,1,011322,1.4,2,Naive,114,16cell2,right,/Users/johnparker/paper_repos/Aristieta_Parker_Gao_Gittis_Rubin_2024_D1_GPe/data/d1_msns/pre_processed_data/Naive_D1-MSNs_cell_body_stim/Neuron_0114,/Users/johnparker/paper_repos/Aristieta_Parker_Gao_Gittis_Rubin_2024_D1_GPe/data/d1_msns/pre_processed_data/Naive_D1-MSNs_cell_body_stim,Naive_D1-MSNs_cell_body_stim,True,25,250,0.025,/Users/johnparker/paper_repos/Aristieta_Parker_Gao_Gittis_Rubin_2024_D1_GPe/data/d1_msns/processed_data/Naive_D1-MSNs_cell_body_stim/Neuron_0114,10,0.05,"['partial inhibition', 'adapting inhibition', 'no effect', 'biphasic EI', 'excitation', 'no effect', 'biphasic EI', 'excitation', 'partial inhibition', 'excitation']",[2 1 3 6 4 3 6 4 2 4],1.0,1.0,1.0,0.0,99,90,3,3,2,2,"[1.42728225e-53 5.18561765e-42 5.02471536e-41 ... 2.93941723e+00
 2.93994552e+00 2.96951837e+00]",[0.00145958 0.0014774  0.00148342 ... 0.0204517  0.0204517  0.0204517 ],"{'complete inhibition': 0, 'adapting inhibition': 1, 'partial inhibition': 2, 'no effect': 3, 'excitation': 4, 'biphasic IE': 5, 'biphasic EI': 6}",16.1,0.7925748749341925,0.05925565387063926,0.03747749999999996,0.8954200000000043,19.7,0.8414555902515758,0.05339740340470365,0.05932750000000553,0.9380349999999993,True,3.5,"[0.6 0.4 0.8 0.6 0.2 0.6 0.4 0.8 0.4 0.2 0.  0.  0.  0.  0.  0.  0.2 0.3
 0.4 0.6]",14.774780241633616,0.965498039454281,0.06755223613595708,18.257407012875824,1.0583899274870936,0.0545015557163531,1.5139380132747415,0.009715138636418597,no effect,3
186,AG8020,1,062822,1.4,2,Naive,140,5,right,/Users/johnparker/paper_repos/Aristieta_Parker_Gao_Gittis_Rubin_2024_D1_GPe/data/d1_msns/pre_processed_data/Naive_D1-MSNs_cell_body_stim/Neuron_0140,/Users/johnparker/paper_repos/Aristieta_Parker_Gao_Gittis_Rubin_2024_D1_GPe/data/d1_msns/pre_processed_data/Naive_D1-MSNs_cell_body_stim,Naive_D1-MSNs_cell_body_stim,True,25,250,0.025,/Users/johnparker/paper_repos/Aristieta_Parker_Gao_Gittis_Rubin_2024_D1_GPe/data/d1_msns/processed_data/Naive_D1-MSNs_cell_body_stim/Neuron_0140,10,0.05,"['partial inhibition', 'excitation', 'excitation', 'excitation', 'excitation', 'excitation', 'partial inhibition', 'excitation', 'partial inhibition', 'biphasic EI']",[2 4 4 4 4 4 2 4 2 6],1.0,1.0,1.0,0.0,99,90,3,3,2,2,"[6.11556333e-07 3.42418703e-04 4.16500290e-04 ... 5.29726033e+00
 5.33104873e+00 5.44742973e+00]",[0.0005262  0.00053029 0.00053373 ... 0.00735119 0.00761415 0.00841041],"{'complete inhibition': 0, 'adapting inhibition': 1, 'partial inhibition': 2, 'no effect': 3, 'excitation': 4, 'biphasic IE': 5, 'biphasic EI': 6}",42.7,0.44903364098510384,0.026649762143744822,0.02621249999999691,0.9792350000000077,69.1,0.4696857864570916,0.01703180301668723,0.021964999999995172,0.9228899999999939,True,3.6,"[0.5 0.6 1.4 1.6 1.2 1.4 1.2 1.2 1.2 1.2 1.2 1.7 1.5 1.6 1.6 1.7 1.7 1.7
 1.6 1. ]",30.908298624834057,0.7088186591120198,0.03224955708661417,36.2589811408709,0.5430511969168619,0.027417687360178977,3.5153903147403627,0.0023530332496906154,biphasic EI,6
187,AG7499,1,011322,1.4,2,Naive,115,2,right,/Users/johnparker/paper_repos/Aristieta_Parker_Gao_Gittis_Rubin_2024_D1_GPe/data/d1_msns/pre_processed_data/Naive_D1-MSNs_cell_body_stim/Neuron_0115,/Users/johnparker/paper_repos/Aristieta_Parker_Gao_Gittis_Rubin_2024_D1_GPe/data/d1_msns/pre_processed_data/Naive_D1-MSNs_cell_body_stim,Naive_D1-MSNs_cell_body_stim,True,25,250,0.025,/Users/johnparker/paper_repos/Aristieta_Parker_Gao_Gittis_Rubin_2024_D1_GPe/data/d1_msns/processed_data/Naive_D1-MSNs_cell_body_stim/Neuron_0115,10,0.05,"['complete inhibition', 'complete inhibition', 'adapting inhibition', 'complete inhibition', 'adapting inhibition', 'complete inhibition', 'adapting inhibition', 'complete inhibition', 'adapting inhibition', 'adapting inhibition']",[0 0 1 0 1 0 1 0 1 1],1.0,1.0,1.0,0.0,99,90,3,3,2,2,"[4.95807410e-51 8.12352471e-39 2.47761238e-28 1.41931386e-19
 1.32951433e-15 1.37062254e-14 6.41028057e-14 6.41028267e-14
 1.33545319e-13 1.33559530e-13 1.33636683e-13 1.65457030e-13
 1.82381867e-13 1.82382266e-13 1.84745541e-13 1.84745542e-13
 2.32702995e-13 8.68608420e-13 8.68608420e-13 8.68608420e-13
 8.68608420e-13 8.68608420e-13 8.68611572e-13 8.68619030e-13
 8.81289721e-13 1.30539234e-12 1.30539234e-12 1.55057583e-12
 7.71075362e-11 1.18312834e-10 1.77170598e-09 7.82664149e-09
 1.02193056e-08 3.21743273e-08 3.21746732e-08 5.53295565e-08
 5.53850634e-08 5.55610440e-08 6.96033833e-08 6.96064142e-08
 7.23371782e-08 7.23371923e-08 7.45239026e-08 8.32555393e-08
 1.80624115e-07 2.18188374e-07 2.18188374e-07 2.18188374e-07
 2.18188374e-07 2.18188374e-07 2.18205718e-07 2.18232689e-07
 2.27831332e-07 2.34161015e-07 3.32489938e-07 3.50284062e-07
 3.50284062e-07 1.03020587e-06 1.03020587e-06 1.03020587e-06
 1.03020587e-06 1.03020587e-06 1.03020587e-06 1.03154277e-06
 1.03155823e-06 1.35949999e-06 1.38731726e-06 5.42722274e-06
 8.91555707e-06 4.76056097e-05 1.29837660e-04 1.40326040e-04
 1.55218450e-04 1.97369569e-04 3.31346347e-04 3.31457704e-04
 3.58366005e-04 4.72202758e-04 4.76508234e-04 4.83916747e-04
 5.17979438e-04 5.48346543e-04 5.48763038e-04 6.12048400e-04
 6.12058793e-04 6.15493543e-04 7.09713333e-04 7.50788461e-04
 7.60182934e-04 8.03641023e-04 1.01217364e-03 1.08439856e-03
 1.14160321e-03 1.14160321e-03 1.14160321e-03 1.14160321e-03
 1.14160441e-03 1.14349065e-03 1.14527569e-03 1.20071617e-03
 1.22776814e-03 1.29087062e-03 1.44897629e-03 1.47436153e-03
 1.49169286e-03 1.49511609e-03 1.52778757e-03 1.58078498e-03
 1.58837088e-03 1.67560702e-03 1.67709233e-03 1.81260434e-03
 1.97016383e-03 1.97016383e-03 2.35037106e-03 2.36547550e-03
 3.01834896e-03 3.01834896e-03 3.01834896e-03 3.01835132e-03
 3.01835132e-03 3.01835194e-03 3.02102801e-03 3.03283790e-03
 3.06127893e-03 3.06301745e-03 3.71216272e-03 3.72938294e-03
 3.79151462e-03 3.80132397e-03 4.00968165e-03 4.01758323e-03
 4.38381363e-03 4.51344630e-03 4.80243998e-03 5.88009338e-03
 6.04116986e-03 6.21340935e-03 6.44340108e-03 6.48076997e-03
 6.69205530e-03 6.76984055e-03 7.03433585e-03 7.19447715e-03
 7.31230851e-03 7.64692670e-03 8.02839714e-03 8.15687291e-03
 8.24434915e-03 8.66262538e-03 8.71490762e-03 9.22017816e-03
 9.49346997e-03 9.83497047e-03 1.02190416e-02 1.04839320e-02
 1.05944335e-02 1.09986657e-02 1.12379793e-02 1.22408922e-02
 1.22869334e-02 1.36130214e-02 1.45803508e-02 1.47734266e-02
 1.50864062e-02 1.60469997e-02 1.61645989e-02 1.67015042e-02
 1.67679007e-02 1.68591410e-02 1.68852214e-02 1.68949749e-02
 1.80392969e-02 1.92620214e-02 1.95329815e-02 2.10498991e-02
 2.18581448e-02 2.20513484e-02 2.33263720e-02 2.36128158e-02
 2.42586630e-02 2.55436740e-02 2.56111934e-02 2.58375634e-02
 2.58559139e-02 2.62899918e-02 2.69675805e-02 2.69675807e-02
 2.78463050e-02 2.86205589e-02 3.04415143e-02 3.10605518e-02
 3.11174589e-02 3.23781924e-02 3.32630947e-02 3.33660197e-02
 3.51747767e-02 3.58196448e-02 3.77817814e-02 3.82811188e-02
 4.07754862e-02 4.14564466e-02 4.29057527e-02 4.37721396e-02
 4.67743638e-02 4.86027915e-02 4.92625753e-02 5.13292908e-02
 5.21102818e-02 5.22249620e-02 5.35604108e-02 5.40048797e-02
 5.47569761e-02 5.92255495e-02 5.96611770e-02 6.08634735e-02
 6.36947506e-02 6.37031021e-02 6.38438106e-02 6.44030384e-02
 6.55871206e-02 6.91794568e-02 7.84173302e-02 8.00062865e-02
 8.07486517e-02 8.29446985e-02 8.35618977e-02 8.52294910e-02
 8.54824349e-02 8.57838934e-02 8.76904804e-02 8.83368801e-02
 8.88789259e-02 9.55052143e-02 9.65293180e-02 9.90902616e-02
 1.02081591e-01 1.02691982e-01 1.02781077e-01 1.03713202e-01
 1.03713202e-01 1.04030491e-01 1.04118258e-01 1.05067719e-01
 1.06931061e-01 1.06934010e-01 1.08443949e-01 1.08765244e-01
 1.10164565e-01 1.14298675e-01 1.16748699e-01 1.19201620e-01
 1.21075699e-01 1.21718770e-01 1.31599886e-01 1.33956030e-01
 1.33956252e-01 1.34366656e-01 1.35697032e-01 1.36433664e-01
 1.36589937e-01 1.37061612e-01 1.37995463e-01 1.39194017e-01
 1.40537174e-01 1.41017664e-01 1.41062544e-01 1.44187254e-01
 1.45524019e-01 1.45526516e-01 1.45972119e-01 1.45972119e-01
 1.45972770e-01 1.45972770e-01 1.46017076e-01 1.48251121e-01
 1.50354123e-01 1.50779361e-01 1.51307991e-01 1.52506324e-01
 1.55765923e-01 1.55820150e-01 1.62335363e-01 1.67076309e-01
 1.68100600e-01 1.68769412e-01 1.68769413e-01 1.69042613e-01
 1.69900016e-01 1.70760779e-01 1.71644044e-01 1.81935953e-01
 1.82497342e-01 1.85908142e-01 1.86851007e-01 1.93988092e-01
 1.98998116e-01 1.99611757e-01 2.00490013e-01 2.03421052e-01
 2.17317734e-01 2.17430556e-01 2.18961985e-01 2.20736073e-01
 2.25438633e-01 2.25438633e-01 2.25438633e-01 2.25496373e-01
 2.25496373e-01 2.25521585e-01 2.29566969e-01 2.29879237e-01
 2.32479149e-01 2.35757748e-01 2.35842375e-01 2.38393780e-01
 2.39446402e-01 2.39904903e-01 2.57939121e-01 2.58558833e-01
 2.60120733e-01 2.60608239e-01 2.61515703e-01 2.62718549e-01
 2.63058645e-01 2.63123639e-01 2.71480699e-01 2.71480699e-01
 2.76847810e-01 2.76905472e-01 2.76978258e-01 2.78022281e-01
 2.85500489e-01 2.85850943e-01 2.86279035e-01 2.87614817e-01
 2.88547584e-01 2.89838355e-01 2.92205201e-01 2.93036031e-01
 2.95990493e-01 2.96702464e-01 2.97860240e-01 2.98490796e-01
 3.05092645e-01 3.09071930e-01 3.09444904e-01 3.11611540e-01
 3.11640664e-01 3.12240204e-01 3.14801291e-01 3.15639390e-01
 3.16827206e-01 3.20629717e-01 3.21885694e-01 3.22875128e-01
 3.24290156e-01 3.24371940e-01 3.25082237e-01 3.25181270e-01
 3.29773509e-01 3.30459649e-01 3.34373116e-01 3.35764544e-01
 3.37825207e-01 3.38748319e-01 3.38935106e-01 3.39119195e-01
 3.39280075e-01 3.40448708e-01 3.40530916e-01 3.42913859e-01
 3.43347774e-01 3.43416927e-01 3.44305943e-01 3.48448123e-01
 3.49631124e-01 3.52015596e-01 3.52703947e-01 3.54933005e-01
 3.55801959e-01 3.55943743e-01 3.55966065e-01 3.55968125e-01
 3.56270691e-01 3.56535804e-01 3.61375795e-01 3.63605526e-01
 3.68098057e-01 3.68163580e-01 3.71313665e-01 3.72826651e-01
 3.73029509e-01 3.76055305e-01 3.76461309e-01 3.77679002e-01
 3.87823043e-01 3.89614258e-01 3.89857864e-01 3.91418262e-01
 3.92647023e-01 3.94442745e-01 3.96191920e-01 3.96391385e-01
 3.96546579e-01 4.01603898e-01 4.04554537e-01 4.04895967e-01
 4.05417720e-01 4.07334938e-01 4.10867318e-01 4.11482795e-01
 4.11600793e-01 4.16189338e-01 4.19111469e-01 4.19201151e-01
 4.19998465e-01 4.21141039e-01 4.25959072e-01 4.25959072e-01
 4.31238490e-01 4.31421199e-01 4.32598046e-01 4.33203021e-01
 4.46268329e-01 4.52992022e-01 4.55126817e-01 4.59221282e-01
 4.62750807e-01 4.66513768e-01 4.67088305e-01 4.67749045e-01
 4.72846885e-01 4.74732439e-01 4.75367342e-01 4.75503116e-01
 4.81821631e-01 4.83735429e-01 4.83880628e-01 4.84215135e-01
 5.00098383e-01 5.02939096e-01 5.07567399e-01 5.08751174e-01
 5.11615535e-01 5.16816491e-01 5.19195604e-01 5.19772853e-01
 5.23369299e-01 5.27205115e-01 5.29804522e-01 5.30174744e-01
 5.30787964e-01 5.31237296e-01 5.33749482e-01 5.36405871e-01
 5.36469383e-01 5.38762012e-01 5.39801859e-01 5.40865356e-01
 5.43020646e-01 5.44494529e-01 5.44700585e-01 5.45690628e-01
 5.49682102e-01 5.51293257e-01 5.53948856e-01 5.55707718e-01
 5.58434969e-01 5.62184056e-01 5.65174359e-01 5.65640144e-01
 5.66391713e-01 5.66773536e-01 5.68789825e-01 5.70145753e-01
 5.73425291e-01 5.78459771e-01 5.81701419e-01 5.87244299e-01
 5.87285061e-01 5.87799476e-01 5.90488691e-01 5.91321615e-01
 5.91343105e-01 5.96261477e-01 5.99765589e-01 6.00455283e-01
 6.02523636e-01 6.03957202e-01 6.04141797e-01 6.09119685e-01
 6.12302300e-01 6.12621927e-01 6.13079223e-01 6.13922393e-01
 6.15606337e-01 6.16964709e-01 6.17707729e-01 6.17926485e-01
 6.17936239e-01 6.20107520e-01 6.23598039e-01 6.25196674e-01
 6.25690341e-01 6.26774933e-01 6.29789717e-01 6.30598047e-01
 6.30598047e-01 6.31315922e-01 6.32532509e-01 6.32994305e-01
 6.33154463e-01 6.35394099e-01 6.35627654e-01 6.41944653e-01
 6.42616810e-01 6.43224972e-01 6.43303327e-01 6.45760410e-01
 6.49362956e-01 6.50569762e-01 6.50745194e-01 6.51816707e-01
 6.51901919e-01 6.53392577e-01 6.55225520e-01 6.55628372e-01
 6.57269379e-01 6.57297736e-01 6.57297736e-01 6.57322956e-01
 6.57572676e-01 6.58094740e-01 6.60678181e-01 6.60768909e-01
 6.61095123e-01 6.61783578e-01 6.62826290e-01 6.63217502e-01
 6.64555754e-01 6.64749073e-01 6.64906925e-01 6.65024666e-01
 6.65397604e-01 6.65721573e-01 6.65942453e-01 6.67309926e-01
 6.67309926e-01 6.67309960e-01 6.68213253e-01 6.68857460e-01
 6.70118802e-01 6.70534384e-01 6.71244914e-01 6.72491607e-01
 6.72693816e-01 6.72737055e-01 6.75514404e-01 6.75967853e-01
 6.78026277e-01 6.78120164e-01 6.78631317e-01 6.79850881e-01
 6.80014117e-01 6.80332522e-01 6.80596731e-01 6.80882403e-01
 6.81750019e-01 6.81901713e-01 6.82350174e-01 6.82504432e-01
 6.82515493e-01 6.82551160e-01 6.82551160e-01 6.83428748e-01
 6.84822850e-01 6.84822853e-01 6.85105568e-01 6.85611048e-01
 6.85649843e-01 6.86350853e-01 6.86443439e-01 6.86584946e-01
 6.87007959e-01 6.87486804e-01 6.88466894e-01 6.92573282e-01
 6.92601200e-01 6.93180616e-01 6.93397059e-01 6.95483463e-01
 6.97382495e-01 6.99137188e-01 6.99137188e-01 7.01560949e-01
 7.04842776e-01 7.06386324e-01 7.08038883e-01 7.12383463e-01
 7.12393279e-01 7.13010407e-01 7.13397839e-01 7.15419797e-01
 7.16901803e-01 7.19999065e-01 7.20561905e-01 7.22435421e-01
 7.23570201e-01 7.26334178e-01 7.34628235e-01 7.36386160e-01
 7.37052147e-01 7.38691865e-01 7.39052721e-01 7.39247803e-01
 7.44686196e-01 7.45901070e-01 7.45909868e-01 7.53230079e-01
 7.54090610e-01 7.54590887e-01 7.56091297e-01 7.60454651e-01
 7.62102624e-01 7.63227454e-01 7.64141241e-01 7.71989971e-01
 7.72961897e-01 7.73060202e-01 7.73985019e-01 7.81987757e-01
 7.83391887e-01 7.85720196e-01 7.89646484e-01 7.90338891e-01
 7.91100633e-01 7.91267233e-01 7.91719816e-01 7.92154713e-01
 7.93431698e-01 7.94155909e-01 8.01293107e-01 8.04885436e-01
 8.04965214e-01 8.05906921e-01 8.08404020e-01 8.10076790e-01
 8.10246266e-01 8.16453513e-01 8.17097238e-01 8.22101829e-01
 8.24105322e-01 8.24188429e-01 8.24190440e-01 8.24774371e-01
 8.27145956e-01 8.30436134e-01 8.36113660e-01 8.39400543e-01
 8.40549559e-01 8.41317377e-01 8.43560947e-01 8.45333420e-01
 8.46293078e-01 8.48506565e-01 8.48538951e-01 8.48842743e-01
 8.51380285e-01 8.55864775e-01 8.57502959e-01 8.58471155e-01
 8.60361973e-01 8.60888099e-01 8.61243459e-01 8.62098580e-01
 8.69232719e-01 8.69769005e-01 8.72170354e-01 8.72245635e-01
 8.72317950e-01 8.72541395e-01 8.74857499e-01 8.75039903e-01
 8.76086407e-01 8.83254791e-01 8.84985189e-01 8.87585744e-01
 8.88723425e-01 8.90534971e-01 8.92017143e-01 8.94866594e-01
 8.94925323e-01 9.03481191e-01 9.06012296e-01 9.07795905e-01
 9.08324665e-01 9.09293098e-01 9.10179596e-01 9.10771411e-01
 9.17126948e-01 9.18987057e-01 9.22093340e-01 9.23032942e-01
 9.27267958e-01 9.30582876e-01 9.33166007e-01 9.33696163e-01
 9.34437853e-01 9.38164021e-01 9.39223209e-01 9.41996591e-01
 9.45388941e-01 9.47211931e-01 9.53517590e-01 9.56842664e-01
 9.56993724e-01 9.59154725e-01 9.60500529e-01 9.60522892e-01
 9.61691234e-01 9.62976989e-01 9.67965074e-01 9.68841761e-01
 9.69070739e-01 9.69524117e-01 9.70162201e-01 9.71861627e-01
 9.73753256e-01 9.75080834e-01 9.78542644e-01 9.79998850e-01
 9.80307230e-01 9.86073492e-01 9.86884222e-01 9.87615758e-01
 9.89184532e-01 9.89932888e-01 9.91900957e-01 9.97113678e-01
 1.00478950e+00 1.00663875e+00 1.00891377e+00 1.01237887e+00
 1.01627428e+00 1.01631940e+00 1.01964559e+00 1.02148634e+00
 1.02410027e+00 1.02656084e+00 1.02950794e+00 1.03188724e+00
 1.03615204e+00 1.03660193e+00 1.04132977e+00 1.04812767e+00
 1.04952186e+00 1.04975872e+00 1.05072806e+00 1.05565534e+00
 1.05877609e+00 1.06544736e+00 1.06700240e+00 1.07320309e+00
 1.07483841e+00 1.07500241e+00 1.08039172e+00 1.08757545e+00
 1.08869908e+00 1.09117573e+00 1.09223353e+00 1.09269983e+00
 1.09274203e+00 1.09437321e+00 1.10149098e+00 1.10193626e+00
 1.10485997e+00 1.10717819e+00 1.11210796e+00 1.11604914e+00
 1.11706385e+00 1.11916222e+00 1.12060657e+00 1.12495442e+00
 1.12583860e+00 1.12606353e+00 1.12860091e+00 1.13122810e+00
 1.13601844e+00 1.13806862e+00 1.13807517e+00 1.13846728e+00
 1.13940942e+00 1.14079320e+00 1.14475306e+00 1.14537307e+00
 1.14721581e+00 1.14765133e+00 1.15028456e+00 1.15133041e+00
 1.15448253e+00 1.15857690e+00 1.15995324e+00 1.16040875e+00
 1.16192202e+00 1.16365805e+00 1.16883341e+00 1.17390134e+00
 1.17705923e+00 1.18075958e+00 1.18194077e+00 1.18286210e+00
 1.18351913e+00 1.18636219e+00 1.18862530e+00 1.19296897e+00
 1.19401246e+00 1.19671799e+00 1.19882810e+00 1.20305075e+00
 1.20407712e+00 1.20590513e+00 1.20617908e+00 1.20913666e+00
 1.20996290e+00 1.21077515e+00 1.21122508e+00 1.21160704e+00
 1.21325196e+00 1.21724454e+00 1.21755004e+00 1.21776400e+00
 1.22089037e+00 1.22260767e+00 1.22992762e+00 1.23165479e+00
 1.23367062e+00 1.23770716e+00 1.23844906e+00 1.24007120e+00
 1.24698823e+00 1.24746579e+00 1.25325179e+00 1.25451842e+00
 1.25585599e+00 1.25645357e+00 1.25741893e+00 1.26004094e+00
 1.26015415e+00 1.26142995e+00 1.26939717e+00 1.27009033e+00
 1.27225327e+00 1.27271595e+00 1.27373818e+00 1.27522825e+00
 1.27657384e+00 1.27799527e+00 1.27906167e+00 1.28030040e+00
 1.28095948e+00 1.28448989e+00 1.28460269e+00 1.28725342e+00
 1.28821180e+00 1.29420793e+00 1.29772290e+00 1.29867719e+00
 1.30060147e+00 1.30288238e+00 1.31214245e+00 1.31261384e+00
 1.31730979e+00 1.32023020e+00 1.32091292e+00 1.32097497e+00
 1.32211698e+00 1.32479814e+00 1.32522090e+00 1.32598876e+00
 1.32814597e+00 1.33208697e+00 1.33549659e+00 1.33597553e+00
 1.34049231e+00 1.34049231e+00 1.34136257e+00 1.34163567e+00
 1.34540802e+00 1.34596252e+00 1.34986672e+00 1.35130522e+00
 1.35789396e+00 1.36240819e+00 1.36240943e+00 1.36326094e+00
 1.36361347e+00 1.36809482e+00 1.36845936e+00 1.37540574e+00
 1.37589779e+00 1.37979473e+00 1.37992953e+00 1.39091178e+00
 1.39440162e+00 1.40290100e+00 1.41172162e+00 1.42124584e+00
 1.42693712e+00 1.43640441e+00 1.44006746e+00 1.44513368e+00
 1.44972138e+00 1.45058052e+00 1.46085519e+00 1.46286157e+00
 1.46957808e+00 1.47033254e+00 1.47253598e+00 1.47525430e+00
 1.47810927e+00 1.48145551e+00 1.48409988e+00 1.48412757e+00
 1.48429577e+00 1.49302112e+00 1.50691430e+00 1.50771685e+00
 1.50897274e+00 1.51635588e+00 1.51672321e+00 1.52363865e+00
 1.52493192e+00 1.52783003e+00 1.52907957e+00 1.54018317e+00
 1.54246941e+00 1.54953565e+00 1.55039045e+00 1.55428414e+00
 1.55502979e+00 1.55710266e+00 1.57063937e+00 1.57089859e+00
 1.57213077e+00 1.57702073e+00 1.59105183e+00 1.59187070e+00
 1.59526245e+00 1.59536871e+00 1.59549327e+00 1.60237560e+00
 1.60263139e+00 1.61341676e+00 1.61664547e+00 1.62012653e+00
 1.62566281e+00 1.62772535e+00 1.63656566e+00 1.66378338e+00
 1.66961266e+00 1.68891952e+00 1.69991409e+00 1.70269726e+00
 1.70349232e+00 1.71701511e+00 1.73537776e+00 1.74482475e+00
 1.74917523e+00 1.75093937e+00 1.76419593e+00 1.77820078e+00
 1.78044295e+00 1.78572371e+00 1.82043319e+00 1.82111270e+00
 1.82753690e+00 1.83076637e+00 1.83767946e+00 1.84249124e+00
 1.86219688e+00 1.86690209e+00 1.87655730e+00 1.90213657e+00
 1.90559605e+00 1.93160887e+00 1.93294701e+00 1.95155942e+00
 1.98556934e+00 1.99069203e+00 2.02129767e+00 2.08128078e+00
 2.09825937e+00 2.11053127e+00 2.12257828e+00 2.25576786e+00
 2.26432746e+00 2.26666772e+00 2.27544161e+00 2.33570531e+00]","[0.00132975 0.00142893 0.00168098 0.00170004 0.00173021 0.00174933
 0.00179549 0.00179979 0.00182929 0.00189782 0.00192569 0.00192723
 0.00192837 0.00193607 0.00195188 0.00196374 0.0019719  0.00198965
 0.0019953  0.00199851 0.00200243 0.00201934 0.00202368 0.00203348
 0.0020393  0.00204543 0.00206653 0.0020784  0.00208543 0.00211103
 0.002113   0.00211568 0.00212616 0.00212757 0.00212769 0.00214524
 0.00215681 0.00215741 0.00216949 0.00217257 0.0021803  0.00219061
 0.00219285 0.00219923 0.00220439 0.00220813 0.00221003 0.00221324
 0.00221539 0.00222084 0.00222362 0.0022265  0.00223001 0.00225466
 0.00225537 0.00226362 0.00226404 0.00226674 0.00226959 0.0022743
 0.00227478 0.00228096 0.00228314 0.0022837  0.00229806 0.00230269
 0.00230408 0.00230534 0.00230985 0.00231043 0.00231077 0.00231159
 0.00231695 0.00232409 0.00232513 0.00232658 0.00233635 0.00233884
 0.00234153 0.00234672 0.00235104 0.0023574  0.00235873 0.00236017
 0.00237222 0.00237403 0.00237849 0.00238324 0.00238772 0.00239846
 0.00239886 0.00241064 0.00241089 0.00241184 0.00241268 0.00241734
 0.00243124 0.00244253 0.00244637 0.00244725 0.00244728 0.00245451
 0.00245517 0.00245774 0.00246016 0.00246459 0.00246509 0.00246703
 0.00247206 0.00247642 0.00247909 0.00248016 0.00248061 0.00248096
 0.00249557 0.00249678 0.0024972  0.00250111 0.00250344 0.0025064
 0.00251423 0.00251431 0.00251577 0.00252827 0.00252845 0.0025301
 0.00253711 0.00254373 0.00254459 0.00254527 0.00256133 0.00256306
 0.00256355 0.00256814 0.00256967 0.00257005 0.0025725  0.00258053
 0.00258126 0.00258652 0.00258805 0.00258974 0.00259054 0.00259094
 0.002604   0.00260534 0.00261295 0.00261983 0.00262096 0.00262141
 0.00262463 0.00262469 0.00262549 0.00263376 0.00263774 0.00264181
 0.00264508 0.00264797 0.0026507  0.00265858 0.00265882 0.00266931
 0.00266997 0.00267143 0.00267956 0.00269029 0.00269834 0.00270128
 0.00270317 0.0027131  0.00271789 0.00271935 0.00272317 0.00272323
 0.00272328 0.00272568 0.002728   0.00273805 0.00275224 0.00275787
 0.0027621  0.00276679 0.00276972 0.00276991 0.00277081 0.00278352
 0.00278524 0.00278666 0.00280019 0.00280412 0.0028049  0.00280595
 0.0028111  0.00281304 0.00281895 0.00281964 0.00282165 0.00283273
 0.00284055 0.00284145 0.00285226 0.00285235 0.00285678 0.00285886
 0.00285951 0.00286712 0.00287615 0.00287731 0.00288067 0.00289029
 0.00290189 0.00290897 0.0029194  0.00292004 0.00292085 0.00292504
 0.0029256  0.00293518 0.00293561 0.00293604 0.00293711 0.0029387
 0.00294014 0.00294525 0.00294937 0.00295546 0.00296557 0.00297595
 0.00297762 0.00298155 0.00299542 0.00300842 0.00300974 0.00301621
 0.00301686 0.00301765 0.00301909 0.00302664 0.00302889 0.00303641
 0.0030405  0.00305114 0.00305331 0.00305988 0.00306343 0.00306375
 0.00306532 0.00306699 0.00306736 0.00307232 0.00307294 0.00308391
 0.0030864  0.00308908 0.00309393 0.00310523 0.00310804 0.00311026
 0.00311146 0.00314249 0.00314565 0.00315519 0.0031608  0.0031686
 0.00317529 0.00317628 0.00318083 0.00318088 0.00319088 0.00319174
 0.0032044  0.00322777 0.00324385 0.00325543 0.00326788 0.00327095
 0.00327474 0.00327872 0.00328156 0.00328506 0.00328603 0.00328711
 0.00329964 0.0033027  0.00331216 0.0033226  0.00332974 0.00334093
 0.00334341 0.00335265 0.00335447 0.00336541 0.00336545 0.00336911
 0.0034014  0.00340504 0.00340761 0.00340825 0.00341748 0.00342778
 0.00343134 0.00343267 0.00344435 0.00344799 0.00345851 0.00347666
 0.0034773  0.00348456 0.00348944 0.00349216 0.00351032 0.00352063
 0.00353121 0.00353143 0.00353167 0.00353426 0.00353991 0.00356241
 0.00356762 0.00356939 0.0035738  0.00359683 0.00360375 0.00361229
 0.00361276 0.00361772 0.00361809 0.00361849 0.00363953 0.00365108
 0.0036613  0.00366308 0.00367402 0.00368471 0.00371062 0.00372615
 0.00372948 0.00373435 0.00373596 0.00374733 0.00377401 0.00377565
 0.00378679 0.00380263 0.00380573 0.00381793 0.00383053 0.00383592
 0.00384947 0.00385548 0.00385555 0.00385729 0.00386135 0.00387237
 0.00389781 0.0039004  0.00390119 0.00390423 0.00393227 0.00395294
 0.00395623 0.00396423 0.00397866 0.0039828  0.00398311 0.00398389
 0.00398915 0.003991   0.0039985  0.00401689 0.00402014 0.00402492
 0.00402855 0.00402901 0.00403108 0.0040349  0.00404991 0.0040781
 0.00409138 0.00409359 0.00409809 0.00410405 0.00412809 0.00413329
 0.00413953 0.00414761 0.0041558  0.00416255 0.0041655  0.00416574
 0.00417359 0.00418939 0.0041905  0.00419237 0.0042066  0.00421301
 0.00421906 0.00422853 0.00423581 0.00424495 0.00424666 0.00425177
 0.00426879 0.00428621 0.00429078 0.00429244 0.00429639 0.00429866
 0.00430792 0.00431598 0.00434706 0.00435232 0.00436911 0.00438608
 0.00438633 0.00438955 0.00438962 0.00439571 0.00439821 0.00440137
 0.00440829 0.00441006 0.00441526 0.00444516 0.00444602 0.00444698
 0.00445496 0.0044686  0.00446956 0.00447053 0.0044772  0.00447863
 0.00449191 0.00450392 0.00450738 0.00452026 0.00452534 0.00452912
 0.00453689 0.00454076 0.00454079 0.00454844 0.00457416 0.00457719
 0.00457979 0.00458342 0.00458663 0.00459538 0.004599   0.00460356
 0.00461014 0.00461601 0.00462289 0.00462392 0.00464104 0.00464626
 0.0046487  0.00465065 0.00465087 0.00466227 0.00466868 0.00467247
 0.00467334 0.00468439 0.00469727 0.00469932 0.00470574 0.00474894
 0.00475256 0.00476216 0.00476491 0.00477192 0.00479435 0.00479741
 0.00479882 0.0048013  0.00481196 0.00481269 0.00481313 0.00484226
 0.00484577 0.0048508  0.00486959 0.00487082 0.00487893 0.00488218
 0.00488864 0.00488996 0.00489309 0.00490257 0.00490549 0.00490724
 0.00491179 0.00491257 0.00491984 0.00492233 0.00492409 0.00495152
 0.0049517  0.00495244 0.00495791 0.00495791 0.00496025 0.00496183
 0.0049674  0.00497429 0.0049785  0.00498913 0.00498934 0.0049896
 0.00499148 0.00499283 0.00499609 0.00499678 0.00500629 0.00500721
 0.0050093  0.00501069 0.00501449 0.00501588 0.00502523 0.00503493
 0.00503758 0.0050437  0.00504951 0.00505037 0.00506057 0.00506306
 0.00507801 0.0050836  0.0050962  0.00510294 0.00510353 0.00510365
 0.00511729 0.00511916 0.00512255 0.00512874 0.00513417 0.00513788
 0.00514619 0.00516655 0.00517425 0.00518147 0.00518678 0.00518764
 0.00521601 0.00522128 0.00523173 0.00523202 0.0052338  0.00523558
 0.00523986 0.00524424 0.00526446 0.00526898 0.00527494 0.00527665
 0.00528016 0.00528879 0.00529008 0.00529417 0.0052944  0.00530112
 0.00530157 0.00530301 0.00530358 0.00530373 0.00531245 0.00532674
 0.00532926 0.00533546 0.00534183 0.00534184 0.00535507 0.0053596
 0.00536272 0.00537022 0.00537184 0.00537189 0.00538454 0.0053973
 0.0053987  0.00540001 0.00540221 0.00540225 0.00540396 0.0054141
 0.00541499 0.0054272  0.0054434  0.0054446  0.00545262 0.00545474
 0.00545928 0.00546745 0.00550236 0.00552083 0.00552227 0.00552506
 0.00554036 0.00554763 0.00556136 0.00556386 0.00557743 0.00557826
 0.00558669 0.0055877  0.00558993 0.0055946  0.00559971 0.00561227
 0.00561243 0.00562313 0.00562634 0.00563075 0.00564039 0.00564628
 0.00564923 0.00565385 0.00566007 0.00567489 0.00567522 0.00569648
 0.0057007  0.00570182 0.00571511 0.00572036 0.00572586 0.00573129
 0.00573763 0.00575504 0.00577023 0.00577934 0.00578804 0.00578922
 0.00579254 0.00580511 0.00581891 0.00584136 0.00584204 0.0058434
 0.00584384 0.00584806 0.00585284 0.00585444 0.00586048 0.00586586
 0.00587546 0.00587546 0.00587581 0.00587717 0.00587886 0.0058829
 0.00588423 0.00588934 0.00589119 0.00590097 0.00590106 0.00590356
 0.00590753 0.00590756 0.00591473 0.00591534 0.00591672 0.00591678
 0.00592033 0.00592541 0.00592561 0.00595155 0.00596241 0.00596859
 0.00597359 0.00597377 0.00598217 0.00598897 0.00599537 0.00599537
 0.0059989  0.00599904 0.00600511 0.00600923 0.0060171  0.00601752
 0.00602508 0.00603345 0.00603585 0.00603911 0.0060455  0.00604682
 0.00605041 0.00605769 0.00606098 0.00606481 0.00606962 0.00607118
 0.00607517 0.00607578 0.00608276 0.00608307 0.00608598 0.00608972
 0.0061038  0.00610626 0.0061067  0.00611329 0.00611342 0.00611368
 0.00611838 0.00613839 0.00614791 0.0061586  0.00616023 0.0061606
 0.00616204 0.00616535 0.00617637 0.00618373 0.00618718 0.0061943
 0.00619688 0.00622516 0.00623948 0.00625613 0.00629178 0.006294
 0.00629884 0.00630764 0.00632267 0.00632345 0.00633161 0.00633207
 0.00634047 0.0063475  0.00634816 0.00635674 0.00635803 0.0063653
 0.00636623 0.00638685 0.00638882 0.00639699 0.00639949 0.00640703
 0.00640703 0.00641264 0.00641794 0.00643651 0.00643876 0.00645869
 0.00646864 0.0064703  0.00647239 0.00648186 0.00648721 0.00649626
 0.00650314 0.00650541 0.00650759 0.00652341 0.00652822 0.00653779
 0.00653779 0.00653892 0.00656259 0.00656737 0.00656846 0.00657166
 0.00660588 0.00661794 0.00661911 0.0066338  0.00664596 0.00665332
 0.00667397 0.00669894 0.00671045 0.00671065 0.00672507 0.00674506
 0.00674699 0.00674786 0.00675175 0.006753   0.00676583 0.00677113
 0.0067787  0.00680138 0.00680777 0.00682349 0.00684084 0.00684564
 0.00686516 0.0069127  0.00692804 0.00692904 0.00693845 0.00693999
 0.00696875 0.0069714  0.00698124 0.00698563 0.00699237 0.00700036
 0.00702125 0.0070232  0.00705485 0.00706086 0.00706626 0.00707083
 0.00707823 0.00709536 0.00711196 0.00711978 0.00711996 0.00713016
 0.00713819 0.00714328 0.00717953 0.00719921 0.00723423 0.00728367
 0.00730728 0.00731736 0.00734607 0.00736104 0.00739461 0.00739526
 0.00741675 0.00743313 0.00744678 0.00745776 0.00746102 0.00751126
 0.00752385 0.00757625 0.00758505 0.00758774 0.00760243 0.00766219
 0.00766219 0.00766638 0.00769319 0.00770655 0.00776089 0.00777828
 0.00783701 0.00784184 0.00785275 0.00785275 0.00785275 0.00786056
 0.007869   0.00788003 0.0078949  0.00792289 0.00796649 0.00798774
 0.00801297 0.00801301 0.00801301 0.00801301 0.00806101 0.00806715
 0.00806738 0.00807228 0.00807499 0.00808027 0.00809906 0.00810777
 0.00811864 0.00818787 0.0082041  0.00821343 0.00823323 0.00823338
 0.00823524 0.0082478  0.00824996 0.00832476 0.00832992 0.00836536
 0.00841724 0.00842315 0.00849378 0.00855691 0.00857068 0.0085754
 0.00858804 0.00864725 0.00865437 0.00869517 0.00873963 0.00875517
 0.00875603 0.00876874 0.00878556 0.00888189 0.00888362 0.00890304
 0.00891287 0.0089302  0.00895285 0.00895596 0.00895938 0.00897003
 0.00897624 0.00897906 0.00898037 0.00898463 0.00899425 0.00900673
 0.0090912  0.00910066 0.00910338 0.00910537 0.00918494 0.00920673
 0.00923156 0.00933081 0.00933649 0.00936843 0.00938921 0.00941096
 0.00941957 0.00942824 0.009476   0.00948023 0.00949108 0.00954314
 0.00960029 0.00960681 0.00961737 0.00961921 0.00964067 0.00964719
 0.00965861 0.00968512 0.00971208 0.00972765 0.00972765 0.00974267
 0.00974816 0.00978445 0.00982283 0.0098918  0.0100415  0.01006814
 0.01014049 0.01030521 0.0103966  0.01046322 0.01087119 0.01114677
 0.01127481 0.01132788 0.01136834 0.01146156 0.01152635 0.01153711
 0.01154669 0.01155906 0.01160035 0.0116543  0.01170649 0.01177117
 0.01178771 0.01178771 0.01188804 0.01199962 0.01202828 0.01202828
 0.01218794 0.01327635 0.01353597 0.0135473  0.01534835 0.01536965
 0.01540878 0.01922808 0.01924595 0.01927161 0.02082623 0.02082623
 0.02082623 0.02125047 0.02125048 0.02125049 0.02125125 0.02125125
 0.02125125 0.02125125 0.02125125 0.02125125 0.02125125 0.02125125
 0.02125125 0.02125125 0.02125125 0.02125125]","{'complete inhibition': 0, 'adapting inhibition': 1, 'partial inhibition': 2, 'no effect': 3, 'excitation': 4, 'biphasic IE': 5, 'biphasic EI': 6}",15.7,0.5848835307477921,0.12981329807692457,0.0713525000000054,0.9478775000000041,5.8,0.6533445164851475,0.09881922790403777,0.43322500000000874,0.9257800000000017,True,0.5,"[1.  1.  0.9 0.7 0.7 0.7 0.7 0.7 0.6 0.6 0.6 0.6 0.6 0.6 0.6 0.6 0.6 0.7
 0.6 0.8]",30.280888659254533,0.4005066383181553,0.03299891673746814,12.184330411278989,2.8624386234680466,0.08181575052854122,1.3754549468334407,0.0089040206034256,adapting inhibition,1
188,AG7499,1,011322,1.4,2,Naive,112,10,right,/Users/johnparker/paper_repos/Aristieta_Parker_Gao_Gittis_Rubin_2024_D1_GPe/data/d1_msns/pre_processed_data/Naive_D1-MSNs_cell_body_stim/Neuron_0112,/Users/johnparker/paper_repos/Aristieta_Parker_Gao_Gittis_Rubin_2024_D1_GPe/data/d1_msns/pre_processed_data/Naive_D1-MSNs_cell_body_stim,Naive_D1-MSNs_cell_body_stim,True,25,250,0.025,/Users/johnparker/paper_repos/Aristieta_Parker_Gao_Gittis_Rubin_2024_D1_GPe/data/d1_msns/processed_data/Naive_D1-MSNs_cell_body_stim/Neuron_0112,9,0.05,"['adapting inhibition', 'biphasic IE', 'biphasic IE', 'adapting inhibition', 'biphasic IE', 'biphasic IE', 'excitation', 'biphasic EI', 'complete inhibition']",[1 5 5 1 5 5 4 6 0],1.0,1.0,1.0,0.0,99,90,3,3,2,2,"[7.47339204e-169 7.47339204e-169 7.47339204e-169 ... 4.26105169e+000
 4.27659685e+000 4.76108470e+000]",[0.         0.         0.         ... 0.03019144 0.03019144 0.03019144],"{'complete inhibition': 0, 'adapting inhibition': 1, 'partial inhibition': 2, 'no effect': 3, 'excitation': 4, 'biphasic IE': 5, 'biphasic EI': 6}",26.22222222222222,0.46918642691545404,0.12373175080376761,0.09042499999999462,0.8488666666666589,24.666666666666668,0.931739751571719,0.0542632246835152,0.252388888888879,0.9697194444444411,True,3.5555555555555554,"[0.88888889 0.88888889 1.11111111 1.33333333 1.11111111 0.77777778
 0.66666667 1.         1.         1.         0.77777778 0.55555556
 0.33333333 1.         0.88888889 1.11111111 1.11111111 0.66666667
 1.11111111 1.        ]",16.851190207604365,0.9077139036838093,0.05930219298245614,0.6563267851063044,1.215127057828396,1.102510256410257,3.019123754972261,0.016022762762762134,no effect,3
189,AG7499,1,011322,1.4,1,Naive,124,15,right,/Users/johnparker/paper_repos/Aristieta_Parker_Gao_Gittis_Rubin_2024_D1_GPe/data/d1_msns/pre_processed_data/Naive_D1-MSNs_cell_body_stim/Neuron_0124,/Users/johnparker/paper_repos/Aristieta_Parker_Gao_Gittis_Rubin_2024_D1_GPe/data/d1_msns/pre_processed_data/Naive_D1-MSNs_cell_body_stim,Naive_D1-MSNs_cell_body_stim,True,25,250,0.025,/Users/johnparker/paper_repos/Aristieta_Parker_Gao_Gittis_Rubin_2024_D1_GPe/data/d1_msns/processed_data/Naive_D1-MSNs_cell_body_stim/Neuron_0124,10,0.05,"['complete inhibition', 'complete inhibition', 'complete inhibition', 'complete inhibition', 'complete inhibition', 'complete inhibition', 'complete inhibition', 'complete inhibition', 'complete inhibition', 'complete inhibition']",[0 0 0 0 0 0 0 0 0 0],1.0,1.0,1.0,0.0,99,90,3,3,2,2,[],[],"{'complete inhibition': 0, 'adapting inhibition': 1, 'partial inhibition': 2, 'no effect': 3, 'excitation': 4, 'biphasic IE': 5, 'biphasic EI': 6}",18.0,0.4923828566653102,0.06533300458365203,0.03168249999999802,0.9489425000000054,0.1,0.0,0.0,0.9002400000000023,0.9002400000000023,True,0.0,[1. 1. 1. 1. 1. 1. 1. 1. 1. 1. 1. 1. 1. 1. 1. 1. 1. 1. 1. 1.],19.296801081474936,1.3304083481926305,0.05185495152354571,4.323764557674882,0.9476747946387711,0.16572888198757754,,,complete inhibition,0
190,AG7499,1,011322,1.4,1,Naive,123,10cell2,right,/Users/johnparker/paper_repos/Aristieta_Parker_Gao_Gittis_Rubin_2024_D1_GPe/data/d1_msns/pre_processed_data/Naive_D1-MSNs_cell_body_stim/Neuron_0123,/Users/johnparker/paper_repos/Aristieta_Parker_Gao_Gittis_Rubin_2024_D1_GPe/data/d1_msns/pre_processed_data/Naive_D1-MSNs_cell_body_stim,Naive_D1-MSNs_cell_body_stim,True,25,250,0.025,/Users/johnparker/paper_repos/Aristieta_Parker_Gao_Gittis_Rubin_2024_D1_GPe/data/d1_msns/processed_data/Naive_D1-MSNs_cell_body_stim/Neuron_0123,10,0.05,"['complete inhibition', 'complete inhibition', 'complete inhibition', 'complete inhibition', 'complete inhibition', 'complete inhibition', 'complete inhibition', 'complete inhibition', 'partial inhibition', 'partial inhibition']",[0 0 0 0 0 0 0 0 2 2],1.0,1.0,1.0,0.0,99,90,3,3,2,2,"[2.6683338421986322, 3.4038904048015475, 2.9895544969744874, 3.7082514377646816, 4.128760249139573, 3.6551278922279975, 3.770552807243104, 3.0999736271637772, 2.6608108802207697, 3.5830042988819706, 2.603831109725683, 2.8177032105327804, 4.341325336986669, 4.065153865806822, 3.8709592180931653, 3.4862314918498667, 4.29164221102098, 3.2820129733503047, 1.8006606861375785, 0.7542321867781671, 3.4853566473946413, 2.452177988755534, 3.3458329166448824, 3.138482987567734, 2.782601597452636, 3.149216755023119, 2.4090261442663916, 3.8262932381792742, 4.905771853268715, 3.440244152594329, 3.171054985485172, 4.1274928639988975, 3.6718080920250484, 2.042091933554513, 3.2127815075650368, 3.9126231119654116, 3.435643946103265, 2.6234115401851206, 3.3271027668942144, 1.9898294876424065, 1.9391693828682797, 3.7764728695599903, 3.8232501996778727, 3.1452128395129244, 2.878967017847432, 2.4126394672661498, 2.911513986405534, 2.5483108172028106, 3.5307902556455266, 3.038433530765546, 3.772281649349387, 3.359443594947954, 3.829448842912956, 4.321096773031884, 2.8096545753170434, 3.2892222842573666, 4.66960383191202, 3.8160573065531596, 3.137116163789113, 1.8949373580528561, 2.9658949505506005, 3.577969749530081, 2.5894824680604756, 3.0255517278872017, 3.9134579444926727, 3.52101024338712, 4.081957078914944, 3.228241794782054, 2.1881046353130245, 2.832106142119769, 3.065956343611982, 3.3962596991948266, 3.5805892442863434, 4.8319101774881, 4.06582089085825, 3.9130137007465056, 2.509505972974191, 2.8044999866213054, 3.0614771204346938, 1.7049783976239514, 1.9190575136940284, 2.6522979362642523, 2.9953553976930545, 3.7911632649878433, 4.210669443592557, 3.0641309999111193, 2.5445336070032094, 3.145732106020935, 3.5182464439470404, 3.4827306386114283, 4.458382188861044, 4.725314417570177, 3.3352395268109736, 3.2309544946399877, 3.200497231859904, 2.964968441129568, 3.736973939282498, 2.757132751923368, 3.0106971254785737, 2.055948321151371, 3.1286473669491657, 3.2358415501317648, 3.4975907284038823, 4.977588064843262, 4.71768927682488, 4.1646732383065945, 2.8508522747930543, 3.247025081540322, 4.70913073431694, 2.990294167750622, 2.910888075575058, 3.05449294199885, 1.9565323375149797, 2.6728668581746233, 1.97847550261854, 2.7019938074173737, 3.4451059124739727, 4.075253760691269, 3.0867633620464225, 1.394416100905216, 3.5134859722940854, 3.277792576130957, 3.0840013688712427, 2.691628383781115, 4.159364922632695, 4.354563413380116, 3.440996918421713, 3.9560848949405845, 3.5274374440133713, 4.173916224702866, 3.4079951858804076, 3.4970195458772024, 3.819820188241849, 2.9595878914571174, 2.4836472628043187, 2.73731655662514, 3.4458523444736406, 2.9733500466552294, 2.1190591091996303, 1.207744753323747, 2.8180487575100925, 3.640487715931134, 3.4426965080200596, 3.644295037792503, 3.5485687526075127, 4.3435409550394315, 3.757698422293536, 3.60844107082288, 2.990566289269014, 3.599738651877978, 3.761907970889175, 3.5919612387839677, 3.161353623376455, 3.028435743496267, 2.379497068788301, 2.5152532432914807, 2.8641754727468034, 3.0753808154719673, 3.451772448739471, 1.4726985879097871, 3.5968799010774477, 3.1501574310403595, 3.9316229916444523, 4.2868994199645005, 2.9171930481389348, 4.025345874013805, 3.174259517006381, 3.1371718310762726, 2.730607254361758, 4.049244867993996, 3.5652520867638926, 2.5487049053065864, 2.4779283443346785, 1.7491679069946624, 2.7909984700737716, 3.321082080532013, 3.913863277438092, 4.321342052641691, 3.07563413455999, 1.51821281971017, 3.0127280806559207, 3.7812249138769216, 3.87991675138313, 2.782852893972695, 2.890268822529517, 2.705204250060173, 2.5658487965927734, 2.7864283216989283, 2.0637785253430243, 3.5384533086712353, 4.094554679524039, 3.5679026551333988, 2.513346929098596, 4.296169397076272, 4.333807723664303, 3.886082486665023, 3.548624525199548, 3.956373571812123, 3.504153899720929, 1.1996731604880388, 2.8747318762791605, 4.8201506241912835, 4.263259665972261, 3.6308639171312254, 3.8617959857360047, 3.8187854097100105, 4.334417627519761, 3.5102673124991846, 2.912809838176137, 2.3655838824910864, 2.998837722563215, 3.646846546189081, 4.0460181133164586, 3.3608173079384978, 4.818842474773814, 3.2714764284634064, 3.6784935870880235, 3.6899491548026626, 2.020261280667384, 2.0764479158224627, 3.148476520073088, 3.276657236281583, 3.839436495650389, 3.056095425365375, 2.080687368315475, 3.971350112521426, 3.3204893329911225, 4.1204313485137245, 4.367698605315985, 2.872665298360984, 2.8008986364055923, 2.687101707053922, 4.169352298912686, 5.303676662883728, 4.367317663119841, 3.0208728878961475, 3.5611173158352214, 3.894392589820509, 3.4961513070226014, 2.5378655007682034, 3.090231357201019, 3.147789705259261, 2.1546024856518393, 3.0426895021268274, 4.887639237335102, 3.48569942402127, 2.8926637648081495, 5.438536491483562, 6.797270721671367, 4.623549905304918, 3.4376498854637934, 3.8143389140829007, 3.739969368257444, 3.1884437185364805, 2.1301071465245824, 3.821237862207451, 3.2758120296201554, 2.482851551995414, 2.846791898874316, 1.7767519714664812, 2.0278618251561307, 2.674628884572742, 2.17570139009858, 2.9758484805534224, 3.1380563900240244, 4.5322732494089495, 4.436382704137332, 4.325645547842863, 3.433971131020031, 3.5478710507995896, 4.068437774716159, 5.302135194342651, 3.9717646587666424, 4.518657190660942, 4.515492202733685, 3.240915548178701, 4.174888123466131, 3.5472369937614223, 2.204612862310773, 1.5640432754764162, 2.2458715411877797, 2.721150272225095, 4.354267470394541, 5.414131633928183, 2.4187161469440714, 2.758135244025907, 3.7465618380685353, 2.8310492020681757, 2.604027085677722, 2.511235731384569, 3.3248813753068207, 5.603907842779112, 5.341623710622199, 3.64573200130792, 3.6610558532417707, 3.2569565711979895, 4.841168019506433, 3.9945596329767863, 3.1250565183275505, 1.867364187289022, 1.990496683525687, 4.335575322139014, 5.054667725131617, 3.3509567169981147, 4.441043677608722, 3.4020695354357713, 3.077171429537604, 3.62467404260327, 3.7754435608311296, 2.2131193830647735, 3.2008543219209376, 3.735448581996747, 5.653842842982528, 4.539172526080427, 2.3509752831791233, 2.5127585800562477, 3.4827767978024498, 3.947249368791651, 3.4579073757101026, 2.1826931650128536, 1.075518393176279, 2.5062608400361572, 2.8994105832077426, 3.8285902544699293, 5.595354283076598, 4.186122828120276, 3.0526887695906395, 2.9146546760248024, 4.11546271856434, 4.6327383032134115, 2.7818676285068302, 2.8111952521741084, 3.2071345991980036, 3.7759263717412517, 3.841205423887712, 2.333854644261375, 3.532154640165767, 4.775407836269382, 5.655516633744286, 2.8733758674731233, 2.1842090819736737, 3.9694019705190957, 4.624464215687117, 3.9906420882293685, 4.149311356839917, 5.2173921352616945, 4.244817521002296, 4.005395249154878, 3.9628002655502725, 4.646425375622227, 3.8303870306361927, 4.521284289011596, 4.038162144955169, 3.3650878034344127, 3.7165888376385183, 2.671307974769379, 1.795934733269539, 1.7718258136408394, 2.5385421486248183, 1.289415402470457, 4.372632721682795, 3.451882289298046, 2.6224818214951995, 2.8839886570735085, 3.088415730100212, 4.010033012230798, 3.820870629597195, 2.874443387718693, 2.9666915680937995, 3.1767890456803887, 3.174001074620189, 1.8107059643629837, 2.7245378717718927, 5.343511303396217, 6.134858754944063, 4.449782580781231, 2.9350800224847644, 3.6096087442256244, 3.7729111948225715, 2.554894925024146, 2.985927790654554, 4.244810789117862, 4.230256281705434, 2.335260877556402, 3.0964603425980264, 2.502608706312591, 3.3505974656164725, 4.834499893707958, 4.087930445731546, 3.8711276265057895, 3.0324209452840796, 3.5950542089956863, 2.7426666523142686, 2.7264093645904044, 3.9219411166848923, 2.9204801791568107, 3.628923366831607, 4.961938621784432, 4.110872245370772, 2.9613426970368515]","[0.0008355487547039608, 0.0008118187668834369, 0.0007748429590674038, 0.0007651524180956346, 0.0007586936217847991, 0.0007749340907519669, 0.0008255516987061822, 0.0008499046026005442, 0.000979339116578979, 0.0010271945665895712, 0.0009411116393109759, 0.0008767017405501072, 0.000858756094673315, 0.0007193683349950547, 0.0006473905465609861, 0.0007536538441169472, 0.0009104211987496269, 0.0012141430531123975, 0.001371566091738567, 0.0015994561681346104, 0.0007816828011165661, 0.0007968001568984668, 0.0008290972668846987, 0.0008085169183415263, 0.0008134440850117219, 0.000883823726454581, 0.0010485200958705828, 0.001051971330833809, 0.0010087839152975115, 0.001010660278326324, 0.0009502443332059438, 0.0008043426617859751, 0.0008209250409102145, 0.0008967414280498346, 0.0008509951806480941, 0.0008520606029923421, 0.0008107741124699398, 0.0007993807036204179, 0.0007726231860234219, 0.000812401530764062, 0.0008498319842737603, 0.0009394159197416968, 0.0009916662906997303, 0.0009873477684235101, 0.0009473592334714662, 0.0009040754093895242, 0.0007759850500729634, 0.0007977707502134442, 0.0008860800334548031, 0.0009584669184850002, 0.0009535944737053923, 0.0009758127918419177, 0.000868514566683308, 0.0008071922527486869, 0.0007205444447743813, 0.0007398538948962664, 0.0007459614575391734, 0.0007847054671932898, 0.0007906381624259857, 0.0008004467960002451, 0.0010243085804694674, 0.0009960073160397186, 0.0009801139698337256, 0.0009798218125121952, 0.0008210343048634468, 0.0008069608549210476, 0.0007889534981316462, 0.0008830156069860901, 0.0008260578168012608, 0.0008058557016693302, 0.0008786339981090013, 0.001049442295880147, 0.0009309828874835879, 0.000932762261504357, 0.000945756020142055, 0.0008919151872039584, 0.0007142067359388947, 0.0007669102097281971, 0.0008090593945599196, 0.0008628772515141256, 0.0007435889238398638, 0.0007241353026908334, 0.000721812446511438, 0.0008882916156879449, 0.0009565837867303261, 0.0009026619438406418, 0.000919965966675602, 0.0008908562157217642, 0.0007376950912858223, 0.0007808387289274204, 0.0008078118174335487, 0.0008565608803845057, 0.0010044955778265331, 0.0010513281194186117, 0.0010081512968017473, 0.0009821018757140202, 0.0009557965468080567, 0.0009741442319485152, 0.0010173559480500438, 0.0009918524267239783, 0.001022113066967126, 0.0009888495046423457, 0.00102826847631795, 0.000991223317693499, 0.0009884796981671484, 0.0009278319471395947, 0.0009604571534782616, 0.0009530932985933147, 0.0008382369324236419, 0.0008136476261783974, 0.0008095009058755015, 0.0007427792764792576, 0.000702687716184159, 0.0007078268550758794, 0.0007362442396909674, 0.0007918164528991038, 0.0007978809473759947, 0.000788877291285803, 0.0008218663682720381, 0.0008144417295664979, 0.0008810698448887961, 0.0009532500184539573, 0.0008998734224877655, 0.0008489361493182458, 0.0008227045772079214, 0.0007324069408629956, 0.0007525198686228598, 0.0007468201344508848, 0.0008066519701768771, 0.0009788906618911877, 0.0010595433129415089, 0.0010112469273392023, 0.0010749805988868831, 0.0010255492297240887, 0.0008705272574317237, 0.0007885812991799492, 0.0007502507256382507, 0.0008232700238303215, 0.0009051678390567507, 0.0009564906755708602, 0.0008864262946288121, 0.0008784845152662428, 0.0009364467780223913, 0.000920975228703725, 0.0008892682114504949, 0.0009395537373381825, 0.0009569587304994803, 0.0009912770288014892, 0.001017954093619681, 0.0009644532089017857, 0.0009760041688893102, 0.0009175705541069869, 0.0007944555947150768, 0.0007832353503095841, 0.0008048843891590233, 0.0007306058358949961, 0.0007380683603482688, 0.0007911769019211084, 0.0008005631127805683, 0.0007504093531469989, 0.0008090939385911498, 0.0007853797547858196, 0.0008608544817830977, 0.0008979995601540349, 0.0008682181970496079, 0.0008725878206792971, 0.0009681002941824313, 0.0009496946543692815, 0.0009039480285136, 0.0009150503015276932, 0.0008818332028519872, 0.0008102306857259819, 0.0007496745996024025, 0.0007400391311238315, 0.0006941740631106477, 0.000714950254158788, 0.0009323687092700994, 0.001156901681711655, 0.0013138010524222751, 0.0015204814875805406, 0.0009708207232872501, 0.0009344719532702005, 0.0008425701007363741, 0.0007270587083118673, 0.0007206239711376901, 0.0006860369622093723, 0.0007896427859231344, 0.0008884933715443986, 0.0009079723210602836, 0.0008722139515967833, 0.0008571456114197421, 0.0007851795183609247, 0.0007742973297585983, 0.0007964279677655316, 0.00085779108374586, 0.0008939531065067279, 0.0008884820856423041, 0.0009009501988679727, 0.0009204404617166566, 0.0009179766249600341, 0.000639330191410843, 0.0006961576569729854, 0.0007381959084538947, 0.0007486319125269052, 0.0007626883902298237, 0.0007794149987076467, 0.0008062808193696361, 0.0008681528692764134, 0.0008881119210299664, 0.0009084838280035546, 0.0008870077959982481, 0.0008802477859987482, 0.0007608239053643624, 0.0008725232855010511, 0.0008842007646074569, 0.0009130814260371286, 0.0010333988014315225, 0.001084602260562627, 0.0010046107690955776, 0.0010666516949047501, 0.0009061693719147157, 0.0010317964751400423, 0.001031982256383993, 0.0010005968852297366, 0.0009146009904058304, 0.0008242668407767035, 0.0007611490663658051, 0.0007652212894796132, 0.0007320259981885435, 0.0007580370266075288, 0.0008832855056057687, 0.0008824346116319295, 0.0008049389625002899, 0.0008056418916388449, 0.0008643623547053713, 0.0008151155480873813, 0.0007471104057630865, 0.0007917563655946482, 0.0008509060585933277, 0.0008020997381821803, 0.0008911484041141998, 0.0008111556484493615, 0.0007633557000288634, 0.0007653374912468557, 0.0008079351195452796, 0.0008797104682073558, 0.000950834356406806, 0.000978427585061164, 0.0009961968308915806, 0.0008829371375849553, 0.0008480688292758847, 0.0008102632253434474, 0.0008597097939566766, 0.0008212015050090875, 0.0007835784513279413, 0.0007519509089174678, 0.0007905975309409593, 0.0007846186492434837, 0.0008472097188505683, 0.0008862857300341526, 0.000824044646591827, 0.0008782587660699474, 0.0009041850447330652, 0.000884102647413339, 0.0008586891629615239, 0.0008316394771717611, 0.0008206810984908252, 0.0007783745993876159, 0.0008324333848751922, 0.000862221571032771, 0.0007889538999658336, 0.0008116116755135036, 0.001042425521859485, 0.0010932175360149508, 0.0010658884488536813, 0.001025110501383439, 0.0009427138840138636, 0.0009043778134646302, 0.0009230462414810861, 0.0010202864334278522, 0.0008259810356416723, 0.0008038382277096095, 0.0007962969930210089, 0.0007988263437712378, 0.0008138496076708267, 0.0007367059729551145, 0.0008259265948019585, 0.0008941632559908472, 0.0008784278470042667, 0.0008385028708464012, 0.0008660326585660395, 0.0009407304580123028, 0.0009912795913027763, 0.0009679752866884438, 0.0009880001264419912, 0.001012416325426534, 0.0008092456101400682, 0.0006964251314352191, 0.0007278124522420379, 0.0007050237614924858, 0.001428958671400604, 0.0013878468346719696, 0.0013058908850050804, 0.0011334422088786497, 0.0009693552781999894, 0.0008210751077803513, 0.0007012327769963093, 0.0006322747548614548, 0.0006634490019725701, 0.0006569289026770012, 0.0006730713435992423, 0.0006731399228795059, 0.0006856156937032784, 0.0006576011222740651, 0.0006473907231678624, 0.0006738141937792015, 0.0007133832229996893, 0.000707717173563935, 0.0007264367210473163, 0.0007216629438534091, 0.0009814933739579073, 0.0009056179905519824, 0.0008601405672246106, 0.0008498487627777533, 0.0007421433400780435, 0.0006964974216517046, 0.0007332728712285864, 0.0007890309466971277, 0.0008236879538771323, 0.0008678291131534939, 0.0009182010698303218, 0.0008612328646557758, 0.0008388631256388697, 0.000946474237110492, 0.0009374790995426874, 0.0008231895643453958, 0.0008729150111885527, 0.0008675809694128694, 0.0007531980785795487, 0.0007201109006082797, 0.0014637658465109496, 0.001268156014153074, 0.0011291446717415876, 0.0009674781055860926, 0.000763280253338201, 0.000740592010619004, 0.0007507298258482421, 0.0008048926777516481, 0.0008452979943890296, 0.0007635375806125269, 0.0007533933546916141, 0.0007798825994053935, 0.0007551209286535754, 0.0006956528999501009, 0.0006721581266855784, 0.0006973559205373, 0.0008070488528022624, 0.0010304353576294138, 0.0011718438464027824, 0.0013302234559251424, 0.0006110941917341357, 0.0006556218645918045, 0.0007172002702734508, 0.0006867817412126385, 0.0006993636454245628, 0.0007066031467719606, 0.0006935401737240954, 0.0006277598062425543, 0.0006298096625128435, 0.0006901963080026051, 0.000872045891157982, 0.0009362729831809039, 0.0011171395737154064, 0.001387896248641947, 0.0013720198601295563, 0.0012451716668887471, 0.0012427791471386674, 0.001121975423118095, 0.000895925722339404, 0.0009032037092685969, 0.0007419217864342403, 0.0007882336346408845, 0.0009123940544355559, 0.0009833270872737878, 0.0009332596561869438, 0.0009051968769278374, 0.0008789061103841384, 0.0008681049345974284, 0.0010075687652317032, 0.001013258366838215, 0.0010643443493884171, 0.001087716017295064, 0.0009681562241023985, 0.0007942398490952989, 0.0007680478177757915, 0.0006865197851170148, 0.0006499794225559676, 0.0006481376782000904, 0.0006296156764067799, 0.0006400297734881635]","{'complete inhibition': 0, 'adapting inhibition': 1, 'partial inhibition': 2, 'no effect': 3, 'excitation': 4, 'biphasic IE': 5, 'biphasic EI': 6}",37.6,0.6841143468466402,0.046767948017674005,0.06841250000000158,0.9686724999999996,3.9,0.34789437925043576,0.1621531874999993,0.32267749999999396,0.7519599999999962,True,0.4,[1. 1. 1. 1. 1. 1. 1. 1. 1. 1. 1. 1. 1. 1. 1. 1. 1. 1. 1. 1.],3.0960289425326315,0.9619250159913469,0.3236578260869565,55.83528058429539,2.0357766818511953,0.01789806312769007,,,complete inhibition,0
191,AG8020,1,062822,1.4,2,Naive,141,7,right,/Users/johnparker/paper_repos/Aristieta_Parker_Gao_Gittis_Rubin_2024_D1_GPe/data/d1_msns/pre_processed_data/Naive_D1-MSNs_cell_body_stim/Neuron_0141,/Users/johnparker/paper_repos/Aristieta_Parker_Gao_Gittis_Rubin_2024_D1_GPe/data/d1_msns/pre_processed_data/Naive_D1-MSNs_cell_body_stim,Naive_D1-MSNs_cell_body_stim,True,25,250,0.025,/Users/johnparker/paper_repos/Aristieta_Parker_Gao_Gittis_Rubin_2024_D1_GPe/data/d1_msns/processed_data/Naive_D1-MSNs_cell_body_stim/Neuron_0141,10,0.05,"['no effect', 'no effect', 'excitation', 'excitation', 'excitation', 'partial inhibition', 'excitation', 'excitation', 'excitation', 'biphasic IE']",[3 3 4 4 4 2 4 4 4 5],1.0,1.0,1.0,0.0,99,90,3,3,2,2,"[5.03963730e-08 3.58796022e-06 3.60060919e-06 ... 2.33456325e+00
 2.51766553e+00 2.54286849e+00]",[0.00135104 0.00136451 0.00143785 ... 0.01418744 0.01447698 0.01447698],"{'complete inhibition': 0, 'adapting inhibition': 1, 'partial inhibition': 2, 'no effect': 3, 'excitation': 4, 'biphasic IE': 5, 'biphasic EI': 6}",21.4,0.5392825734744227,0.04805688981408507,0.017097499999993458,0.9775699999999844,25.4,0.5814917863568134,0.03883043145796085,0.04378750000000124,0.9584874999999862,True,3.7,"[0.3 0.3 0.  0.  0.  0.2 0.  0.2 0.4 0.2 0.2 0.4 0.8 0.4 0.2 0.3 0.3 0.7
 0.7 0.2]",22.846890390739674,0.5790442369654891,0.04377949678800856,19.04993927730006,0.8345452265249121,0.04925941780821915,1.523315580578027,0.004167735616474066,excitation,4
192,AG7499,1,011322,1.4,3,Naive,101,4,right,/Users/johnparker/paper_repos/Aristieta_Parker_Gao_Gittis_Rubin_2024_D1_GPe/data/d1_msns/pre_processed_data/Naive_D1-MSNs_cell_body_stim/Neuron_0101,/Users/johnparker/paper_repos/Aristieta_Parker_Gao_Gittis_Rubin_2024_D1_GPe/data/d1_msns/pre_processed_data/Naive_D1-MSNs_cell_body_stim,Naive_D1-MSNs_cell_body_stim,True,25,250,0.025,/Users/johnparker/paper_repos/Aristieta_Parker_Gao_Gittis_Rubin_2024_D1_GPe/data/d1_msns/processed_data/Naive_D1-MSNs_cell_body_stim/Neuron_0101,10,0.05,"['biphasic IE', 'biphasic IE', 'biphasic IE', 'biphasic IE', 'biphasic IE', 'biphasic IE', 'excitation', 'excitation', 'excitation', 'excitation']",[5 5 5 5 5 5 4 4 4 4],1.0,1.0,1.0,0.0,99,90,3,3,2,2,"[1.33545321e-13 5.53296057e-08 3.06860907e-05 ... 5.97363549e+00
 6.04231575e+00 6.07828799e+00]",[0.00065352 0.0006594  0.00067505 ... 0.00718944 0.00723503 0.00797187],"{'complete inhibition': 0, 'adapting inhibition': 1, 'partial inhibition': 2, 'no effect': 3, 'excitation': 4, 'biphasic IE': 5, 'biphasic EI': 6}",41.5,0.4800213677616155,0.027395727498623824,0.011090000000003642,0.9744075000000052,97.6,1.0605971761705657,0.011203011191940048,0.02576999999999572,0.9927275000000009,True,4.6,"[0.9 0.8 0.9 1.4 1.4 1.7 1.8 2.  2.  2.  2.  2.  2.  2.  1.8 1.6 2.  2.
 1.8 1.4]",44.90617270414169,0.2746072673788364,0.022262212643678163,28.556133522095127,0.852701676390258,0.026475522598870052,2.9609682101918633,0.003016872630995006,excitation,4
193,AG8020,1,062822,1.4,2,Naive,139,4,right,/Users/johnparker/paper_repos/Aristieta_Parker_Gao_Gittis_Rubin_2024_D1_GPe/data/d1_msns/pre_processed_data/Naive_D1-MSNs_cell_body_stim/Neuron_0139,/Users/johnparker/paper_repos/Aristieta_Parker_Gao_Gittis_Rubin_2024_D1_GPe/data/d1_msns/pre_processed_data/Naive_D1-MSNs_cell_body_stim,Naive_D1-MSNs_cell_body_stim,True,25,250,0.025,/Users/johnparker/paper_repos/Aristieta_Parker_Gao_Gittis_Rubin_2024_D1_GPe/data/d1_msns/processed_data/Naive_D1-MSNs_cell_body_stim/Neuron_0139,10,0.05,"['partial inhibition', 'excitation', 'excitation', 'excitation', 'excitation', 'excitation', 'partial inhibition', 'excitation', 'biphasic EI', 'excitation']",[2 4 4 4 4 4 2 4 6 4],1.0,1.0,1.0,0.0,99,90,3,3,2,2,"[1.06546050e-04 3.77642913e-02 4.54813043e-02 ... 4.57172907e+00
 4.80220100e+00 4.81523896e+00]",[0.00061781 0.000629   0.00064254 ... 0.00437159 0.00440887 0.00458725],"{'complete inhibition': 0, 'adapting inhibition': 1, 'partial inhibition': 2, 'no effect': 3, 'excitation': 4, 'biphasic IE': 5, 'biphasic EI': 6}",33.6,0.6037967802408492,0.032265557645562104,0.028777499999996792,0.9900824999999948,49.0,0.9193478343499587,0.0296453028254837,0.02841749999999408,0.9394449999999956,True,3.8,"[0.4 0.3 0.3 0.7 1.5 1.5 1.3 1.2 1.2 1.4 1.4 1.2 1.5 1.5 1.1 0.9 0.9 1.1
 0.7 1.1]",34.84023956464901,0.6781492844870948,0.0287064318975553,35.14425561669656,0.9549488128907525,0.028310199076745562,2.7838264441496263,0.0027789150209077103,biphasic EI,6
194,AG7499,1,011322,1.4,6,Naive,106,15,left,/Users/johnparker/paper_repos/Aristieta_Parker_Gao_Gittis_Rubin_2024_D1_GPe/data/d1_msns/pre_processed_data/Naive_D1-MSNs_cell_body_stim/Neuron_0106,/Users/johnparker/paper_repos/Aristieta_Parker_Gao_Gittis_Rubin_2024_D1_GPe/data/d1_msns/pre_processed_data/Naive_D1-MSNs_cell_body_stim,Naive_D1-MSNs_cell_body_stim,True,25,250,0.025,/Users/johnparker/paper_repos/Aristieta_Parker_Gao_Gittis_Rubin_2024_D1_GPe/data/d1_msns/processed_data/Naive_D1-MSNs_cell_body_stim/Neuron_0106,10,0.05,"['complete inhibition', 'complete inhibition', 'complete inhibition', 'complete inhibition', 'complete inhibition', 'complete inhibition', 'complete inhibition', 'complete inhibition', 'complete inhibition', 'complete inhibition']",[0 0 0 0 0 0 0 0 0 0],1.0,1.0,1.0,0.0,99,90,3,3,2,2,[],[],"{'complete inhibition': 0, 'adapting inhibition': 1, 'partial inhibition': 2, 'no effect': 3, 'excitation': 4, 'biphasic IE': 5, 'biphasic EI': 6}",16.4,1.3828765178792914,0.057422574038025496,0.19312999999999364,0.8482199999999871,0.1,0.0,0.0,0.9000325000000003,0.9000325000000003,True,0.0,[1. 1. 1. 1. 1. 1. 1. 1. 1. 1. 1. 1. 1. 1. 1. 1. 1. 1. 1. 1.],21.591248347336546,1.8757235865895772,0.04615593325092706,23.377191111869323,1.3862672649257788,0.032379452054794575,,,complete inhibition,0
195,AG8020,1,062822,1.4,1,Naive,130,12,right,/Users/johnparker/paper_repos/Aristieta_Parker_Gao_Gittis_Rubin_2024_D1_GPe/data/d1_msns/pre_processed_data/Naive_D1-MSNs_cell_body_stim/Neuron_0130,/Users/johnparker/paper_repos/Aristieta_Parker_Gao_Gittis_Rubin_2024_D1_GPe/data/d1_msns/pre_processed_data/Naive_D1-MSNs_cell_body_stim,Naive_D1-MSNs_cell_body_stim,True,25,250,0.025,/Users/johnparker/paper_repos/Aristieta_Parker_Gao_Gittis_Rubin_2024_D1_GPe/data/d1_msns/processed_data/Naive_D1-MSNs_cell_body_stim/Neuron_0130,9,0.05,"['complete inhibition', 'complete inhibition', 'complete inhibition', 'complete inhibition', 'complete inhibition', 'complete inhibition', 'complete inhibition', 'complete inhibition', 'complete inhibition']",[0 0 0 0 0 0 0 0 0],1.0,1.0,1.0,0.0,99,90,3,3,2,2,[],[],"{'complete inhibition': 0, 'adapting inhibition': 1, 'partial inhibition': 2, 'no effect': 3, 'excitation': 4, 'biphasic IE': 5, 'biphasic EI': 6}",13.88888888888889,0.43973280971472894,0.08073346930733577,0.028311111111113025,0.959405555555558,1.3333333333333333,0.03335405013464093,0.052056944444436856,0.28416666666666873,0.342927777777771,True,0.0,[1. 1. 1. 1. 1. 1. 1. 1. 1. 1. 1. 1. 1. 1. 1. 1. 1. 1. 1. 1.],16.376428587512564,0.48671158724285846,0.061007071339173956,13.142083941478832,1.1634350108131788,0.07013650546021856,,,complete inhibition,0
196,AG7499,1,011322,1.4,6,Naive,108,4,left,/Users/johnparker/paper_repos/Aristieta_Parker_Gao_Gittis_Rubin_2024_D1_GPe/data/d1_msns/pre_processed_data/Naive_D1-MSNs_cell_body_stim/Neuron_0108,/Users/johnparker/paper_repos/Aristieta_Parker_Gao_Gittis_Rubin_2024_D1_GPe/data/d1_msns/pre_processed_data/Naive_D1-MSNs_cell_body_stim,Naive_D1-MSNs_cell_body_stim,True,25,250,0.025,/Users/johnparker/paper_repos/Aristieta_Parker_Gao_Gittis_Rubin_2024_D1_GPe/data/d1_msns/processed_data/Naive_D1-MSNs_cell_body_stim/Neuron_0108,10,0.05,"['complete inhibition', 'complete inhibition', 'complete inhibition', 'complete inhibition', 'complete inhibition', 'complete inhibition', 'complete inhibition', 'complete inhibition', 'complete inhibition', 'complete inhibition']",[0 0 0 0 0 0 0 0 0 0],1.0,1.0,1.0,0.0,99,90,3,3,2,2,[],[],"{'complete inhibition': 0, 'adapting inhibition': 1, 'partial inhibition': 2, 'no effect': 3, 'excitation': 4, 'biphasic IE': 5, 'biphasic EI': 6}",6.6,0.7011294889464468,0.15499186904761933,0.09425500000000894,0.8761075000000126,0.0,0.0,0.0,1.0,1.0,True,0.0,[1. 1. 1. 1. 1. 1. 1. 1. 1. 1. 1. 1. 1. 1. 1. 1. 1. 1. 1. 1.],9.894836390366988,0.8624638956390847,0.10114184782608697,3.9480232008309017,1.039954983304608,0.16454663865546224,,,complete inhibition,0
197,AG8020,1,062822,1.1,7,Naive,137,8,left,/Users/johnparker/paper_repos/Aristieta_Parker_Gao_Gittis_Rubin_2024_D1_GPe/data/d1_msns/pre_processed_data/Naive_D1-MSNs_cell_body_stim/Neuron_0137,/Users/johnparker/paper_repos/Aristieta_Parker_Gao_Gittis_Rubin_2024_D1_GPe/data/d1_msns/pre_processed_data/Naive_D1-MSNs_cell_body_stim,Naive_D1-MSNs_cell_body_stim,True,25,250,0.025,/Users/johnparker/paper_repos/Aristieta_Parker_Gao_Gittis_Rubin_2024_D1_GPe/data/d1_msns/processed_data/Naive_D1-MSNs_cell_body_stim/Neuron_0137,10,0.05,"['complete inhibition', 'complete inhibition', 'complete inhibition', 'complete inhibition', 'complete inhibition', 'complete inhibition', 'complete inhibition', 'complete inhibition', 'complete inhibition', 'complete inhibition']",[0 0 0 0 0 0 0 0 0 0],1.0,1.0,1.0,0.0,99,90,3,3,2,2,[],[],"{'complete inhibition': 0, 'adapting inhibition': 1, 'partial inhibition': 2, 'no effect': 3, 'excitation': 4, 'biphasic IE': 5, 'biphasic EI': 6}",10.3,0.6318639948624862,0.11055974053030201,0.05160000000000338,0.9519074999999922,2.7,0.5508504769739426,0.18634666666666627,0.23127250000000074,0.6194725000000012,True,0.0,[1. 1. 1. 1. 1. 1. 1. 1. 1. 1. 1. 1. 1. 1. 1. 1. 1. 1. 1. 1.],11.736928326051057,0.9437322341265196,0.08446546793760833,7.02591211213437,1.3018030774651725,0.14213355072463763,,,complete inhibition,0
198,AG7499,1,011322,1.4,6,Naive,109,7cell2,left,/Users/johnparker/paper_repos/Aristieta_Parker_Gao_Gittis_Rubin_2024_D1_GPe/data/d1_msns/pre_processed_data/Naive_D1-MSNs_cell_body_stim/Neuron_0109,/Users/johnparker/paper_repos/Aristieta_Parker_Gao_Gittis_Rubin_2024_D1_GPe/data/d1_msns/pre_processed_data/Naive_D1-MSNs_cell_body_stim,Naive_D1-MSNs_cell_body_stim,True,25,250,0.025,/Users/johnparker/paper_repos/Aristieta_Parker_Gao_Gittis_Rubin_2024_D1_GPe/data/d1_msns/processed_data/Naive_D1-MSNs_cell_body_stim/Neuron_0109,10,0.05,"['complete inhibition', 'complete inhibition', 'complete inhibition', 'complete inhibition', 'complete inhibition', 'complete inhibition', 'complete inhibition', 'complete inhibition', 'complete inhibition', 'complete inhibition']",[0 0 0 0 0 0 0 0 0 0],1.0,1.0,1.0,0.0,99,90,3,3,2,2,[],[],"{'complete inhibition': 0, 'adapting inhibition': 1, 'partial inhibition': 2, 'no effect': 3, 'excitation': 4, 'biphasic IE': 5, 'biphasic EI': 6}",30.1,0.4142658264775657,0.03498998849156028,0.018462500000007508,0.9833650000000091,0.2,0.0,0.0,0.8006175000000042,0.8006175000000042,True,0.0,[1. 1. 1. 1. 1. 1. 1. 1. 1. 1. 1. 1. 1. 1. 1. 1. 1. 1. 1. 1.],21.557197812068313,0.6567242699984318,0.04636700536809816,20.6651758336379,0.6868287503626487,0.031489440000000014,,,complete inhibition,0
199,AG8020,1,062822,1.1,7,Naive,136,7,left,/Users/johnparker/paper_repos/Aristieta_Parker_Gao_Gittis_Rubin_2024_D1_GPe/data/d1_msns/pre_processed_data/Naive_D1-MSNs_cell_body_stim/Neuron_0136,/Users/johnparker/paper_repos/Aristieta_Parker_Gao_Gittis_Rubin_2024_D1_GPe/data/d1_msns/pre_processed_data/Naive_D1-MSNs_cell_body_stim,Naive_D1-MSNs_cell_body_stim,True,25,250,0.025,/Users/johnparker/paper_repos/Aristieta_Parker_Gao_Gittis_Rubin_2024_D1_GPe/data/d1_msns/processed_data/Naive_D1-MSNs_cell_body_stim/Neuron_0136,10,0.05,"['complete inhibition', 'complete inhibition', 'complete inhibition', 'complete inhibition', 'complete inhibition', 'complete inhibition', 'complete inhibition', 'complete inhibition', 'complete inhibition', 'complete inhibition']",[0 0 0 0 0 0 0 0 0 0],1.0,1.0,1.0,0.0,99,90,3,3,2,2,[],[],"{'complete inhibition': 0, 'adapting inhibition': 1, 'partial inhibition': 2, 'no effect': 3, 'excitation': 4, 'biphasic IE': 5, 'biphasic EI': 6}",6.6,0.4448501287078825,0.1723695256410218,0.22063750000000368,0.9302549999999912,0.3,0.0,0.0018474999999966712,0.8959075000000034,0.8977550000000001,True,0.0,[1. 1. 1. 1. 1. 1. 1. 1. 1. 1. 1. 1. 1. 1. 1. 1. 1. 1. 1. 1.],11.594785595458744,0.8381719913083477,0.08585184210526317,4.6500979008056955,1.6473779167865716,0.1921680921052634,,,complete inhibition,0
200,AG8020,1,062822,1.4,1,Naive,131,15,right,/Users/johnparker/paper_repos/Aristieta_Parker_Gao_Gittis_Rubin_2024_D1_GPe/data/d1_msns/pre_processed_data/Naive_D1-MSNs_cell_body_stim/Neuron_0131,/Users/johnparker/paper_repos/Aristieta_Parker_Gao_Gittis_Rubin_2024_D1_GPe/data/d1_msns/pre_processed_data/Naive_D1-MSNs_cell_body_stim,Naive_D1-MSNs_cell_body_stim,True,25,250,0.025,/Users/johnparker/paper_repos/Aristieta_Parker_Gao_Gittis_Rubin_2024_D1_GPe/data/d1_msns/processed_data/Naive_D1-MSNs_cell_body_stim/Neuron_0131,10,0.05,"['complete inhibition', 'complete inhibition', 'complete inhibition', 'complete inhibition', 'complete inhibition', 'complete inhibition', 'complete inhibition', 'complete inhibition', 'complete inhibition', 'complete inhibition']",[0 0 0 0 0 0 0 0 0 0],1.0,1.0,1.0,0.0,99,90,3,3,2,2,[],[],"{'complete inhibition': 0, 'adapting inhibition': 1, 'partial inhibition': 2, 'no effect': 3, 'excitation': 4, 'biphasic IE': 5, 'biphasic EI': 6}",7.8,0.4392293220578968,0.13189097023809576,0.07023250000000374,0.9136175000000065,0.1,0.0,0.0,0.9003250000000008,0.9003250000000008,True,0.0,[1. 1. 1. 1. 1. 1. 1. 1. 1. 1. 1. 1. 1. 1. 1. 1. 1. 1. 1. 1.],8.166891136773934,0.8776657722690788,0.1226018216080402,8.842348298462005,0.8323530819337682,0.10130034802784242,,,complete inhibition,0
201,AG8020,1,062822,1.4,2,Naive,138,1,right,/Users/johnparker/paper_repos/Aristieta_Parker_Gao_Gittis_Rubin_2024_D1_GPe/data/d1_msns/pre_processed_data/Naive_D1-MSNs_cell_body_stim/Neuron_0138,/Users/johnparker/paper_repos/Aristieta_Parker_Gao_Gittis_Rubin_2024_D1_GPe/data/d1_msns/pre_processed_data/Naive_D1-MSNs_cell_body_stim,Naive_D1-MSNs_cell_body_stim,True,25,250,0.025,/Users/johnparker/paper_repos/Aristieta_Parker_Gao_Gittis_Rubin_2024_D1_GPe/data/d1_msns/processed_data/Naive_D1-MSNs_cell_body_stim/Neuron_0138,10,0.05,"['adapting inhibition', 'excitation', 'excitation', 'adapting inhibition', 'adapting inhibition', 'partial inhibition', 'adapting inhibition', 'partial inhibition', 'partial inhibition', 'partial inhibition']",[1 4 4 1 1 2 1 2 2 2],1.0,1.0,1.0,0.0,99,90,3,3,2,2,"[6.19614621e-09 6.68448299e-09 1.56271692e-08 ... 4.24224786e+00
 4.35361662e+00 4.49392142e+00]",[0.00075745 0.00077745 0.0007802  ... 0.01590461 0.01590483 0.01591171],"{'complete inhibition': 0, 'adapting inhibition': 1, 'partial inhibition': 2, 'no effect': 3, 'excitation': 4, 'biphasic IE': 5, 'biphasic EI': 6}",34.5,0.6717486155419305,0.03590463055439724,0.011262499999984498,0.9790849999999971,31.0,0.7939717049288341,0.037013896124108256,0.06043749999999406,0.9565649999999927,True,2.0,"[0.9 0.4 0.5 0.3 0.2 0.2 0.  0.1 0.6 0.7 0.5 0.6 0.3 0.2 0.3 0.3 0.5 0.3
 0.3 0.3]",38.00210298944716,0.7459398216870914,0.026304311454311457,20.907675015206138,1.2908808833119145,0.044914606084243344,2.740253751949566,0.004231303912717154,no effect,3
202,AG7499,1,011322,1.4,6,Naive,107,16,left,/Users/johnparker/paper_repos/Aristieta_Parker_Gao_Gittis_Rubin_2024_D1_GPe/data/d1_msns/pre_processed_data/Naive_D1-MSNs_cell_body_stim/Neuron_0107,/Users/johnparker/paper_repos/Aristieta_Parker_Gao_Gittis_Rubin_2024_D1_GPe/data/d1_msns/pre_processed_data/Naive_D1-MSNs_cell_body_stim,Naive_D1-MSNs_cell_body_stim,True,25,250,0.025,/Users/johnparker/paper_repos/Aristieta_Parker_Gao_Gittis_Rubin_2024_D1_GPe/data/d1_msns/processed_data/Naive_D1-MSNs_cell_body_stim/Neuron_0107,10,0.05,"['partial inhibition', 'adapting inhibition', 'biphasic EI', 'excitation', 'biphasic IE', 'biphasic IE', 'partial inhibition', 'adapting inhibition', 'excitation', 'complete inhibition']",[2 1 6 4 5 5 2 1 4 0],1.0,1.0,1.0,0.0,99,90,3,3,2,2,[0.         0.         0.         ... 2.78152999 2.78345263 2.79954148],[0.         0.         0.         ... 0.02222222 0.02222222 0.02222222],"{'complete inhibition': 0, 'adapting inhibition': 1, 'partial inhibition': 2, 'no effect': 3, 'excitation': 4, 'biphasic IE': 5, 'biphasic EI': 6}",7.9,0.6863459305982891,0.10276648417920031,0.21297000000000138,0.9008900000000104,13.4,0.8414800240108266,0.07833208810062456,0.1149225000000115,0.9430225000000092,True,3.0,"[1.2 1.1 1.8 0.9 1.1 1.1 1.1 0.9 0.7 0.7 0.5 0.9 0.9 0.5 0.8 0.6 0.8 0.6
 0.7 1.1]",16.15550916490637,0.8094775086127306,0.06186650460593653,6.161559221380445,0.9968012943048085,0.12946545698924736,0.9580485066204847,0.01259442901416826,excitation,4
203,AG7499,1,011322,1.4,3,Naive,100,3,right,/Users/johnparker/paper_repos/Aristieta_Parker_Gao_Gittis_Rubin_2024_D1_GPe/data/d1_msns/pre_processed_data/Naive_D1-MSNs_cell_body_stim/Neuron_0100,/Users/johnparker/paper_repos/Aristieta_Parker_Gao_Gittis_Rubin_2024_D1_GPe/data/d1_msns/pre_processed_data/Naive_D1-MSNs_cell_body_stim,Naive_D1-MSNs_cell_body_stim,True,25,250,0.025,/Users/johnparker/paper_repos/Aristieta_Parker_Gao_Gittis_Rubin_2024_D1_GPe/data/d1_msns/processed_data/Naive_D1-MSNs_cell_body_stim/Neuron_0100,10,0.05,"['biphasic IE', 'no effect', 'adapting inhibition', 'no effect', 'no effect', 'adapting inhibition', 'adapting inhibition', 'no effect', 'excitation', 'adapting inhibition']",[5 3 1 3 3 1 1 3 4 1],1.0,1.0,1.0,0.0,99,90,3,3,2,2,"[4.50509274e-12 4.12129448e-09 2.00665456e-08 ... 2.79181325e+00
 2.94556930e+00 3.11371236e+00]",[0.00115449 0.00122336 0.00123838 ... 0.0098356  0.01082267 0.0110321 ],"{'complete inhibition': 0, 'adapting inhibition': 1, 'partial inhibition': 2, 'no effect': 3, 'excitation': 4, 'biphasic IE': 5, 'biphasic EI': 6}",24.5,0.6253564563587377,0.04027876334666573,0.03903999999999854,0.9626675000000013,24.2,0.7811449814630446,0.040208450257713316,0.058060000000003956,0.981937500000005,True,2.5,"[0.7 0.5 0.3 0.2 0.2 0.2 0.1 0.1 0.  0.8 0.4 0.4 0.2 0.4 0.  0.2 0.2 0.2
 0.4 0.1]",23.05317359373077,0.7514569255875325,0.04335242204899777,25.97649037869774,0.6569173381661837,0.03847714920948616,1.8969737581530988,0.003996885562640515,adapting inhibition,1
204,AG7960,1,062122,1.7,5,Naive,72,16,left,/Users/johnparker/paper_repos/Aristieta_Parker_Gao_Gittis_Rubin_2024_D1_GPe/data/d1_msns/pre_processed_data/Naive_D1-MSNs_cell_body_stim/Neuron_0072,/Users/johnparker/paper_repos/Aristieta_Parker_Gao_Gittis_Rubin_2024_D1_GPe/data/d1_msns/pre_processed_data/Naive_D1-MSNs_cell_body_stim,Naive_D1-MSNs_cell_body_stim,True,25,250,0.025,/Users/johnparker/paper_repos/Aristieta_Parker_Gao_Gittis_Rubin_2024_D1_GPe/data/d1_msns/processed_data/Naive_D1-MSNs_cell_body_stim/Neuron_0072,10,0.05,"['complete inhibition', 'biphasic EI', 'partial inhibition', 'partial inhibition', 'complete inhibition', 'complete inhibition', 'adapting inhibition', 'biphasic EI', 'adapting inhibition', 'no effect']",[0 6 2 2 0 0 1 6 1 3],1.0,1.0,1.0,0.0,99,90,3,3,2,2,"[2.23726516e-46 2.23726607e-46 8.56906683e-35 ... 2.27214360e+00
 2.39797673e+00 2.47240472e+00]",[0.00171729 0.00174085 0.00180825 ... 0.01793669 0.01793669 0.01793669],"{'complete inhibition': 0, 'adapting inhibition': 1, 'partial inhibition': 2, 'no effect': 3, 'excitation': 4, 'biphasic IE': 5, 'biphasic EI': 6}",13.6,0.7368460449023361,0.07708097165389488,0.047254999999995564,0.9040775000000011,6.9,0.8916089773409324,0.1322249533730189,0.07883249999999649,0.7821525000000072,True,2.1,"[1.  0.8 0.5 0.5 0.4 0.6 0.5 0.5 0.6 0.6 0.6 0.6 0.6 0.7 0.7 0.7 0.7 0.6
 0.6 0.7]",9.289850990586386,0.928919128178955,0.10773703296703296,14.790420656065168,1.0679493814346213,0.06742289655172405,1.2750629001474838,0.011290827860321064,partial inhibition,2
205,AG8019,7,061422,1.1,3,Naive,86,4,right,/Users/johnparker/paper_repos/Aristieta_Parker_Gao_Gittis_Rubin_2024_D1_GPe/data/d1_msns/pre_processed_data/Naive_D1-MSNs_cell_body_stim/Neuron_0086,/Users/johnparker/paper_repos/Aristieta_Parker_Gao_Gittis_Rubin_2024_D1_GPe/data/d1_msns/pre_processed_data/Naive_D1-MSNs_cell_body_stim,Naive_D1-MSNs_cell_body_stim,True,25,250,0.025,/Users/johnparker/paper_repos/Aristieta_Parker_Gao_Gittis_Rubin_2024_D1_GPe/data/d1_msns/processed_data/Naive_D1-MSNs_cell_body_stim/Neuron_0086,10,0.05,"['complete inhibition', 'complete inhibition', 'complete inhibition', 'complete inhibition', 'complete inhibition', 'complete inhibition', 'complete inhibition', 'complete inhibition', 'complete inhibition', 'complete inhibition']",[0 0 0 0 0 0 0 0 0 0],1.0,1.0,1.0,0.0,99,90,3,3,2,2,[],[],"{'complete inhibition': 0, 'adapting inhibition': 1, 'partial inhibition': 2, 'no effect': 3, 'excitation': 4, 'biphasic IE': 5, 'biphasic EI': 6}",2.0,0.21317318485700118,0.04212361111111144,0.5933274999999931,0.7643999999999934,0.0,0.0,0.0,1.0,1.0,True,0.0,[1. 1. 1. 1. 1. 1. 1. 1. 1. 1. 1. 1. 1. 1. 1. 1. 1. 1. 1. 1.],10.640474313356892,6.833440917546583,0.09413231357552582,3.5535935206821683,3.066321812815749,0.2209392241379313,,,no effect,3
206,AG8019,7,061422,1.7,2,Naive,81,9,right,/Users/johnparker/paper_repos/Aristieta_Parker_Gao_Gittis_Rubin_2024_D1_GPe/data/d1_msns/pre_processed_data/Naive_D1-MSNs_cell_body_stim/Neuron_0081,/Users/johnparker/paper_repos/Aristieta_Parker_Gao_Gittis_Rubin_2024_D1_GPe/data/d1_msns/pre_processed_data/Naive_D1-MSNs_cell_body_stim,Naive_D1-MSNs_cell_body_stim,True,25,250,0.025,/Users/johnparker/paper_repos/Aristieta_Parker_Gao_Gittis_Rubin_2024_D1_GPe/data/d1_msns/processed_data/Naive_D1-MSNs_cell_body_stim/Neuron_0081,10,0.05,"['complete inhibition', 'complete inhibition', 'complete inhibition', 'complete inhibition', 'complete inhibition', 'complete inhibition', 'complete inhibition', 'complete inhibition', 'complete inhibition', 'complete inhibition']",[0 0 0 0 0 0 0 0 0 0],1.0,1.0,1.0,0.0,99,90,3,3,2,2,[],[],"{'complete inhibition': 0, 'adapting inhibition': 1, 'partial inhibition': 2, 'no effect': 3, 'excitation': 4, 'biphasic IE': 5, 'biphasic EI': 6}",24.1,0.45922931946114287,0.04181153671769012,0.020419999999995043,0.9740425000000045,0.4,0.0,0.0,0.6015124999999948,0.6015124999999948,True,0.0,[1. 1. 1. 1. 1. 1. 1. 1. 1. 1. 1. 1. 1. 1. 1. 1. 1. 1. 1. 1.],25.05795414618123,0.5005016862331211,0.0398946791226645,17.898538675843735,0.5896134964370394,0.045483333333333396,,,complete inhibition,0
207,AG8019,7,061422,1.4,1,Naive,75,15,right,/Users/johnparker/paper_repos/Aristieta_Parker_Gao_Gittis_Rubin_2024_D1_GPe/data/d1_msns/pre_processed_data/Naive_D1-MSNs_cell_body_stim/Neuron_0075,/Users/johnparker/paper_repos/Aristieta_Parker_Gao_Gittis_Rubin_2024_D1_GPe/data/d1_msns/pre_processed_data/Naive_D1-MSNs_cell_body_stim,Naive_D1-MSNs_cell_body_stim,True,25,250,0.025,/Users/johnparker/paper_repos/Aristieta_Parker_Gao_Gittis_Rubin_2024_D1_GPe/data/d1_msns/processed_data/Naive_D1-MSNs_cell_body_stim/Neuron_0075,10,0.05,"['complete inhibition', 'complete inhibition', 'complete inhibition', 'complete inhibition', 'complete inhibition', 'complete inhibition', 'complete inhibition', 'complete inhibition', 'complete inhibition', 'complete inhibition']",[0 0 0 0 0 0 0 0 0 0],1.0,1.0,1.0,0.0,99,90,3,3,2,2,[],[],"{'complete inhibition': 0, 'adapting inhibition': 1, 'partial inhibition': 2, 'no effect': 3, 'excitation': 4, 'biphasic IE': 5, 'biphasic EI': 6}",51.4,0.44599020599182626,0.01971963591258561,0.014392499999998165,0.9876724999999936,0.7,0.0,0.0,0.30202250000000247,0.30202250000000247,False,0.0,[1. 1. 1. 1. 1. 1. 1. 1. 1. 1. 1. 1. 1. 1. 1. 1. 1. 1. 1. 1.],42.7870612057711,0.5754138737737663,0.023370193042813455,47.005273582954494,0.6891270734874702,0.0169829418928323,,,complete inhibition,0
208,AG7499,2,011122,1.7,2,Naive,43,10,right,/Users/johnparker/paper_repos/Aristieta_Parker_Gao_Gittis_Rubin_2024_D1_GPe/data/d1_msns/pre_processed_data/Naive_D1-MSNs_cell_body_stim/Neuron_0043,/Users/johnparker/paper_repos/Aristieta_Parker_Gao_Gittis_Rubin_2024_D1_GPe/data/d1_msns/pre_processed_data/Naive_D1-MSNs_cell_body_stim,Naive_D1-MSNs_cell_body_stim,True,25,250,0.025,/Users/johnparker/paper_repos/Aristieta_Parker_Gao_Gittis_Rubin_2024_D1_GPe/data/d1_msns/processed_data/Naive_D1-MSNs_cell_body_stim/Neuron_0043,10,0.05,"['adapting inhibition', 'adapting inhibition', 'no effect', 'adapting inhibition', 'adapting inhibition', 'adapting inhibition', 'partial inhibition', 'adapting inhibition', 'partial inhibition', 'partial inhibition']",[1 1 3 1 1 1 2 1 2 2],1.0,1.0,1.0,0.0,99,90,3,3,2,2,"[1.12064034e-18 7.84482684e-12 1.10369257e-06 ... 3.53555467e+00
 3.61227707e+00 3.67657659e+00]",[0.00087408 0.00093389 0.00094189 ... 0.01167466 0.01196818 0.01251086],"{'complete inhibition': 0, 'adapting inhibition': 1, 'partial inhibition': 2, 'no effect': 3, 'excitation': 4, 'biphasic IE': 5, 'biphasic EI': 6}",24.3,0.6822054238384322,0.04342125177039678,0.04362499999999159,0.9732674999999986,12.1,0.7766147024288687,0.0828538283428174,0.08631999999999707,0.927057499999998,True,1.5,"[0.8 0.7 0.4 0.5 0.5 0.6 0.6 0.6 0.6 0.5 0.5 0.5 0.5 0.5 0.6 0.6 0.4 0.4
 0.3 0.6]",31.31770508008033,0.7807318339085232,0.03189351615646259,22.457215877304844,0.984748534849079,0.044441933570581224,2.0469545433302656,0.00420608990206162,partial inhibition,2
209,AG8019,7,061422,1.1,3,Naive,88,6,right,/Users/johnparker/paper_repos/Aristieta_Parker_Gao_Gittis_Rubin_2024_D1_GPe/data/d1_msns/pre_processed_data/Naive_D1-MSNs_cell_body_stim/Neuron_0088,/Users/johnparker/paper_repos/Aristieta_Parker_Gao_Gittis_Rubin_2024_D1_GPe/data/d1_msns/pre_processed_data/Naive_D1-MSNs_cell_body_stim,Naive_D1-MSNs_cell_body_stim,True,25,250,0.025,/Users/johnparker/paper_repos/Aristieta_Parker_Gao_Gittis_Rubin_2024_D1_GPe/data/d1_msns/processed_data/Naive_D1-MSNs_cell_body_stim/Neuron_0088,10,0.05,"['biphasic EI', 'no effect', 'biphasic IE', 'biphasic IE', 'no effect', 'excitation', 'biphasic IE', 'biphasic EI', 'partial inhibition', 'biphasic IE']",[6 3 5 5 3 4 5 6 2 5],1.0,1.0,1.0,0.0,99,90,3,3,2,2,"[6.28070394e-13 6.28071179e-13 8.12533368e-11 ... 6.34581096e+00
 6.62184267e+00 6.71887963e+00]",[0.0004902  0.00052068 0.00052329 ... 0.00939651 0.0102954  0.01042815],"{'complete inhibition': 0, 'adapting inhibition': 1, 'partial inhibition': 2, 'no effect': 3, 'excitation': 4, 'biphasic IE': 5, 'biphasic EI': 6}",52.5,0.5805562735979934,0.027034091053288405,0.01423499999999862,0.9834924999999928,79.1,0.9459454975677092,0.012693033527925099,0.05058249999998878,0.9490150000000057,True,4.4,"[0.6 0.5 0.7 1.2 0.8 0.9 1.2 1.4 1.  1.  1.2 1.4 1.4 1.4 1.6 1.2 1.2 1.2
 1.2 1.1]",41.343522332050824,0.8533421713904921,0.024174115479115483,59.680064898770816,0.4756144116134955,0.016760508849557536,4.303539988067331,0.0034559986404712334,excitation,4
210,AG7499,2,011122,1.7,2,Naive,44,16,right,/Users/johnparker/paper_repos/Aristieta_Parker_Gao_Gittis_Rubin_2024_D1_GPe/data/d1_msns/pre_processed_data/Naive_D1-MSNs_cell_body_stim/Neuron_0044,/Users/johnparker/paper_repos/Aristieta_Parker_Gao_Gittis_Rubin_2024_D1_GPe/data/d1_msns/pre_processed_data/Naive_D1-MSNs_cell_body_stim,Naive_D1-MSNs_cell_body_stim,True,25,250,0.025,/Users/johnparker/paper_repos/Aristieta_Parker_Gao_Gittis_Rubin_2024_D1_GPe/data/d1_msns/processed_data/Naive_D1-MSNs_cell_body_stim/Neuron_0044,10,0.05,"['complete inhibition', 'complete inhibition', 'complete inhibition', 'complete inhibition', 'complete inhibition', 'complete inhibition', 'complete inhibition', 'complete inhibition', 'complete inhibition', 'complete inhibition']",[0 0 0 0 0 0 0 0 0 0],1.0,1.0,1.0,0.0,99,90,3,3,2,2,[],[],"{'complete inhibition': 0, 'adapting inhibition': 1, 'partial inhibition': 2, 'no effect': 3, 'excitation': 4, 'biphasic IE': 5, 'biphasic EI': 6}",0.0,0.0,0.0,1.0,1.0,0.0,0.0,0.0,1.0,1.0,True,0.0,[1. 1. 1. 1. 1. 1. 1. 1. 1. 1. 1. 1. 1. 1. 1. 1. 1. 1. 1. 1.],0.0,0.0,0.0,0.0,0.0,0.0,,,no effect,3
211,AG8019,8,060922,1.7,2,Naive,10,10,right,/Users/johnparker/paper_repos/Aristieta_Parker_Gao_Gittis_Rubin_2024_D1_GPe/data/d1_msns/pre_processed_data/Naive_D1-MSNs_cell_body_stim/Neuron_0010,/Users/johnparker/paper_repos/Aristieta_Parker_Gao_Gittis_Rubin_2024_D1_GPe/data/d1_msns/pre_processed_data/Naive_D1-MSNs_cell_body_stim,Naive_D1-MSNs_cell_body_stim,True,25,250,0.025,/Users/johnparker/paper_repos/Aristieta_Parker_Gao_Gittis_Rubin_2024_D1_GPe/data/d1_msns/processed_data/Naive_D1-MSNs_cell_body_stim/Neuron_0010,10,0.05,"['complete inhibition', 'complete inhibition', 'complete inhibition', 'complete inhibition', 'complete inhibition', 'complete inhibition', 'complete inhibition', 'complete inhibition', 'complete inhibition', 'complete inhibition']",[0 0 0 0 0 0 0 0 0 0],1.0,1.0,1.0,0.0,99,90,3,3,2,2,[],[],"{'complete inhibition': 0, 'adapting inhibition': 1, 'partial inhibition': 2, 'no effect': 3, 'excitation': 4, 'biphasic IE': 5, 'biphasic EI': 6}",29.1,0.525629865862373,0.05709997131531327,0.03033000000001067,0.955482499999998,0.1,0.0,0.0,0.9896475000000009,0.9896475000000009,True,0.0,[1. 1. 1. 1. 1. 1. 1. 1. 1. 1. 1. 1. 1. 1. 1. 1. 1. 1. 1. 1.],63.53636643686464,0.2630456003390301,0.015740348035117056,2.854821062471452,1.5455206306800924,0.2540074766355137,,,complete inhibition,0
212,AG8017,4,070722,1.7,5,Naive,28,12,left,/Users/johnparker/paper_repos/Aristieta_Parker_Gao_Gittis_Rubin_2024_D1_GPe/data/d1_msns/pre_processed_data/Naive_D1-MSNs_cell_body_stim/Neuron_0028,/Users/johnparker/paper_repos/Aristieta_Parker_Gao_Gittis_Rubin_2024_D1_GPe/data/d1_msns/pre_processed_data/Naive_D1-MSNs_cell_body_stim,Naive_D1-MSNs_cell_body_stim,True,25,250,0.025,/Users/johnparker/paper_repos/Aristieta_Parker_Gao_Gittis_Rubin_2024_D1_GPe/data/d1_msns/processed_data/Naive_D1-MSNs_cell_body_stim/Neuron_0028,10,0.05,"['complete inhibition', 'biphasic EI', 'biphasic IE', 'complete inhibition', 'biphasic EI', 'no effect', 'complete inhibition', 'partial inhibition', 'complete inhibition', 'biphasic IE']",[0 6 5 0 6 3 0 2 0 5],1.0,1.0,1.0,0.0,99,90,3,3,2,2,[0.         0.         0.         ... 1.43716823 1.6028953  1.62825149],[0.         0.         0.         ... 0.02882508 0.02882508 0.02882508],"{'complete inhibition': 0, 'adapting inhibition': 1, 'partial inhibition': 2, 'no effect': 3, 'excitation': 4, 'biphasic IE': 5, 'biphasic EI': 6}",5.2,0.523247084331347,0.18917824999999985,0.21670500000000031,0.8294974999999987,6.6,0.715848353339599,0.1423799255952403,0.16560749999999871,0.8728274999999982,True,2.7,"[1.2 1.  1.  1.  1.1 1.1 0.9 0.9 1.  1.  0.8 1.  0.8 1.2 1.  1.  0.8 0.9
 1.  1.2]",4.117410794478634,0.8734843099678662,0.23797549261083742,3.2697085720859733,1.0055099557568274,0.30290108695652157,0.6758329050537936,0.02183984134134035,no effect,3
213,AG8019,8,060922,1.4,4,Naive,17,7cell2,left,/Users/johnparker/paper_repos/Aristieta_Parker_Gao_Gittis_Rubin_2024_D1_GPe/data/d1_msns/pre_processed_data/Naive_D1-MSNs_cell_body_stim/Neuron_0017,/Users/johnparker/paper_repos/Aristieta_Parker_Gao_Gittis_Rubin_2024_D1_GPe/data/d1_msns/pre_processed_data/Naive_D1-MSNs_cell_body_stim,Naive_D1-MSNs_cell_body_stim,True,25,250,0.025,/Users/johnparker/paper_repos/Aristieta_Parker_Gao_Gittis_Rubin_2024_D1_GPe/data/d1_msns/processed_data/Naive_D1-MSNs_cell_body_stim/Neuron_0017,10,0.05,"['complete inhibition', 'complete inhibition', 'complete inhibition', 'complete inhibition', 'complete inhibition', 'complete inhibition', 'complete inhibition', 'complete inhibition', 'complete inhibition', 'complete inhibition']",[0 0 0 0 0 0 0 0 0 0],1.0,1.0,1.0,0.0,99,90,3,3,2,2,[],[],"{'complete inhibition': 0, 'adapting inhibition': 1, 'partial inhibition': 2, 'no effect': 3, 'excitation': 4, 'biphasic IE': 5, 'biphasic EI': 6}",4.9,0.30353618458343357,0.18875155357143053,0.2305075000000066,0.943207500000014,1.8,0.06526050601855636,0.008764999999998935,0.24013750000001294,0.2559300000000121,True,0.0,[1. 1. 1. 1. 1. 1. 1. 1. 1. 1. 1. 1. 1. 1. 1. 1. 1. 1. 1. 1.],6.347281756244037,0.3548932472073275,0.15586398713826366,3.0515777674250177,0.7480419370369035,0.3224489932885905,,,no effect,3
214,AG8017,4,070722,1.4,4,Naive,21,13,left,/Users/johnparker/paper_repos/Aristieta_Parker_Gao_Gittis_Rubin_2024_D1_GPe/data/d1_msns/pre_processed_data/Naive_D1-MSNs_cell_body_stim/Neuron_0021,/Users/johnparker/paper_repos/Aristieta_Parker_Gao_Gittis_Rubin_2024_D1_GPe/data/d1_msns/pre_processed_data/Naive_D1-MSNs_cell_body_stim,Naive_D1-MSNs_cell_body_stim,True,25,250,0.025,/Users/johnparker/paper_repos/Aristieta_Parker_Gao_Gittis_Rubin_2024_D1_GPe/data/d1_msns/processed_data/Naive_D1-MSNs_cell_body_stim/Neuron_0021,10,0.05,"['complete inhibition', 'complete inhibition', 'complete inhibition', 'complete inhibition', 'complete inhibition', 'complete inhibition', 'complete inhibition', 'complete inhibition', 'complete inhibition', 'complete inhibition']",[0 0 0 0 0 0 0 0 0 0],1.0,1.0,1.0,0.0,99,90,3,3,2,2,[],[],"{'complete inhibition': 0, 'adapting inhibition': 1, 'partial inhibition': 2, 'no effect': 3, 'excitation': 4, 'biphasic IE': 5, 'biphasic EI': 6}",26.9,0.5414448025168239,0.040857109484544483,0.029012500000007435,0.9761599999999987,0.3,0.0,0.0,0.7112524999999998,0.7112524999999998,True,0.0,[1. 1. 1. 1. 1. 1. 1. 1. 1. 1. 1. 1. 1. 1. 1. 1. 1. 1. 1. 1.],32.185524954030726,0.5458731974075627,0.030574337831084455,10.36946233533957,1.9185672704906382,0.0875539596273291,,,complete inhibition,0
215,AG8017,4,070722,1.4,4,Naive,19,1,left,/Users/johnparker/paper_repos/Aristieta_Parker_Gao_Gittis_Rubin_2024_D1_GPe/data/d1_msns/pre_processed_data/Naive_D1-MSNs_cell_body_stim/Neuron_0019,/Users/johnparker/paper_repos/Aristieta_Parker_Gao_Gittis_Rubin_2024_D1_GPe/data/d1_msns/pre_processed_data/Naive_D1-MSNs_cell_body_stim,Naive_D1-MSNs_cell_body_stim,True,25,250,0.025,/Users/johnparker/paper_repos/Aristieta_Parker_Gao_Gittis_Rubin_2024_D1_GPe/data/d1_msns/processed_data/Naive_D1-MSNs_cell_body_stim/Neuron_0019,10,0.05,"['adapting inhibition', 'complete inhibition', 'biphasic EI', 'complete inhibition', 'complete inhibition', 'adapting inhibition', 'adapting inhibition', 'biphasic EI', 'complete inhibition', 'complete inhibition']",[1 0 6 0 0 1 1 6 0 0],1.0,1.0,1.0,0.0,99,90,3,3,2,2,"[2.03421074e-70 2.03421074e-70 2.03421074e-70 2.03421074e-70
 7.56864910e-56 7.56864910e-56 7.56864910e-56 7.56864910e-56
 9.72511805e-46 9.72511806e-46 9.72511806e-46 5.20397755e-43
 5.20397755e-43 5.20397757e-43 5.20397757e-43 4.60159761e-37
 4.60159761e-37 3.03443753e-34 3.03443761e-34 3.03443761e-34
 6.64498455e-32 6.64498455e-32 6.64498488e-32 6.64498488e-32
 7.53367004e-27 7.53367004e-27 1.91204859e-25 1.91204859e-25
 1.76814413e-24 1.76814483e-24 1.76814483e-24 1.58775813e-22
 1.58775813e-22 1.58775929e-22 1.58775929e-22 3.21234711e-21
 3.21234711e-21 3.21234711e-21 3.21234711e-21 3.21234711e-21
 3.21234711e-21 3.21234711e-21 3.21235065e-21 3.21235065e-21
 3.21235065e-21 2.32095480e-18 2.32095480e-18 3.21975966e-17
 3.21975966e-17 1.94544101e-16 1.94545226e-16 1.94545226e-16
 1.37288768e-15 1.37288768e-15 1.37288768e-15 7.18815642e-15
 7.18815642e-15 7.18823209e-15 7.18823209e-15 3.77299731e-14
 7.85202235e-14 7.85202235e-14 7.85202235e-14 7.85202235e-14
 7.85202235e-14 7.85202235e-14 7.85202235e-14 7.85214759e-14
 7.85214759e-14 7.85214759e-14 1.36815352e-11 1.36815352e-11
 1.04113019e-10 1.04113019e-10 4.12159732e-10 4.12193909e-10
 4.12193909e-10 1.81519335e-09 1.81519335e-09 1.81519335e-09
 6.30644898e-09 6.30644898e-09 6.30739615e-09 6.30739615e-09
 2.17196586e-08 3.73843688e-08 3.73843688e-08 3.73843688e-08
 3.73843688e-08 3.73843688e-08 3.73843688e-08 3.73843688e-08
 3.73928439e-08 3.73928439e-08 3.73928439e-08 4.16208932e-08
 4.84199548e-08 1.10167580e-07 1.10167580e-07 1.10167580e-07
 1.10167580e-07 1.10167580e-07 1.38505886e-07 1.38505886e-07
 6.92037923e-07 6.92037923e-07 1.59361083e-06 1.59361083e-06
 2.29833214e-06 2.29833214e-06 4.59528431e-06 4.59528431e-06
 4.93442360e-06 4.93442360e-06 4.93659942e-06 4.93659942e-06
 5.26362113e-06 6.70166356e-06 6.70166356e-06 1.09084095e-05
 1.39213332e-05 1.39213332e-05 1.47399609e-05 1.47409046e-05
 1.74836679e-05 1.75038493e-05 1.75038493e-05 2.01466908e-05
 2.04020325e-05 2.04020325e-05 2.69007476e-05 3.59790599e-05
 4.83986239e-05 4.83986239e-05 4.83986239e-05 4.96102333e-05
 5.29809301e-05 5.29809301e-05 5.48149514e-05 6.81602630e-05
 6.81602630e-05 7.27857232e-05 7.31013642e-05 8.96402023e-05
 8.96402023e-05 8.96402023e-05 8.96402025e-05 8.96402025e-05
 8.96402025e-05 8.96524870e-05 9.06806389e-05 9.06833566e-05
 9.06833566e-05 1.12345022e-04 1.12345022e-04 1.12577408e-04
 1.12577408e-04 1.29322798e-04 1.54575078e-04 1.54740174e-04
 1.77560420e-04 1.77560420e-04 1.77560420e-04 2.55852641e-04
 3.26496128e-04 3.56435188e-04 3.56435188e-04 3.65594451e-04
 3.65594451e-04 3.65594451e-04 3.65594451e-04 3.65594451e-04
 3.65594451e-04 3.65594451e-04 3.66725915e-04 3.66725915e-04
 3.66725915e-04 3.86119258e-04 5.23502665e-04 6.68154628e-04
 6.95355597e-04 6.95476261e-04 7.37354681e-04 7.37354681e-04
 7.37354681e-04 7.37354681e-04 7.37354681e-04 8.45904656e-04
 8.45904656e-04 8.45917155e-04 8.45917155e-04 8.45917155e-04
 9.55728378e-04 1.18826267e-03 1.89781239e-03 1.89781239e-03
 2.01306758e-03 2.08004307e-03 2.08004307e-03 2.08004307e-03
 2.08004307e-03 2.08004307e-03 2.08004307e-03 2.08004307e-03
 2.08004307e-03 2.08004307e-03 2.08004307e-03 2.27177332e-03
 2.27199385e-03 2.31505088e-03 2.35867512e-03 2.35867512e-03
 2.47544105e-03 2.55155847e-03 3.29306773e-03 3.70737156e-03
 3.94466939e-03 3.94466940e-03 4.17529208e-03 4.29735261e-03
 4.29735261e-03 4.29735261e-03 4.29735261e-03 4.84251299e-03
 4.92815022e-03 4.92815023e-03 4.92815066e-03 4.92815066e-03
 5.32702214e-03 5.80244038e-03 5.81033242e-03 5.81033242e-03
 5.90336568e-03 5.90336568e-03 5.95811612e-03 5.95811612e-03
 6.72209188e-03 7.24253820e-03 7.46906409e-03 7.46906409e-03
 9.33782367e-03 9.33782370e-03 9.84439343e-03 1.02773188e-02
 1.05191858e-02 1.08025877e-02 1.08025877e-02 1.24007117e-02
 1.24007117e-02 1.24181484e-02 1.32027094e-02 1.42059556e-02
 1.42411053e-02 1.42957811e-02 1.42957811e-02 1.47739132e-02
 1.48048555e-02 1.57513374e-02 1.62936922e-02 1.65374328e-02
 1.65374328e-02 1.66216205e-02 1.66216205e-02 1.71617407e-02
 1.72015605e-02 1.75505539e-02 1.77942945e-02 1.77942945e-02
 1.91656087e-02 1.91956332e-02 2.08126902e-02 2.19315537e-02
 2.29728436e-02 2.86123547e-02 2.88828216e-02 2.88828216e-02
 2.88828216e-02 2.92796889e-02 3.03589565e-02 3.03589565e-02
 3.09121988e-02 3.11390427e-02 3.11390448e-02 3.19683579e-02
 3.32225899e-02 3.36249223e-02 3.47112191e-02 3.47112191e-02
 3.61206523e-02 3.75572269e-02 4.04199420e-02 4.04199420e-02
 4.04199423e-02 4.04200284e-02 4.04200284e-02 4.04200286e-02
 4.05953391e-02 4.34567405e-02 4.35204068e-02 4.35204068e-02
 4.39076629e-02 4.56166383e-02 4.56166383e-02 4.68049005e-02
 4.68049005e-02 4.75047982e-02 4.91590125e-02 5.23628119e-02
 5.40090215e-02 5.40090215e-02 5.78567647e-02 5.80514905e-02
 5.80514905e-02 5.80514935e-02 6.73051939e-02 6.84440894e-02
 6.84440894e-02 7.01476188e-02 7.75172441e-02 7.94123736e-02
 8.07581610e-02 8.25867132e-02 8.30049026e-02 8.30049026e-02
 8.40689939e-02 8.40689939e-02 8.40689939e-02 8.40689939e-02
 8.40689939e-02 8.40689939e-02 8.40689939e-02 8.64032233e-02
 8.72667514e-02 8.72667514e-02 8.72667514e-02 9.08025758e-02
 9.19649975e-02 9.41681805e-02 9.41681805e-02 9.43818764e-02
 9.87787528e-02 1.02906151e-01 1.03935183e-01 1.03935213e-01
 1.03935213e-01 1.03938494e-01 1.03938559e-01 1.03978916e-01
 1.03978916e-01 1.03979089e-01 1.03980208e-01 1.04611457e-01
 1.04619349e-01 1.04619349e-01 1.06653986e-01 1.18693408e-01
 1.18693408e-01 1.18693437e-01 1.18693437e-01 1.18693437e-01
 1.22047161e-01 1.24297239e-01 1.24840240e-01 1.26753050e-01
 1.26753050e-01 1.26753050e-01 1.26753050e-01 1.26753050e-01
 1.33653345e-01 1.33905071e-01 1.34302649e-01 1.34410653e-01
 1.34996544e-01 1.34996544e-01 1.34996544e-01 1.36088503e-01
 1.36870286e-01 1.40853786e-01 1.41285909e-01 1.48716385e-01
 1.65795589e-01 1.67317067e-01 1.72838490e-01 1.76074676e-01
 1.76074676e-01 1.79292737e-01 1.84070413e-01 1.84070413e-01
 1.91735020e-01 1.91735020e-01 1.91735020e-01 1.91735020e-01
 1.91735020e-01 1.91735020e-01 1.91735020e-01 1.91735020e-01
 1.91735179e-01 1.91735179e-01 1.93603912e-01 1.95983196e-01
 1.99337496e-01 2.00486801e-01 2.02639415e-01 2.02639415e-01
 2.15327454e-01 2.16268712e-01 2.18025351e-01 2.19644764e-01
 2.26487800e-01 2.30113083e-01 2.31772978e-01 2.34389055e-01
 2.35486852e-01 2.39606505e-01 2.40886498e-01 2.41771464e-01
 2.44380905e-01 2.45968745e-01 2.49549460e-01 2.50352401e-01
 2.51952239e-01 2.52320298e-01 2.52320769e-01 2.54112140e-01
 2.55160388e-01 2.59559713e-01 2.59559713e-01 2.60477222e-01
 2.61394905e-01 2.61394905e-01 2.61394905e-01 2.61394905e-01
 2.61395243e-01 2.61395243e-01 2.61395243e-01 2.70850954e-01
 2.70970588e-01 2.76386186e-01 2.76386877e-01 2.76386877e-01
 2.76386877e-01 2.76474055e-01 2.78987076e-01 2.79728574e-01
 2.79728574e-01 2.79728574e-01 2.81942078e-01 2.95165962e-01
 2.97038523e-01 2.97038523e-01 2.97940978e-01 3.02275381e-01
 3.05710843e-01 3.08708112e-01 3.10677035e-01 3.12554208e-01
 3.15701684e-01 3.18347254e-01 3.20405633e-01 3.20743651e-01
 3.24011077e-01 3.25426752e-01 3.25426752e-01 3.26828501e-01
 3.27950722e-01 3.27950722e-01 3.28349608e-01 3.32205560e-01
 3.37390529e-01 3.38657939e-01 3.38657939e-01 3.38659645e-01
 3.38808556e-01 3.43367996e-01 3.43422024e-01 3.44203579e-01
 3.52033036e-01 3.53846878e-01 3.53849007e-01 3.58348158e-01
 3.60137971e-01 3.62487568e-01 3.62647349e-01 3.66481935e-01
 3.66481935e-01 3.69367478e-01 3.72005676e-01 3.73414400e-01
 3.77798768e-01 3.84062289e-01 3.84329750e-01 3.86663753e-01
 3.86663753e-01 3.99424182e-01 4.00652834e-01 4.02306799e-01
 4.11394158e-01 4.11538256e-01 4.11538256e-01 4.11948955e-01
 4.16251504e-01 4.26260175e-01 4.27235706e-01 4.27235706e-01
 4.27389432e-01 4.27861852e-01 4.29005632e-01 4.30008222e-01
 4.30609586e-01 4.32845904e-01 4.32845904e-01 4.32910774e-01
 4.33353188e-01 4.33360013e-01 4.34122004e-01 4.35356277e-01
 4.36368699e-01 4.37444761e-01 4.38674321e-01 4.38807449e-01
 4.40619031e-01 4.40619051e-01 4.40619051e-01 4.45698437e-01
 4.54094867e-01 4.56300928e-01 4.56491398e-01 4.58145693e-01
 4.60261407e-01 4.60344678e-01 4.60525763e-01 4.62772631e-01
 4.63365835e-01 4.63685037e-01 4.67653908e-01 4.69014291e-01
 4.69553982e-01 4.72624535e-01 4.72849796e-01 4.75775262e-01
 4.82727866e-01 4.84646745e-01 4.84646925e-01 4.95023896e-01
 4.95176569e-01 4.96722620e-01 4.96723504e-01 4.98432397e-01
 4.98432397e-01 5.05777276e-01 5.07141659e-01 5.10913131e-01
 5.11758877e-01 5.12879278e-01 5.12879278e-01 5.12879278e-01
 5.14859055e-01 5.16632948e-01 5.17021128e-01 5.20009107e-01
 5.20102432e-01 5.20102432e-01 5.21467090e-01 5.22713650e-01
 5.23706666e-01 5.23706666e-01 5.26666251e-01 5.29025523e-01
 5.32134461e-01 5.33715646e-01 5.34921347e-01 5.35372292e-01
 5.37335651e-01 5.39373147e-01 5.39373147e-01 5.46842255e-01
 5.48446902e-01 5.48829715e-01 5.49832140e-01 5.49945475e-01
 5.50770221e-01 5.52523972e-01 5.53766062e-01 5.53986497e-01
 5.55755539e-01 5.60874637e-01 5.60874637e-01 5.60889685e-01
 5.61288404e-01 5.61505286e-01 5.61505286e-01 5.61513359e-01
 5.62244791e-01 5.63579066e-01 5.67053503e-01 5.69641651e-01
 5.71197536e-01 5.73414110e-01 5.77182961e-01 5.77502161e-01
 5.77502161e-01 5.77853405e-01 5.80547363e-01 5.82850704e-01
 5.83557513e-01 5.85280046e-01 5.86014916e-01 5.87520254e-01
 5.92034771e-01 5.92225162e-01 5.94976374e-01 5.95145864e-01
 5.98282150e-01 5.99775575e-01 5.99775575e-01 6.00329710e-01
 6.02115185e-01 6.03886566e-01 6.08191073e-01 6.08870662e-01
 6.08870662e-01 6.08938334e-01 6.09289383e-01 6.09291603e-01
 6.11587348e-01 6.15988106e-01 6.18582307e-01 6.19103481e-01
 6.19886277e-01 6.23069566e-01 6.24565570e-01 6.25986546e-01
 6.27580547e-01 6.28387076e-01 6.28387076e-01 6.28725023e-01
 6.31365212e-01 6.31758864e-01 6.32748430e-01 6.34976140e-01
 6.38938253e-01 6.39433707e-01 6.40714057e-01 6.41305685e-01
 6.41926622e-01 6.41938684e-01 6.42256612e-01 6.43644956e-01
 6.43644956e-01 6.43644956e-01 6.44436772e-01 6.44886466e-01
 6.46027418e-01 6.46108907e-01 6.46443349e-01 6.48783512e-01
 6.48784567e-01 6.49124221e-01 6.49871282e-01 6.49871282e-01
 6.49871282e-01 6.49871282e-01 6.49871282e-01 6.49871282e-01
 6.49871282e-01 6.49920814e-01 6.51413796e-01 6.52584493e-01
 6.53083936e-01 6.53507980e-01 6.54625453e-01 6.54730843e-01
 6.56572782e-01 6.57491374e-01 6.57684339e-01 6.57719274e-01
 6.59611343e-01 6.60796827e-01 6.61610098e-01 6.62008594e-01
 6.62008594e-01 6.62383381e-01 6.62990579e-01 6.63387383e-01
 6.68142196e-01 6.68278508e-01 6.68278510e-01 6.68725205e-01
 6.69690322e-01 6.69864929e-01 6.71319959e-01 6.71690384e-01
 6.72208023e-01 6.72993710e-01 6.73583087e-01 6.73594291e-01
 6.73772972e-01 6.73845339e-01 6.74296258e-01 6.75570345e-01
 6.75570345e-01 6.75878243e-01 6.75878243e-01 6.75878243e-01
 6.77108697e-01 6.78585153e-01 6.78585153e-01 6.78585153e-01
 6.78585153e-01 6.78585153e-01 6.78590580e-01 6.78590580e-01
 6.78590580e-01 6.79518473e-01 6.79518473e-01 6.79745205e-01
 6.81050699e-01 6.81137189e-01 6.81137189e-01 6.82128339e-01
 6.82192091e-01 6.82423629e-01 6.82795941e-01 6.83066176e-01
 6.83222858e-01 6.83852109e-01 6.85806992e-01 6.85970059e-01
 6.86637717e-01 6.87075347e-01 6.87772628e-01 6.88338280e-01
 6.88838389e-01 6.88952688e-01 6.90834563e-01 6.92142291e-01
 6.94879741e-01 6.94879741e-01 6.95399658e-01 6.95890975e-01
 6.96410895e-01 6.97397524e-01 6.98218081e-01 6.98348803e-01
 6.98457170e-01 7.00292794e-01 7.00589992e-01 7.01246123e-01
 7.01662562e-01 7.03803483e-01 7.04444407e-01 7.04950513e-01
 7.05698426e-01 7.07232466e-01 7.07839199e-01 7.08220855e-01
 7.09557110e-01 7.10568441e-01 7.10645036e-01 7.11029825e-01
 7.11350944e-01 7.11524507e-01 7.11793496e-01 7.13636129e-01
 7.17701321e-01 7.18293089e-01 7.19349431e-01 7.19414986e-01
 7.21028740e-01 7.24081834e-01 7.26218545e-01 7.26218545e-01
 7.28616415e-01 7.29814604e-01 7.29814604e-01 7.32194824e-01
 7.33712310e-01 7.34115339e-01 7.34562123e-01 7.35816235e-01
 7.36347027e-01 7.38963452e-01 7.41708224e-01 7.41799173e-01
 7.43657745e-01 7.45257792e-01 7.48094899e-01 7.48188960e-01
 7.48767697e-01 7.49066470e-01 7.49811862e-01 7.49967256e-01
 7.54341193e-01 7.55457796e-01 7.57167584e-01 7.60273036e-01
 7.60524348e-01 7.62343838e-01 7.62948863e-01 7.63809248e-01
 7.64287763e-01 7.69577060e-01 7.69742309e-01 7.70198696e-01
 7.74166424e-01 7.83263782e-01 7.87018397e-01 7.89284314e-01
 8.08742752e-01 8.09571667e-01 8.10087403e-01 8.11690927e-01
 8.11973164e-01 8.14965661e-01 8.15217795e-01 8.20009097e-01
 8.20477223e-01 8.20477224e-01 8.20980915e-01 8.22989323e-01
 8.27855015e-01 8.28878625e-01 8.30814495e-01 8.31842040e-01
 8.32804429e-01 8.33523774e-01 8.41201114e-01 8.42645004e-01
 8.44507998e-01 8.45300432e-01 8.47087088e-01 8.48546084e-01
 8.49594842e-01 8.50753307e-01 8.52099333e-01 8.56255353e-01
 8.58938462e-01 8.59079534e-01 8.60108019e-01 8.71161687e-01
 8.72255764e-01 8.80919525e-01 8.80919525e-01 8.80919525e-01
 8.81224990e-01 8.82139787e-01 8.83481477e-01 8.86111524e-01
 8.87657417e-01 8.94613024e-01 8.96001789e-01 9.03297320e-01
 9.11787047e-01 9.17592995e-01 9.17907751e-01 9.18030901e-01
 9.19282894e-01 9.26311938e-01 9.26311939e-01 9.26311939e-01
 9.33114139e-01 9.35378752e-01 9.36112110e-01 9.40096022e-01
 9.42247942e-01 9.51759520e-01 9.54277283e-01 9.55145907e-01
 9.64593722e-01 9.68891350e-01 9.72426148e-01 9.72582389e-01
 9.75748543e-01 9.80162151e-01 9.82307434e-01 9.89204769e-01
 9.92512946e-01 9.95243455e-01 9.95940122e-01 9.98120010e-01
 1.00089700e+00 1.00276834e+00 1.00853002e+00 1.00950065e+00
 1.01021101e+00 1.01191900e+00 1.01319935e+00 1.01324012e+00
 1.02435465e+00 1.02878704e+00 1.02956337e+00 1.02968215e+00
 1.03007457e+00 1.03432792e+00 1.04261587e+00 1.04927781e+00
 1.04927781e+00 1.05257368e+00 1.05376975e+00 1.05424405e+00
 1.05730039e+00 1.05791700e+00 1.05989851e+00 1.07429691e+00
 1.08132165e+00 1.08270439e+00 1.08350538e+00 1.08360766e+00
 1.08739189e+00 1.09034653e+00 1.09365972e+00 1.09395730e+00
 1.09818668e+00 1.10059720e+00 1.10668577e+00 1.11416637e+00
 1.12194207e+00 1.13041682e+00 1.13405631e+00 1.13593698e+00
 1.13747344e+00 1.14899980e+00 1.14944272e+00 1.15006775e+00
 1.15087776e+00 1.15110073e+00 1.15110073e+00 1.15481389e+00
 1.15493033e+00 1.15594010e+00 1.16070379e+00 1.16146967e+00
 1.16152193e+00 1.16880706e+00 1.17135422e+00 1.18044977e+00
 1.18548890e+00 1.18724321e+00 1.18957024e+00 1.19678746e+00
 1.21385838e+00 1.21709387e+00 1.22133166e+00 1.22356563e+00
 1.22687322e+00 1.22690892e+00 1.23206404e+00 1.23259836e+00
 1.23640278e+00 1.24629785e+00 1.24646830e+00 1.25495988e+00
 1.25855887e+00 1.27581924e+00 1.27695647e+00 1.27957994e+00
 1.28062972e+00 1.29068927e+00 1.29292749e+00 1.29896061e+00
 1.30308600e+00 1.30375694e+00 1.30776224e+00 1.31170234e+00
 1.32408334e+00 1.32495922e+00 1.32864989e+00 1.33184951e+00
 1.33569778e+00 1.34669714e+00 1.36091920e+00 1.36224329e+00
 1.36837461e+00 1.37098425e+00 1.38038715e+00 1.38935330e+00
 1.39182281e+00 1.40376135e+00 1.43405309e+00 1.46935012e+00
 1.48792670e+00 1.51177524e+00 1.52835024e+00 1.55201976e+00
 1.56005127e+00 1.57512015e+00 1.58452925e+00 1.58700382e+00
 1.58834839e+00 1.58836883e+00 1.60564041e+00 1.69923869e+00
 1.70757713e+00 1.79581650e+00 1.80154897e+00 1.82623746e+00
 1.85514352e+00 1.86540437e+00 1.87236003e+00 1.88214750e+00]","[0.00176779 0.0018811  0.00191542 0.00193464 0.00196584 0.00197197
 0.00207099 0.00207677 0.00209736 0.00210417 0.00214332 0.00215172
 0.00217017 0.00217419 0.00217951 0.00224209 0.00225138 0.00225759
 0.00225831 0.00227586 0.00228136 0.00228957 0.00228979 0.00231253
 0.00232598 0.00234842 0.00235254 0.00236211 0.00236626 0.0023663
 0.00238984 0.00240756 0.0024116  0.00241287 0.00241615 0.00241852
 0.00244802 0.00246792 0.00246977 0.00250783 0.00250788 0.00252558
 0.00252754 0.00257902 0.00258788 0.00259355 0.00259533 0.00260979
 0.00262496 0.00262985 0.00263439 0.0026366  0.00264689 0.00266187
 0.00266406 0.00267624 0.00268323 0.0026849  0.00269421 0.00270376
 0.00270747 0.00273413 0.00274587 0.00275124 0.00275613 0.00276871
 0.00278222 0.00279802 0.00280325 0.00283945 0.00288163 0.00288514
 0.00288586 0.00289588 0.00292469 0.00293786 0.00294071 0.00294644
 0.00295901 0.0029656  0.00297885 0.0029794  0.00298128 0.00298793
 0.00299428 0.00299881 0.00301048 0.00301702 0.00302605 0.003049
 0.00304986 0.0030515  0.00305282 0.00305773 0.00306611 0.00307
 0.0030802  0.00309001 0.00309139 0.00309184 0.0030964  0.00309675
 0.00310234 0.00310422 0.00310749 0.00311456 0.0031246  0.00313225
 0.00315294 0.00315745 0.00316051 0.00316087 0.00316129 0.0031713
 0.00318198 0.00320495 0.00320904 0.00321155 0.00321591 0.00321766
 0.00323796 0.00324043 0.00324713 0.00325339 0.00326496 0.00327323
 0.00327431 0.00327527 0.0032822  0.00328777 0.0032881  0.00329874
 0.00332036 0.00332461 0.00332849 0.00333316 0.00333762 0.00334621
 0.00335078 0.00335305 0.00336372 0.00337604 0.00337906 0.00338115
 0.00338917 0.00339267 0.00340504 0.00341228 0.00341765 0.00342085
 0.00342678 0.00343653 0.00343943 0.00343978 0.00344442 0.00346477
 0.0034662  0.00346841 0.00347352 0.00347728 0.0034781  0.00348387
 0.00350311 0.0035036  0.0035051  0.00350644 0.0035105  0.00352043
 0.0035316  0.00353247 0.00353579 0.00354198 0.00355382 0.003557
 0.00356974 0.00357155 0.00358792 0.00358868 0.00359592 0.0036014
 0.00360834 0.00361057 0.00361112 0.0036235  0.00362654 0.00362785
 0.00363335 0.00364182 0.003643   0.00364846 0.00365096 0.00365449
 0.00365908 0.00366152 0.00366698 0.00367089 0.00367533 0.00367771
 0.00367828 0.00368008 0.00368087 0.00368219 0.00368586 0.00368786
 0.00370451 0.00370606 0.00370816 0.00370939 0.00371117 0.00373272
 0.0037482  0.00375314 0.00375327 0.00375396 0.00375526 0.00375695
 0.00375949 0.00375982 0.00376416 0.00377209 0.0037788  0.00378816
 0.00379294 0.00379974 0.00381358 0.00381637 0.00381688 0.00381927
 0.00382237 0.00382869 0.00383569 0.00383713 0.00383738 0.00383757
 0.00385311 0.00385655 0.00386007 0.00387528 0.00388536 0.00388809
 0.00389072 0.00389186 0.00390021 0.00390105 0.00390627 0.00390901
 0.00390979 0.00391187 0.00391841 0.00392153 0.0039282  0.00393162
 0.00393948 0.00394115 0.00394238 0.00394327 0.00395223 0.00396052
 0.00399622 0.00399879 0.00400188 0.00400998 0.00401636 0.00401753
 0.00403198 0.00403749 0.00404761 0.00406717 0.0040688  0.00406903
 0.00407214 0.00407501 0.00408174 0.00408591 0.00408684 0.00408782
 0.00409296 0.00409625 0.00409861 0.0041043  0.00411768 0.00411841
 0.00412284 0.00412321 0.00412679 0.00413447 0.00413735 0.00414225
 0.00414607 0.00415983 0.00416178 0.00416382 0.00416597 0.00416723
 0.00417613 0.0041817  0.00418309 0.00419588 0.00421276 0.00421782
 0.00422156 0.00422325 0.00422762 0.00424989 0.00425247 0.00425267
 0.00425713 0.00425874 0.00426581 0.00432204 0.00432229 0.00433113
 0.00433246 0.00433383 0.00433613 0.00434067 0.00436126 0.00436403
 0.00437595 0.00438526 0.00438991 0.0043973  0.00440029 0.00440565
 0.00441181 0.00442597 0.00444875 0.00445876 0.00446038 0.00446224
 0.00447418 0.0044753  0.004486   0.00449744 0.00449786 0.00451708
 0.00451923 0.00452504 0.00452923 0.00454029 0.00454085 0.0045501
 0.00455088 0.00455324 0.00455339 0.00456079 0.00456597 0.00456707
 0.00457285 0.00457288 0.00457547 0.00459871 0.00460061 0.00461356
 0.00462224 0.0046378  0.00464942 0.00465768 0.00466886 0.00467171
 0.00467244 0.00467563 0.00467779 0.0046785  0.00468855 0.00469322
 0.00470244 0.00470836 0.00472051 0.00472164 0.00472169 0.0047226
 0.00472608 0.00473995 0.00474616 0.00476354 0.00477322 0.00477653
 0.00478339 0.00478989 0.00479006 0.00480242 0.00481219 0.00481669
 0.00481768 0.00482641 0.00483281 0.00483314 0.0048375  0.00483761
 0.00484192 0.00484503 0.00484566 0.00485675 0.00485714 0.00485992
 0.00486581 0.00487476 0.00487487 0.00487691 0.00488768 0.00488956
 0.00489748 0.00489795 0.00489856 0.00490416 0.0049153  0.00492721
 0.00494723 0.00496868 0.0049705  0.00497695 0.00499323 0.00499714
 0.00500908 0.00501179 0.00502475 0.00504929 0.00505189 0.00505861
 0.0050614  0.00506461 0.00507056 0.00507749 0.00507964 0.00508709
 0.00509517 0.00510098 0.00510252 0.00510437 0.00512058 0.0051261
 0.00512965 0.00513678 0.00514599 0.00515102 0.00516934 0.00518356
 0.00518553 0.00518655 0.00519141 0.00519695 0.00521351 0.00523093
 0.00524109 0.00524259 0.00524584 0.00524629 0.00525007 0.00525902
 0.00527228 0.00527596 0.00527689 0.00527756 0.0052811  0.0052978
 0.00529784 0.0053065  0.00530928 0.00531428 0.00532439 0.00533148
 0.00533586 0.00535069 0.00537251 0.00538285 0.00538521 0.00538695
 0.00539546 0.00540029 0.00541748 0.00541913 0.00541955 0.00542198
 0.00545591 0.00546098 0.00546169 0.00547287 0.00548211 0.00549034
 0.00550821 0.00551026 0.00552422 0.00552437 0.00554706 0.00557986
 0.00559435 0.00560272 0.00560721 0.00562094 0.00565672 0.00566092
 0.00566302 0.00566508 0.00567309 0.00567816 0.00568284 0.00568689
 0.00569612 0.00572209 0.00572502 0.00573541 0.00573995 0.0057414
 0.00574634 0.00576745 0.00577283 0.00577689 0.00579446 0.0058249
 0.00582743 0.00583205 0.00584356 0.00584962 0.00586103 0.00589623
 0.00590383 0.00592428 0.00593504 0.00595448 0.00595519 0.0059838
 0.00598473 0.00599139 0.00600051 0.00600258 0.00600686 0.00600793
 0.00602533 0.00603325 0.00603455 0.00604219 0.00607539 0.00607593
 0.0060812  0.00609849 0.00610827 0.00610827 0.00612576 0.00615035
 0.00615108 0.0061647  0.00616763 0.00616952 0.00616952 0.00617372
 0.00618541 0.00620323 0.00623906 0.00624406 0.00624716 0.00627537
 0.00628497 0.00628548 0.00628848 0.00628867 0.00628867 0.00629788
 0.00630267 0.00632798 0.00633993 0.00633993 0.00633993 0.0063523
 0.00636007 0.00638532 0.00641121 0.00643889 0.00644707 0.00646107
 0.00646114 0.00648149 0.00650762 0.00657291 0.0065805  0.00658636
 0.00659606 0.00661277 0.00662625 0.00664989 0.00667947 0.00671618
 0.00671808 0.00672341 0.00675152 0.00680834 0.00683273 0.00688054
 0.00695286 0.00697701 0.00700827 0.00701486 0.00705721 0.00712068
 0.00712335 0.00712726 0.00715012 0.00716871 0.00718831 0.00718831
 0.00720756 0.00720756 0.00722782 0.00726005 0.00726005 0.00726549
 0.00726844 0.00727667 0.00740878 0.0074141  0.00743238 0.00743264
 0.00743264 0.00743973 0.00750367 0.00758805 0.00762233 0.00764787
 0.00764923 0.00765712 0.0076577  0.0076577  0.00769251 0.0076954
 0.0077112  0.00773445 0.00774226 0.00774226 0.0077847  0.0077847
 0.0077847  0.00782658 0.00782658 0.00784017 0.00785546 0.00785813
 0.00794357 0.00794357 0.00794357 0.00794357 0.00794357 0.00794357
 0.00798145 0.00803957 0.00803957 0.00803957 0.00804997 0.00808631
 0.00808631 0.00808631 0.00813902 0.00813902 0.00818088 0.00825705
 0.00831803 0.00841418 0.00842517 0.00843778 0.00845146 0.00845146
 0.00850859 0.00851353 0.00853089 0.00868535 0.00879656 0.00879759
 0.00881149 0.0088172  0.00888278 0.00888466 0.00888614 0.00893904
 0.00893904 0.00907159 0.00907857 0.00908876 0.00915493 0.00917679
 0.00919432 0.00920254 0.00925825 0.00928996 0.00935978 0.00945949
 0.00947674 0.00950552 0.00950552 0.0095187  0.0095601  0.00957804
 0.00960258 0.00960355 0.00966311 0.00966311 0.00966311 0.00969666
 0.00969666 0.00974383 0.00976029 0.00980179 0.00987549 0.00988743
 0.00988993 0.00992307 0.00992307 0.01006072 0.01006072 0.01019553
 0.01023218 0.01027397 0.01028086 0.01028086 0.01031573 0.01032441
 0.01032652 0.01036511 0.01036511 0.01058262 0.01061341 0.01062626
 0.01062626 0.01062822 0.01071665 0.01073882 0.01074326 0.01087473
 0.01087473 0.01087473 0.01096002 0.01096684 0.01096684 0.01097472
 0.01108951 0.01112347 0.01113336 0.01113336 0.011176   0.0111908
 0.0111908  0.01120383 0.01120383 0.01122369 0.01133288 0.01140363
 0.01140363 0.01142125 0.01143837 0.01143837 0.01143837 0.0114501
 0.0114501  0.01145302 0.01146602 0.0115916  0.0115916  0.0116142
 0.0116142  0.0116142  0.0116142  0.0116142  0.01162585 0.01162585
 0.01166043 0.0116656  0.0116656  0.0116656  0.01171653 0.01171653
 0.01172133 0.01172133 0.01173279 0.01176096 0.01178141 0.01178141
 0.01180897 0.01182308 0.01182308 0.01183798 0.01185123 0.01185123
 0.01185123 0.01185123 0.01185123 0.01185123 0.01185123 0.01185123
 0.01185123 0.01185123 0.01186311 0.01186311 0.01186804 0.01186804
 0.01197397 0.011974   0.011974   0.01214577 0.01214577 0.01222888
 0.01223815 0.01224251 0.0122682  0.01229158 0.01230305 0.01230308
 0.01230308 0.01232579 0.01236655 0.01238918 0.01239364 0.01239364
 0.0123977  0.01244163 0.01248595 0.01248595 0.01252444 0.01252444
 0.01261745 0.01265242 0.01271014 0.01277629 0.01284137 0.01291032
 0.01291032 0.01294099 0.01299436 0.01300993 0.01308526 0.01311754
 0.01311754 0.01315208 0.0131738  0.0131738  0.01319826 0.01319826
 0.01321622 0.01321622 0.01327692 0.01328664 0.01333183 0.01333919
 0.01333919 0.01335016 0.01338359 0.01343465 0.01349522 0.01349522
 0.01354229 0.01358177 0.01358943 0.01358943 0.01365125 0.01365125
 0.01368323 0.01368323 0.01369781 0.01369886 0.0137106  0.01373868
 0.01376253 0.01379382 0.01379382 0.01380728 0.01380728 0.01388252
 0.0139016  0.0139016  0.01391581 0.01391581 0.01393885 0.01393885
 0.01395887 0.01402382 0.01403349 0.01405107 0.01405379 0.01405379
 0.01407533 0.01407533 0.01407533 0.01407533 0.01415011 0.01426682
 0.01432109 0.01439757 0.01441008 0.0144285  0.01446321 0.01448976
 0.01451575 0.01456477 0.0146253  0.01483411 0.01493785 0.01498819
 0.01503459 0.01508147 0.01508147 0.01513107 0.01514069 0.01515698
 0.01515861 0.01515861 0.01521118 0.01521118 0.01521118 0.0152326
 0.01528002 0.01529285 0.01535062 0.01536926 0.01544238 0.01545667
 0.01546329 0.01546797 0.01546797 0.01546797 0.01546797 0.01556388
 0.01566777 0.0158318  0.01587129 0.01588151 0.01588151 0.01588629
 0.01595098 0.01603369 0.01609245 0.0161164  0.01616046 0.0161991
 0.01620871 0.01623048 0.01624524 0.01627703 0.01629271 0.01629374
 0.01629502 0.01629505 0.01653102 0.01680078 0.01778202 0.01798751
 0.01811175 0.01811175 0.01831759 0.0183546  0.0183546  0.0183546
 0.01903302 0.0193959  0.0193959  0.0193959  0.01980478 0.02008786
 0.02020896 0.02020896 0.02020896 0.02020896 0.02114203 0.02114203
 0.02365673 0.02365673 0.02365673 0.02399716 0.02399716 0.02416401
 0.02416401 0.02416401 0.02416401 0.02416401 0.02465716 0.02465716
 0.02465716 0.02465716 0.02465716 0.02465716 0.02465716 0.02465716
 0.02465716 0.02465716 0.02465716 0.02465716 0.02465716 0.02465716
 0.02465716 0.02465716 0.02465716 0.02465716 0.02465716 0.02465716
 0.02465716 0.02465716 0.02465716 0.02465716 0.02465716 0.02465716
 0.02465716 0.02465716 0.02465716 0.02465716]","{'complete inhibition': 0, 'adapting inhibition': 1, 'partial inhibition': 2, 'no effect': 3, 'excitation': 4, 'biphasic IE': 5, 'biphasic EI': 6}",11.0,0.5636557696144994,0.09822178682063719,0.20131250000000733,0.9185350000000092,5.5,0.4863343429922475,0.15215428800366165,0.4633125000000057,0.9518950000000054,True,1.5,"[1.  1.  1.  0.9 0.9 0.8 0.7 0.7 0.9 0.8 0.6 0.8 0.8 0.8 0.8 0.7 0.5 0.8
 0.6 0.7]",17.019953603686194,0.8176063014589048,0.057519958968347,19.73039117991725,7.922295459759393,0.04153164812942364,1.054549685703933,0.015157141220288469,no effect,3
216,AG8017,4,070722,1.7,2,Naive,26,12cell1,right,/Users/johnparker/paper_repos/Aristieta_Parker_Gao_Gittis_Rubin_2024_D1_GPe/data/d1_msns/pre_processed_data/Naive_D1-MSNs_cell_body_stim/Neuron_0026,/Users/johnparker/paper_repos/Aristieta_Parker_Gao_Gittis_Rubin_2024_D1_GPe/data/d1_msns/pre_processed_data/Naive_D1-MSNs_cell_body_stim,Naive_D1-MSNs_cell_body_stim,True,25,250,0.025,/Users/johnparker/paper_repos/Aristieta_Parker_Gao_Gittis_Rubin_2024_D1_GPe/data/d1_msns/processed_data/Naive_D1-MSNs_cell_body_stim/Neuron_0026,10,0.05,"['no effect', 'no effect', 'no effect', 'partial inhibition', 'no effect', 'no effect', 'no effect', 'no effect', 'excitation', 'no effect']",[3 3 3 2 3 3 3 3 4 3],1.0,1.0,1.0,0.0,99,90,3,3,2,2,"[3.39344446e-60 8.07517819e-47 1.58658263e-43 ... 3.29590814e+00
 3.30604650e+00 3.42988907e+00]",[0.00098499 0.00105712 0.0010958  ... 0.02293168 0.02293168 0.02293168],"{'complete inhibition': 0, 'adapting inhibition': 1, 'partial inhibition': 2, 'no effect': 3, 'excitation': 4, 'biphasic IE': 5, 'biphasic EI': 6}",20.0,0.859013670851482,0.05093296344329414,0.05051499999999152,0.9442000000000071,23.3,0.7888276650305682,0.04859221766251172,0.024092500000011084,0.9561300000000024,True,3.0,"[0.1 0.2 0.2 0.  0.2 0.2 0.  0.  0.  0.4 0.2 0.  0.  0.2 0.2 0.  0.2 0.2
 0.1 0.3]",10.881645919736737,0.9050052241117134,0.09100665735567971,22.370075069198574,0.8992747420953118,0.0446281900452488,1.9270068560331803,0.007865960349024136,no effect,3
217,AG7499,2,011122,1.7,2,Naive,45,2,right,/Users/johnparker/paper_repos/Aristieta_Parker_Gao_Gittis_Rubin_2024_D1_GPe/data/d1_msns/pre_processed_data/Naive_D1-MSNs_cell_body_stim/Neuron_0045,/Users/johnparker/paper_repos/Aristieta_Parker_Gao_Gittis_Rubin_2024_D1_GPe/data/d1_msns/pre_processed_data/Naive_D1-MSNs_cell_body_stim,Naive_D1-MSNs_cell_body_stim,True,25,250,0.025,/Users/johnparker/paper_repos/Aristieta_Parker_Gao_Gittis_Rubin_2024_D1_GPe/data/d1_msns/processed_data/Naive_D1-MSNs_cell_body_stim/Neuron_0045,10,0.05,"['partial inhibition', 'adapting inhibition', 'partial inhibition', 'no effect', 'adapting inhibition', 'partial inhibition', 'partial inhibition', 'partial inhibition', 'partial inhibition', 'partial inhibition']",[2 1 2 3 1 2 2 2 2 2],1.0,1.0,1.0,0.0,99,90,3,3,2,2,[0.01102479 0.01136185 0.01230836 ... 3.5346014  3.53521195 3.61206496],[0.01047329 0.01064696 0.01136185 ... 3.46406901 3.53521195 3.61206496],"{'complete inhibition': 0, 'adapting inhibition': 1, 'partial inhibition': 2, 'no effect': 3, 'excitation': 4, 'biphasic IE': 5, 'biphasic EI': 6}",39.3,0.4577123840830703,0.02640162041823622,0.015304999999999324,0.987619999999999,15.0,0.8300780070217053,0.06600683155806142,0.07516500000000334,0.9369924999999973,False,1.9,"[0.8 0.5 0.  0.  0.3 0.5 0.7 0.6 0.5 0.6 0.5 0.4 0.5 0.4 0.6 0.6 0.5 0.3
 0.4 0.6]",46.51091629565031,0.5507116769202283,0.021497195191757298,40.28462658559186,0.5440029780299774,0.024761764705882337,2.6300085904335044,1.114707981167831,partial inhibition,2
218,AG7499,2,011122,1.7,2,Naive,42,1,right,/Users/johnparker/paper_repos/Aristieta_Parker_Gao_Gittis_Rubin_2024_D1_GPe/data/d1_msns/pre_processed_data/Naive_D1-MSNs_cell_body_stim/Neuron_0042,/Users/johnparker/paper_repos/Aristieta_Parker_Gao_Gittis_Rubin_2024_D1_GPe/data/d1_msns/pre_processed_data/Naive_D1-MSNs_cell_body_stim,Naive_D1-MSNs_cell_body_stim,True,25,250,0.025,/Users/johnparker/paper_repos/Aristieta_Parker_Gao_Gittis_Rubin_2024_D1_GPe/data/d1_msns/processed_data/Naive_D1-MSNs_cell_body_stim/Neuron_0042,10,0.05,"['complete inhibition', 'complete inhibition', 'complete inhibition', 'complete inhibition', 'adapting inhibition', 'complete inhibition', 'partial inhibition', 'partial inhibition', 'partial inhibition', 'adapting inhibition']",[0 0 0 0 1 0 2 2 2 1],1.0,1.0,1.0,0.0,99,90,3,3,2,2,"[1.68201910e-06 4.20839417e-03 1.74594698e-02 1.75645521e-02
 1.77550231e-02 1.78723201e-02 1.84578073e-02 1.90756535e-02
 1.95478070e-02 2.11161735e-02 2.17022015e-02 2.27527247e-02
 2.43497945e-02 2.69466395e-02 5.11036386e-02 5.94598790e-02
 6.06670198e-02 7.99403688e-02 9.40260054e-02 1.06926752e-01
 1.09368908e-01 1.11029047e-01 1.11582363e-01 1.16921733e-01
 1.22950692e-01 1.48277945e-01 1.51946359e-01 1.63882641e-01
 1.69797326e-01 1.75199139e-01 1.82534911e-01 2.06820395e-01
 2.08713793e-01 2.16301134e-01 2.18254076e-01 2.22313926e-01
 2.33171849e-01 2.37691798e-01 2.40151365e-01 2.56402502e-01
 2.59671215e-01 2.85230179e-01 2.86690143e-01 2.90391666e-01
 3.07708913e-01 3.17446144e-01 3.39089447e-01 3.44549090e-01
 3.48207195e-01 3.49451746e-01 3.51482283e-01 3.52579103e-01
 3.53831086e-01 3.54976792e-01 3.66865867e-01 3.69653048e-01
 3.75520724e-01 3.77872928e-01 3.82529163e-01 3.82858089e-01
 3.85237418e-01 3.94527475e-01 3.96015528e-01 3.98486410e-01
 3.98495880e-01 4.04307720e-01 4.14005502e-01 4.18322871e-01
 4.19433245e-01 4.26648081e-01 4.37251518e-01 4.38062135e-01
 4.40728782e-01 4.50800192e-01 4.57025516e-01 4.63069920e-01
 4.67324075e-01 4.71382182e-01 4.74818540e-01 4.81635769e-01
 4.81713215e-01 4.83610256e-01 4.87929924e-01 4.91764337e-01
 4.92214909e-01 5.02806098e-01 5.03479778e-01 5.07118901e-01
 5.13355561e-01 5.18511245e-01 5.23665995e-01 5.26215988e-01
 5.27649892e-01 5.34246123e-01 5.35388152e-01 5.43031707e-01
 5.46728003e-01 5.47886919e-01 5.56930148e-01 5.65054055e-01
 5.66189151e-01 5.66361520e-01 5.68102831e-01 5.68812279e-01
 5.72484524e-01 5.74941972e-01 5.75639252e-01 5.77023172e-01
 5.84622513e-01 5.85704317e-01 5.89022152e-01 5.89095422e-01
 6.01256753e-01 6.09223677e-01 6.12219927e-01 6.15950609e-01
 6.27362765e-01 6.29794534e-01 6.35979624e-01 6.37151238e-01
 6.46151074e-01 6.48942841e-01 6.56281199e-01 6.60703720e-01
 6.75892383e-01 6.79486657e-01 6.83106346e-01 6.91356006e-01
 6.98788597e-01 7.04785959e-01 7.09435896e-01 7.11184016e-01
 7.13180009e-01 7.31900770e-01 7.32613127e-01 7.34871048e-01
 7.48948026e-01 7.48955586e-01 7.53279460e-01 7.58541460e-01
 7.63243210e-01 7.83990260e-01 7.86001154e-01 7.93958280e-01
 7.97618967e-01 7.98098633e-01 8.01805070e-01 8.02314171e-01
 8.10092038e-01 8.10301513e-01 8.12322469e-01 8.15958809e-01
 8.18432622e-01 8.21703136e-01 8.23659621e-01 8.23857303e-01
 8.30030064e-01 8.33449260e-01 8.34145113e-01 8.34887839e-01
 8.37727817e-01 8.46139488e-01 8.52032879e-01 8.59365138e-01
 8.65471283e-01 8.69944994e-01 8.75410771e-01 8.82073824e-01
 8.82425114e-01 8.82695714e-01 8.85121258e-01 8.86746554e-01
 8.97229938e-01 8.98764165e-01 8.98856054e-01 9.02730170e-01
 9.14838020e-01 9.17115495e-01 9.24773004e-01 9.29900949e-01
 9.31559225e-01 9.31797316e-01 9.34032262e-01 9.35756957e-01
 9.39052036e-01 9.42484657e-01 9.44734612e-01 9.47749720e-01
 9.47950010e-01 9.55040055e-01 9.57623365e-01 9.59168717e-01
 9.71158914e-01 9.77185397e-01 9.78648759e-01 9.83401464e-01
 9.90449115e-01 9.91570325e-01 9.96156628e-01 1.00588214e+00
 1.00813885e+00 1.00851722e+00 1.01833459e+00 1.02115422e+00
 1.02851003e+00 1.02910424e+00 1.03334860e+00 1.03612968e+00
 1.03747387e+00 1.03811475e+00 1.03993092e+00 1.04570299e+00
 1.04640132e+00 1.04847373e+00 1.04926335e+00 1.05321237e+00
 1.05665611e+00 1.06141098e+00 1.06493460e+00 1.06532091e+00
 1.06742246e+00 1.07875303e+00 1.08002156e+00 1.08439318e+00
 1.09122442e+00 1.09346384e+00 1.09659182e+00 1.09889177e+00
 1.10061580e+00 1.10339059e+00 1.10502297e+00 1.10757129e+00
 1.11360473e+00 1.11470181e+00 1.12107981e+00 1.12135570e+00
 1.12210228e+00 1.12645398e+00 1.12695667e+00 1.12760044e+00
 1.13558815e+00 1.13901541e+00 1.13927839e+00 1.14027481e+00
 1.14081817e+00 1.14428335e+00 1.14753060e+00 1.15096020e+00
 1.15365621e+00 1.15367185e+00 1.15478573e+00 1.15515536e+00
 1.15689103e+00 1.15787454e+00 1.15822994e+00 1.15986444e+00
 1.17306568e+00 1.17464453e+00 1.17639055e+00 1.17888627e+00
 1.17937274e+00 1.18050359e+00 1.18175009e+00 1.18276714e+00
 1.18293231e+00 1.18364933e+00 1.19694646e+00 1.19976665e+00
 1.20476638e+00 1.20926624e+00 1.21100302e+00 1.21115712e+00
 1.21320213e+00 1.21696762e+00 1.22152478e+00 1.23776806e+00
 1.23845432e+00 1.24125930e+00 1.24325175e+00 1.24423920e+00
 1.24463424e+00 1.24596950e+00 1.24650047e+00 1.24882304e+00
 1.25656121e+00 1.25759363e+00 1.26048254e+00 1.26300851e+00
 1.26361424e+00 1.27196213e+00 1.27362326e+00 1.27382756e+00
 1.27758004e+00 1.27791794e+00 1.27969415e+00 1.28860793e+00
 1.28886131e+00 1.28918190e+00 1.29242416e+00 1.29246108e+00
 1.29309102e+00 1.29343159e+00 1.29433228e+00 1.29561171e+00
 1.29785009e+00 1.29948925e+00 1.30209740e+00 1.30409463e+00
 1.30574731e+00 1.30721414e+00 1.30787441e+00 1.30809377e+00
 1.31037640e+00 1.31363659e+00 1.31664416e+00 1.31886525e+00
 1.32284973e+00 1.32287479e+00 1.32409292e+00 1.32672208e+00
 1.32681365e+00 1.32734540e+00 1.32970924e+00 1.33080287e+00
 1.33258122e+00 1.33287999e+00 1.33655037e+00 1.33981013e+00
 1.34029659e+00 1.34083077e+00 1.34317683e+00 1.34927186e+00
 1.34956312e+00 1.36613159e+00 1.36938171e+00 1.37443722e+00
 1.37744847e+00 1.37994618e+00 1.38169547e+00 1.38265772e+00
 1.38266139e+00 1.38277221e+00 1.38628235e+00 1.38915794e+00
 1.39465837e+00 1.39503925e+00 1.39609584e+00 1.39625225e+00
 1.40154328e+00 1.40268498e+00 1.40927876e+00 1.41141578e+00
 1.41272838e+00 1.41318635e+00 1.41767430e+00 1.42079579e+00
 1.42170605e+00 1.42327630e+00 1.42874601e+00 1.42945010e+00
 1.43419745e+00 1.44113297e+00 1.44115599e+00 1.44784458e+00
 1.45430185e+00 1.45533017e+00 1.45708066e+00 1.45794693e+00
 1.45811212e+00 1.46809053e+00 1.46838434e+00 1.46921932e+00
 1.46990466e+00 1.47102718e+00 1.47165180e+00 1.47263484e+00
 1.47406870e+00 1.47446365e+00 1.47644096e+00 1.47685435e+00
 1.48079190e+00 1.48114076e+00 1.48446842e+00 1.48718135e+00
 1.48732848e+00 1.49010606e+00 1.49134013e+00 1.49712411e+00
 1.50129723e+00 1.50279649e+00 1.50580375e+00 1.50857638e+00
 1.50947001e+00 1.51017026e+00 1.51080794e+00 1.51825000e+00
 1.51856454e+00 1.52503043e+00 1.52568356e+00 1.53013746e+00
 1.53471444e+00 1.53828310e+00 1.54797145e+00 1.55700867e+00
 1.56060240e+00 1.56272558e+00 1.56564555e+00 1.56841128e+00
 1.57100582e+00 1.57712859e+00 1.57720938e+00 1.57832446e+00
 1.57988290e+00 1.58425703e+00 1.58802086e+00 1.58810176e+00
 1.58816586e+00 1.59387266e+00 1.59414830e+00 1.59537680e+00
 1.59729610e+00 1.59769974e+00 1.59773025e+00 1.59877672e+00
 1.60256290e+00 1.60618168e+00 1.60685024e+00 1.60723445e+00
 1.60959318e+00 1.61083789e+00 1.61207381e+00 1.61597390e+00
 1.61642951e+00 1.61697711e+00 1.61815016e+00 1.61817848e+00
 1.62067753e+00 1.62295702e+00 1.62661113e+00 1.62694951e+00
 1.63058516e+00 1.63132170e+00 1.63152002e+00 1.63572380e+00
 1.64258814e+00 1.64614484e+00 1.64725565e+00 1.65341191e+00
 1.65778715e+00 1.65843780e+00 1.66228759e+00 1.66546267e+00
 1.66653096e+00 1.66727465e+00 1.66859093e+00 1.66905002e+00
 1.67379243e+00 1.67610777e+00 1.67752707e+00 1.68106476e+00
 1.68258779e+00 1.68338471e+00 1.68579838e+00 1.68615304e+00
 1.68672532e+00 1.69262798e+00 1.69330921e+00 1.69476350e+00
 1.69543052e+00 1.70219132e+00 1.70254313e+00 1.70533953e+00
 1.70966347e+00 1.71026359e+00 1.71143059e+00 1.71510338e+00
 1.71723964e+00 1.72358239e+00 1.72979424e+00 1.72988616e+00
 1.73320911e+00 1.73422020e+00 1.73504863e+00 1.73629764e+00
 1.74085874e+00 1.74126274e+00 1.74304431e+00 1.74404428e+00
 1.74646097e+00 1.74761744e+00 1.74841106e+00 1.74907101e+00
 1.74940622e+00 1.74945262e+00 1.75091527e+00 1.76455790e+00
 1.76664268e+00 1.76689771e+00 1.77028266e+00 1.77067987e+00
 1.77138826e+00 1.77320218e+00 1.77406920e+00 1.77477835e+00
 1.77600077e+00 1.78235828e+00 1.78355777e+00 1.78601909e+00
 1.78793821e+00 1.78840954e+00 1.79170770e+00 1.79213189e+00
 1.79245835e+00 1.79431730e+00 1.79474261e+00 1.79687938e+00
 1.79777265e+00 1.80041943e+00 1.80055315e+00 1.80670137e+00
 1.80907635e+00 1.81002499e+00 1.81164409e+00 1.81483944e+00
 1.81974465e+00 1.81974785e+00 1.82033849e+00 1.82128745e+00
 1.82629056e+00 1.82807211e+00 1.82905779e+00 1.83005051e+00
 1.83100905e+00 1.83699578e+00 1.84313098e+00 1.84487303e+00
 1.84907993e+00 1.85978021e+00 1.86275795e+00 1.86289079e+00
 1.86450764e+00 1.86551171e+00 1.86580891e+00 1.86779123e+00
 1.87021346e+00 1.87327322e+00 1.87477007e+00 1.87481835e+00
 1.87555608e+00 1.87745342e+00 1.88337113e+00 1.88920227e+00
 1.89421853e+00 1.89493384e+00 1.89662253e+00 1.90033935e+00
 1.90039810e+00 1.90114743e+00 1.90285368e+00 1.90532372e+00
 1.90644744e+00 1.90723253e+00 1.90843555e+00 1.92106663e+00
 1.92213732e+00 1.92497846e+00 1.92517963e+00 1.93175601e+00
 1.93392055e+00 1.93701942e+00 1.93826935e+00 1.94174405e+00
 1.94850833e+00 1.95262539e+00 1.95608029e+00 1.95672014e+00
 1.96442630e+00 1.97091626e+00 1.97568107e+00 1.97976607e+00
 1.98959274e+00 1.99065532e+00 1.99311093e+00 1.99367360e+00
 1.99390231e+00 1.99755760e+00 1.99766160e+00 2.00163762e+00
 2.00305439e+00 2.00318337e+00 2.00411549e+00 2.00476477e+00
 2.01128107e+00 2.01412444e+00 2.01652548e+00 2.02436668e+00
 2.02743679e+00 2.02753970e+00 2.02943506e+00 2.03272032e+00
 2.03319585e+00 2.03380952e+00 2.03564595e+00 2.03789874e+00
 2.03829741e+00 2.03908244e+00 2.04403238e+00 2.04732786e+00
 2.05057118e+00 2.05438435e+00 2.05577785e+00 2.05689156e+00
 2.05698815e+00 2.05744544e+00 2.05759718e+00 2.05844988e+00
 2.05938894e+00 2.06326579e+00 2.06380428e+00 2.06717023e+00
 2.06792690e+00 2.06824817e+00 2.06963509e+00 2.07434149e+00
 2.07471129e+00 2.07862745e+00 2.08213658e+00 2.08271536e+00
 2.08709221e+00 2.08748238e+00 2.08925298e+00 2.09371604e+00
 2.09375719e+00 2.09438433e+00 2.10161789e+00 2.10657312e+00
 2.11056186e+00 2.11249251e+00 2.11376326e+00 2.11590657e+00
 2.11644963e+00 2.11749563e+00 2.12553113e+00 2.12828951e+00
 2.12846239e+00 2.13250278e+00 2.13337007e+00 2.14274628e+00
 2.14826778e+00 2.14932123e+00 2.14952832e+00 2.15001290e+00
 2.15518201e+00 2.15733294e+00 2.15938059e+00 2.16171593e+00
 2.16191534e+00 2.16481271e+00 2.16965528e+00 2.17238694e+00
 2.17378908e+00 2.17553829e+00 2.17626648e+00 2.17671956e+00
 2.17743882e+00 2.17821653e+00 2.18342338e+00 2.18613145e+00
 2.18624901e+00 2.18855803e+00 2.18870829e+00 2.18965659e+00
 2.19450803e+00 2.20025862e+00 2.20047101e+00 2.20068860e+00
 2.20138442e+00 2.20316507e+00 2.20951746e+00 2.21134529e+00
 2.21400309e+00 2.21504634e+00 2.21664922e+00 2.21826634e+00
 2.21925575e+00 2.22188626e+00 2.22872212e+00 2.23261688e+00
 2.23874079e+00 2.25161325e+00 2.25172683e+00 2.25180649e+00
 2.25238522e+00 2.25346131e+00 2.25747675e+00 2.25962125e+00
 2.26068549e+00 2.26073581e+00 2.26483483e+00 2.26705136e+00
 2.26797625e+00 2.26881883e+00 2.26884735e+00 2.26921866e+00
 2.27036106e+00 2.27840446e+00 2.27873499e+00 2.27952748e+00
 2.27981352e+00 2.28522844e+00 2.28848245e+00 2.28973582e+00
 2.28995947e+00 2.29172631e+00 2.29504974e+00 2.29869767e+00
 2.30040629e+00 2.30100905e+00 2.30136460e+00 2.30456406e+00
 2.31142571e+00 2.31458908e+00 2.31602197e+00 2.32449990e+00
 2.32490501e+00 2.32512569e+00 2.32687275e+00 2.32792633e+00
 2.33004537e+00 2.33926992e+00 2.34094581e+00 2.34157678e+00
 2.34460281e+00 2.34467705e+00 2.34905898e+00 2.35649185e+00
 2.35807660e+00 2.37252290e+00 2.37520955e+00 2.37548934e+00
 2.38208522e+00 2.38645459e+00 2.38741120e+00 2.39101984e+00
 2.39257158e+00 2.39336731e+00 2.39577007e+00 2.39630155e+00
 2.39853935e+00 2.40139262e+00 2.40541360e+00 2.40638299e+00
 2.40895995e+00 2.41250821e+00 2.41629527e+00 2.41845870e+00
 2.41898373e+00 2.42167487e+00 2.42248510e+00 2.42361230e+00
 2.42947135e+00 2.43813933e+00 2.44196477e+00 2.44269844e+00
 2.45067510e+00 2.45868199e+00 2.46579231e+00 2.46696779e+00
 2.47141727e+00 2.47840818e+00 2.47976255e+00 2.48020439e+00
 2.48059353e+00 2.48095380e+00 2.50301292e+00 2.50384290e+00
 2.50664412e+00 2.50815045e+00 2.50859354e+00 2.51676163e+00
 2.51796023e+00 2.52138153e+00 2.52299682e+00 2.52551092e+00
 2.52630325e+00 2.52795464e+00 2.52900422e+00 2.52948525e+00
 2.53047948e+00 2.53400874e+00 2.53404615e+00 2.53852759e+00
 2.53859782e+00 2.54079918e+00 2.54719512e+00 2.55452395e+00
 2.55589580e+00 2.55906674e+00 2.56063931e+00 2.56115239e+00
 2.56298351e+00 2.56381163e+00 2.57064404e+00 2.57618071e+00
 2.57636546e+00 2.57756579e+00 2.57988375e+00 2.58379705e+00
 2.58434147e+00 2.58670104e+00 2.60116719e+00 2.60156922e+00
 2.60556968e+00 2.61887018e+00 2.61990593e+00 2.62088040e+00
 2.62572355e+00 2.63114595e+00 2.63126728e+00 2.63236192e+00
 2.63282730e+00 2.63288823e+00 2.63995912e+00 2.64838667e+00
 2.65443146e+00 2.65745118e+00 2.66650457e+00 2.67057674e+00
 2.67095940e+00 2.67168223e+00 2.67235158e+00 2.67343766e+00
 2.67777667e+00 2.67919399e+00 2.67949490e+00 2.68489163e+00
 2.68615841e+00 2.69002042e+00 2.70180082e+00 2.70414910e+00
 2.70576874e+00 2.70597622e+00 2.70681844e+00 2.70757939e+00
 2.71207243e+00 2.71785956e+00 2.71828566e+00 2.72253655e+00
 2.73227650e+00 2.73887229e+00 2.75167426e+00 2.75234976e+00
 2.75384861e+00 2.75394489e+00 2.75457032e+00 2.75694840e+00
 2.75705303e+00 2.76653763e+00 2.76872045e+00 2.77038629e+00
 2.77277430e+00 2.77347651e+00 2.77594906e+00 2.77974880e+00
 2.79477061e+00 2.80041585e+00 2.80827297e+00 2.81166327e+00
 2.81735763e+00 2.82719615e+00 2.83347232e+00 2.83509192e+00
 2.83550535e+00 2.84088236e+00 2.84093917e+00 2.84286605e+00
 2.84288643e+00 2.84330088e+00 2.84413863e+00 2.86190995e+00
 2.86251438e+00 2.86458829e+00 2.86732077e+00 2.86857016e+00
 2.87008796e+00 2.87203358e+00 2.87505648e+00 2.87676789e+00
 2.88021047e+00 2.89459572e+00 2.89775024e+00 2.89958890e+00
 2.90924336e+00 2.91130470e+00 2.91559360e+00 2.92096234e+00
 2.92352143e+00 2.94818577e+00 2.95030951e+00 2.95037496e+00
 2.96891260e+00 2.97237968e+00 2.97409874e+00 2.98181759e+00
 2.98711742e+00 2.99264685e+00 2.99845027e+00 3.02000204e+00
 3.02697294e+00 3.03461043e+00 3.04888066e+00 3.05069595e+00
 3.05445335e+00 3.06224963e+00 3.06530692e+00 3.06627005e+00
 3.06685341e+00 3.06973545e+00 3.07510644e+00 3.07709106e+00
 3.08360945e+00 3.08799353e+00 3.10283524e+00 3.10323598e+00
 3.10363536e+00 3.10732725e+00 3.11565541e+00 3.12069561e+00
 3.12272435e+00 3.12589887e+00 3.12797839e+00 3.14217711e+00
 3.14432568e+00 3.14437050e+00 3.14587715e+00 3.15237205e+00
 3.15753310e+00 3.16158190e+00 3.16269384e+00 3.16563997e+00
 3.16968481e+00 3.17652795e+00 3.17816930e+00 3.18266655e+00
 3.18663591e+00 3.19871864e+00 3.19972816e+00 3.20111702e+00
 3.20528623e+00 3.20565799e+00 3.21291562e+00 3.21363576e+00
 3.22362923e+00 3.23540687e+00 3.23937571e+00 3.26950563e+00
 3.28862412e+00 3.29648262e+00 3.29943186e+00 3.30190091e+00
 3.32282993e+00 3.33340227e+00 3.35669917e+00 3.36102351e+00
 3.36743258e+00 3.37073314e+00 3.37099399e+00 3.39182879e+00
 3.40219698e+00 3.40446464e+00 3.40523183e+00 3.41603462e+00
 3.45725973e+00 3.47075391e+00 3.47238282e+00 3.47393552e+00
 3.47596137e+00 3.48402779e+00 3.50050046e+00 3.50570043e+00
 3.53446645e+00 3.53842348e+00 3.54411761e+00 3.56193350e+00
 3.58297659e+00 3.58553438e+00 3.60643023e+00 3.66439156e+00
 3.67206426e+00 3.68562019e+00 3.70032646e+00 3.73359105e+00
 3.73576415e+00 3.75680131e+00 3.83456274e+00 3.86353392e+00
 3.96222225e+00 4.04195479e+00 4.16571414e+00 4.29657501e+00]","[0.00080082 0.00082751 0.00084446 0.00086607 0.00087859 0.00089549
 0.00089839 0.00090395 0.00091035 0.00091703 0.00091915 0.00092531
 0.00092753 0.00093122 0.00093158 0.00093264 0.00093345 0.00094667
 0.00095858 0.00096545 0.00097098 0.00097501 0.00098202 0.00098728
 0.00098861 0.0009919  0.00099502 0.000996   0.00099601 0.00099666
 0.00100091 0.00100522 0.00100613 0.00101299 0.00101418 0.00101666
 0.00101686 0.001022   0.00102384 0.0010258  0.00102828 0.00103242
 0.00103329 0.00103389 0.00103646 0.00103991 0.00104078 0.00104132
 0.00104149 0.00104312 0.00104367 0.00104525 0.0010459  0.00104699
 0.00104737 0.00105057 0.00105184 0.00105187 0.00105416 0.00105534
 0.00105542 0.00105744 0.00105879 0.00106233 0.00106305 0.00106474
 0.00106484 0.00106558 0.00106574 0.00106728 0.00106754 0.00106869
 0.0010693  0.00107001 0.00107417 0.00107444 0.00107475 0.00107655
 0.00107658 0.0010787  0.00108332 0.0010846  0.00108478 0.0010917
 0.00109216 0.00109469 0.00109471 0.00109517 0.00109539 0.00109573
 0.00109594 0.00109882 0.00110007 0.00110042 0.0011005  0.00110184
 0.00110199 0.00110222 0.00110269 0.00110442 0.00110743 0.00110799
 0.00111047 0.00111289 0.00111311 0.00111342 0.00111445 0.00111465
 0.00111468 0.00111473 0.00111831 0.00111845 0.00111875 0.00111988
 0.00112216 0.00112632 0.00112874 0.00113358 0.00113497 0.00113729
 0.0011383  0.00113896 0.0011393  0.00114269 0.0011429  0.00114312
 0.00115146 0.00115362 0.00115592 0.00115933 0.00116392 0.00116473
 0.00116579 0.00117226 0.00117236 0.00117356 0.0011746  0.00117506
 0.00117532 0.00117608 0.00117615 0.00117696 0.00118218 0.00118233
 0.00118302 0.00118451 0.00118669 0.00119046 0.00119291 0.00119506
 0.00120105 0.00120282 0.00120391 0.00120528 0.00121127 0.00121191
 0.001212   0.00121434 0.00121613 0.00121776 0.00121945 0.00121987
 0.00122    0.00122593 0.0012273  0.00123337 0.00123344 0.00123562
 0.0012385  0.00123961 0.00124465 0.00124641 0.00125098 0.00125351
 0.00125669 0.00125722 0.00125882 0.00125895 0.00126338 0.00126394
 0.0012654  0.00126575 0.00126764 0.00126778 0.001268   0.0012729
 0.00127332 0.00127409 0.0012812  0.00128129 0.00128482 0.00128515
 0.00128643 0.00128805 0.0012947  0.0012956  0.00129611 0.001297
 0.0012979  0.00129798 0.00129824 0.00130073 0.0013015  0.00130151
 0.00130238 0.00130299 0.00130365 0.00130509 0.00130649 0.00130923
 0.00131277 0.00131677 0.00131801 0.00131841 0.00131851 0.00131912
 0.00131952 0.00132127 0.00132356 0.00132367 0.00132684 0.00132731
 0.00132821 0.00133086 0.00133135 0.00133518 0.00133582 0.00133955
 0.00133956 0.00134125 0.00134262 0.00134352 0.00134413 0.00134667
 0.00135024 0.00135509 0.00135516 0.00135682 0.00135758 0.00135903
 0.00136148 0.00136153 0.00136351 0.00136398 0.00136404 0.00136442
 0.0013659  0.00136873 0.00136875 0.00136881 0.00137029 0.00137039
 0.0013733  0.00137347 0.00137384 0.00137552 0.0013774  0.00137827
 0.00138006 0.00138195 0.00138215 0.00138388 0.00138686 0.00138723
 0.00138938 0.00139023 0.00139769 0.00139931 0.00140309 0.00140448
 0.00140472 0.00140624 0.0014091  0.00141128 0.00141207 0.00141428
 0.00141461 0.00141708 0.00141714 0.00141741 0.00141983 0.00142083
 0.00142108 0.0014211  0.00142146 0.00142342 0.00142394 0.00142447
 0.00142475 0.00142481 0.0014265  0.00142756 0.00142764 0.00142905
 0.00143016 0.00143022 0.0014353  0.00143545 0.00143945 0.00144255
 0.00144272 0.00144365 0.00144384 0.00144899 0.00144995 0.00145028
 0.00145081 0.00145167 0.00145324 0.00145355 0.00145756 0.00145863
 0.00146031 0.00146054 0.00146081 0.00146095 0.00146181 0.00146455
 0.00146551 0.00146572 0.00146627 0.00146655 0.00146664 0.0014673
 0.00146898 0.0014705  0.00147113 0.00147178 0.0014724  0.00147422
 0.00147809 0.00147873 0.00147929 0.00147958 0.00147995 0.00148028
 0.0014821  0.00148403 0.0014857  0.00148689 0.00148912 0.00148982
 0.00149082 0.0014926  0.00149362 0.00149652 0.00149689 0.00149825
 0.00149887 0.00149911 0.00150523 0.00150807 0.00151046 0.00151108
 0.00151188 0.00151199 0.00151252 0.00151256 0.00151327 0.00151444
 0.00151625 0.00151673 0.0015171  0.00151795 0.00151871 0.00152179
 0.00152434 0.00152677 0.00152694 0.00153397 0.00153682 0.00153691
 0.0015376  0.00153911 0.00154019 0.00154048 0.00154143 0.00154683
 0.00154684 0.00154701 0.00154832 0.00154847 0.0015511  0.00155181
 0.00155205 0.00155217 0.00155393 0.00155411 0.00155475 0.001555
 0.00155566 0.00155741 0.00155941 0.00156064 0.00156153 0.00156323
 0.00156331 0.00156371 0.00156637 0.00156783 0.00156833 0.00156837
 0.0015698  0.00156996 0.00157029 0.00157193 0.00157244 0.00157481
 0.00157485 0.00157513 0.00157793 0.00157868 0.00157999 0.00158005
 0.00158115 0.00158118 0.00158134 0.00158444 0.00158554 0.00158591
 0.00158713 0.00159009 0.00159116 0.00159528 0.00159649 0.0015969
 0.00159717 0.00159771 0.00159911 0.0015993  0.00159948 0.00160423
 0.00160521 0.00160527 0.00160652 0.00160683 0.00160926 0.00161116
 0.00161419 0.00161483 0.00161517 0.00161611 0.00161996 0.0016232
 0.00162569 0.00162749 0.00162765 0.00162822 0.00162979 0.00163295
 0.00163299 0.00163477 0.00163528 0.00163586 0.00163593 0.00163597
 0.00163884 0.00163923 0.00163972 0.00163987 0.00164135 0.00164205
 0.00164244 0.001646   0.00164631 0.00164781 0.0016498  0.00165109
 0.00165384 0.00165479 0.00165545 0.00165646 0.00165719 0.00165811
 0.0016591  0.0016606  0.00166175 0.00166279 0.00166341 0.00166445
 0.0016651  0.00166609 0.00166716 0.00166884 0.001669   0.0016703
 0.00167124 0.00167207 0.00167424 0.00167462 0.00167467 0.00167507
 0.00167875 0.00168107 0.00168224 0.00168328 0.00168343 0.00168397
 0.0016853  0.00168536 0.00168543 0.00168812 0.00168944 0.0016925
 0.00169508 0.00169912 0.00170166 0.00170188 0.00170291 0.00170324
 0.0017037  0.00170566 0.00170731 0.00170866 0.00170869 0.00171146
 0.00171192 0.00171229 0.00171317 0.00171613 0.00171658 0.00171695
 0.00171723 0.0017219  0.00172429 0.00172766 0.00172805 0.00172865
 0.0017313  0.00173203 0.0017337  0.00173583 0.00173584 0.00173755
 0.00173831 0.00173897 0.00173961 0.0017419  0.00174257 0.00174288
 0.0017444  0.00175293 0.0017556  0.00175802 0.00175971 0.00177087
 0.00177311 0.00177851 0.00177905 0.00177935 0.00178424 0.00178444
 0.0017885  0.00179457 0.00179669 0.00179711 0.0017984  0.00180011
 0.00180034 0.00180308 0.00180977 0.00181297 0.00181493 0.00181605
 0.0018165  0.00181899 0.00182028 0.00182112 0.00182247 0.0018272
 0.00183299 0.00183509 0.00183626 0.00183726 0.00183815 0.00183824
 0.00183872 0.00183949 0.00183993 0.0018411  0.00184222 0.00184585
 0.00184667 0.00184806 0.00185326 0.00185743 0.00185828 0.00186408
 0.00186635 0.00187284 0.00187672 0.0018783  0.00187873 0.00187985
 0.00188214 0.00188801 0.00188984 0.00189306 0.00189422 0.00189475
 0.00189925 0.00190067 0.00190099 0.00190387 0.00190428 0.00190485
 0.00190513 0.0019063  0.00190885 0.00191075 0.00191216 0.00191323
 0.00191462 0.00191494 0.00191695 0.00191711 0.00192068 0.00192238
 0.00192352 0.0019246  0.00192532 0.00192542 0.00192612 0.0019304
 0.00193078 0.00193193 0.00193236 0.00193909 0.00194029 0.00194351
 0.00194796 0.00194958 0.00194996 0.00195144 0.00195258 0.0019548
 0.00195524 0.00195685 0.00196383 0.00196462 0.0019677  0.00197193
 0.00197248 0.00197322 0.00197408 0.00197599 0.00197803 0.00198222
 0.0019838  0.00198708 0.0019875  0.00199342 0.00199837 0.00200168
 0.00201206 0.00201908 0.00201981 0.0020233  0.00202381 0.00202593
 0.00202853 0.00203422 0.00203481 0.00203701 0.00203716 0.00203796
 0.00203836 0.00203847 0.00204293 0.00204547 0.002046   0.00204852
 0.00204979 0.00205214 0.00205418 0.00205787 0.00205798 0.00205894
 0.00205951 0.00206323 0.00207633 0.00207683 0.00208367 0.00208409
 0.00208446 0.00208667 0.00208876 0.002089   0.00209264 0.0020934
 0.00209627 0.00209688 0.00209692 0.00209859 0.00210707 0.00211168
 0.00211264 0.00211516 0.00211688 0.00211713 0.00211735 0.00212489
 0.00212619 0.00212743 0.00213046 0.0021315  0.00213419 0.00213724
 0.0021375  0.00214094 0.00214184 0.00214288 0.00214731 0.00214982
 0.00215404 0.00215659 0.00215867 0.00216147 0.00216285 0.00216373
 0.00216383 0.0021649  0.00216565 0.00216644 0.00217133 0.00217384
 0.00217409 0.00217912 0.00218069 0.00218079 0.00218308 0.00218324
 0.00218519 0.00218614 0.00218644 0.00219116 0.00219123 0.00219334
 0.00219532 0.00219916 0.00220718 0.00220827 0.00220868 0.00220919
 0.0022125  0.00221311 0.00221318 0.00222404 0.00222811 0.00222884
 0.00223142 0.00223156 0.00223229 0.00224794 0.00225304 0.00225533
 0.002257   0.00225718 0.00226131 0.00226253 0.0022652  0.00226573
 0.00226884 0.00227371 0.00227494 0.00227558 0.00227849 0.00228103
 0.0022848  0.00229533 0.00229589 0.00229776 0.00229827 0.00229939
 0.00230181 0.00230228 0.00230825 0.00231019 0.00231192 0.00231868
 0.00232023 0.00232293 0.00232515 0.00232533 0.00232985 0.00232999
 0.00233158 0.00233173 0.00233248 0.00233289 0.0023352  0.00233848
 0.0023418  0.00234193 0.00234225 0.00235061 0.00235067 0.00235347
 0.00235609 0.00235743 0.00235956 0.00236221 0.00237766 0.00238034
 0.00238562 0.00238572 0.00239144 0.00239442 0.00240229 0.00240548
 0.00240747 0.00241366 0.00241815 0.00242888 0.00243032 0.00243431
 0.00244018 0.00244712 0.00245258 0.00245764 0.00246162 0.00246249
 0.00246624 0.00247453 0.00247594 0.00247692 0.00248015 0.0024873
 0.00248959 0.00248992 0.00249522 0.00249865 0.00250427 0.00251109
 0.0025137  0.00251838 0.00252029 0.00252193 0.00252542 0.00252645
 0.00253607 0.0025361  0.00254513 0.00254774 0.00255145 0.00255199
 0.00255288 0.00255318 0.00255451 0.00256055 0.00256592 0.00256766
 0.00256893 0.00256949 0.00257062 0.00257447 0.00257965 0.00258243
 0.00258248 0.00258522 0.00259855 0.00260016 0.00260042 0.00260941
 0.00262482 0.00262621 0.002628   0.0026297  0.00262999 0.00263263
 0.00263354 0.00263524 0.00263572 0.00263786 0.0026412  0.00264275
 0.0026487  0.00265831 0.00266025 0.00266031 0.00266388 0.00267135
 0.00267411 0.00267933 0.00267973 0.00269003 0.00269481 0.00269839
 0.0027013  0.00270654 0.00271582 0.00272457 0.0027327  0.0027345
 0.00273967 0.00274339 0.00274383 0.00274448 0.00275653 0.00275746
 0.00275748 0.00276652 0.00277034 0.00277047 0.0027719  0.0027721
 0.00278024 0.00278377 0.0027838  0.00278421 0.00278603 0.00278656
 0.00278676 0.00279497 0.00280573 0.00280582 0.00282367 0.00282465
 0.00282887 0.00282932 0.00283356 0.00283375 0.00283398 0.00283605
 0.002844   0.00284505 0.00284878 0.00287513 0.00288245 0.00288429
 0.00289774 0.002904   0.00290834 0.00291038 0.00291189 0.00291686
 0.00292976 0.00293299 0.00293829 0.0029472  0.00297524 0.00298594
 0.00299424 0.00299846 0.00300244 0.00300314 0.00301358 0.003017
 0.0030199  0.00302056 0.00303001 0.00304192 0.00307691 0.00308776
 0.00309838 0.00310389 0.00311534 0.00312336 0.00315325 0.00316886
 0.00317116 0.00317173 0.00318639 0.00319623 0.00319667 0.00320484
 0.00320837 0.00321263 0.00323115 0.00325144 0.00326993 0.00327328
 0.00328257 0.00328751 0.00329675 0.00330534 0.00332405 0.00333843
 0.00334021 0.00334144 0.00334334 0.0033505  0.00335191 0.00335246
 0.00335772 0.00342485 0.00343255 0.00346137 0.00355845 0.00360175
 0.0036157  0.00363798 0.00368466 0.00374548 0.00378025 0.00378098
 0.00387846 0.00406359 0.00440819 0.00454884]","{'complete inhibition': 0, 'adapting inhibition': 1, 'partial inhibition': 2, 'no effect': 3, 'excitation': 4, 'biphasic IE': 5, 'biphasic EI': 6}",23.1,0.6171731343220754,0.10501554082011089,0.1513949999999987,0.9234049999999904,6.2,0.4549639290002344,0.15014261931817968,0.42904500000000495,0.9244174999999956,True,0.8,"[1.  1.  1.  1.  1.  1.  1.  1.  1.  1.  1.  0.9 0.8 0.8 0.8 0.8 0.8 0.8
 0.8 0.8]",27.10607380443722,1.0769679301301731,0.03690206586826348,23.08314962520297,0.918499996063565,0.03189423347398033,2.952228724366767,0.002757465265077584,partial inhibition,2
219,AG8019,7,061422,1.7,5,Naive,89,1,left,/Users/johnparker/paper_repos/Aristieta_Parker_Gao_Gittis_Rubin_2024_D1_GPe/data/d1_msns/pre_processed_data/Naive_D1-MSNs_cell_body_stim/Neuron_0089,/Users/johnparker/paper_repos/Aristieta_Parker_Gao_Gittis_Rubin_2024_D1_GPe/data/d1_msns/pre_processed_data/Naive_D1-MSNs_cell_body_stim,Naive_D1-MSNs_cell_body_stim,True,25,250,0.025,/Users/johnparker/paper_repos/Aristieta_Parker_Gao_Gittis_Rubin_2024_D1_GPe/data/d1_msns/processed_data/Naive_D1-MSNs_cell_body_stim/Neuron_0089,10,0.05,"['excitation', 'adapting inhibition', 'no effect', 'excitation', 'no effect', 'partial inhibition', 'partial inhibition', 'excitation', 'partial inhibition', 'no effect']",[4 1 3 4 3 2 2 4 2 3],1.0,1.0,1.0,0.0,99,90,3,3,2,2,"[3.08704713e-07 2.01930399e-06 5.30349893e-06 ... 3.72711028e+00
 3.92707965e+00 3.99288098e+00]",[0.00074179 0.00085226 0.00091896 ... 0.00968786 0.0105995  0.01078008],"{'complete inhibition': 0, 'adapting inhibition': 1, 'partial inhibition': 2, 'no effect': 3, 'excitation': 4, 'biphasic IE': 5, 'biphasic EI': 6}",29.6,0.7092078349321701,0.03527918719343377,0.020937500000000143,0.9657249999999941,33.1,0.8032010579880433,0.03103481796161169,0.020344999999993972,0.9777575000000042,True,2.8,"[0.2 0.1 0.3 0.3 0.  0.3 0.5 0.3 0.3 0.3 0.3 0.4 0.5 0.5 0.5 0.5 0.6 0.2
 0.3 0.5]",24.83197487923393,0.7447499511804209,0.04029094262295082,30.180713121034522,0.7561603785930019,0.033097808496291334,2.3901643960268637,0.003760847558976667,no effect,3
220,AG8019,7,061422,1.4,1,Naive,74,14,right,/Users/johnparker/paper_repos/Aristieta_Parker_Gao_Gittis_Rubin_2024_D1_GPe/data/d1_msns/pre_processed_data/Naive_D1-MSNs_cell_body_stim/Neuron_0074,/Users/johnparker/paper_repos/Aristieta_Parker_Gao_Gittis_Rubin_2024_D1_GPe/data/d1_msns/pre_processed_data/Naive_D1-MSNs_cell_body_stim,Naive_D1-MSNs_cell_body_stim,True,25,250,0.025,/Users/johnparker/paper_repos/Aristieta_Parker_Gao_Gittis_Rubin_2024_D1_GPe/data/d1_msns/processed_data/Naive_D1-MSNs_cell_body_stim/Neuron_0074,10,0.05,"['complete inhibition', 'complete inhibition', 'complete inhibition', 'complete inhibition', 'complete inhibition', 'partial inhibition', 'complete inhibition', 'complete inhibition', 'complete inhibition', 'complete inhibition']",[0 0 0 0 0 2 0 0 0 0],1.0,1.0,1.0,0.0,99,90,3,3,2,2,"[1.0995537145654635, 1.9659871021260964, 1.440697896147686, 1.6076836520707285, 2.1634862847783145, 2.9108177274797664, 3.183188824446677, 3.2172239949542902, 1.326677136951588, 1.0678705387259035, 1.9282327726313047, 2.255685200673426, 1.0638584908139124, 0.6759517954798295, 0.6606504595467233, 1.4664675545139534, 1.0039649027180912, 0.8790869944111277, 1.7567027420560857, 1.2142649833669674, 0.8719667882391603, 2.032918422311625, 1.4845406930543499, 1.2276278483241414, 0.7592001811474193, 2.3128338373339354, 1.337170707685628, 1.6567231425745457, 2.8778339297853934, 1.7946423126013098, 1.306751193395986, 1.9018908155267626, 1.5294877398549294, 0.9568044806886746, 1.6453600406519582, 1.3424164729613677, 1.352875558282772, 2.731146876131303, 2.4995389772392445, 1.2105878263632062, 0.5642414800463333, 1.864701481390198, 2.591268624102298, 1.110020386702774, 1.0618483616938852, 2.047993592225955, 1.987354080078, 2.512702716373653, 1.9553898854376877, 1.6674228427254736, 1.928053184680639, 0.7628584120250046, 1.2283656263906524, 1.1339711436319644, 1.9680767791060438, 2.4130120179902064, 2.7225820541563293, 1.5611213340884735, 0.9715828269813586, 0.699333649124117, 0.62581760015803, 1.7710757053239385, 1.033384627465299, 2.314282877088708, 2.4392234650444693, 1.197936244004495, 1.008296965166017, 0.8337760991482461, 1.6073226557042755, 1.3869888058268944, 2.4832948479868437, 3.6519686463629504, 1.650295681273596, 1.3673851537042252, 2.4404038547218767, 1.8105537012610808, 1.8832136327512732, 0.9248714646308588, 1.635957191666885, 0.8454358330704607, 0.994733450373303, 2.6313663207935707, 1.995938951237844, 1.5936134198302276, 3.337942062993426, 2.803652807030651, 1.913895134729811, 1.6555009534545462, 1.9148719662765166, 1.1454910214114393, 1.0142415121038684, 2.229491294156668, 0.9211962303127952, 0.7517358425929357, 1.1552431348665242, 1.4043896765140929, 1.3316525133079464, 1.7311788781054012, 1.252353119591069, 1.0945289111799053, 0.5610395557136982, 1.8076411181148115, 1.554211515823846, 1.4387378085260067, 2.6699034346852657, 2.031804005339727, 1.4056449792245882, 1.281091929928172, 1.5338269295327556, 0.7117307030121437, 1.2515260445684433, 2.495691851952363, 2.10600942805985, 1.17398225264877, 1.243083487687166, 1.8771082359813889, 3.1791781537166157, 2.704431873214056, 1.0740793134361875, 0.7190632343474255, 0.6068044954257085, 1.3069662878198163, 2.3768898402572245, 3.1681548796937182, 1.444715865841309, 1.1136137752323323, 3.3043577180539345, 2.164820050819939, 1.183915151220941, 1.1167114562407914, 0.6088234384166483, 0.7476286155960583, 1.1907011817691386, 1.956445847851778, 1.7016595666183543, 2.0847896047337144, 2.572911731307002, 1.3079360401771611, 1.28524910265246, 1.5409960134729728, 0.8701031869182413, 1.9866013870582377, 1.2999867757017878, 2.03191239178407, 2.2817214159376373, 1.405312092633147, 0.913999298923945, 0.8224259659876063, 3.360213886160121, 3.1466193393124846, 1.243592845601705, 1.6062935040709756, 2.4650399190001844, 2.061163881916733, 1.9981349571415516, 1.4354212251377583, 1.3006289959994082, 1.3124734666457936, 0.6115570180165418, 0.6811440168764028, 0.983613254510433, 2.3314169048976185, 1.5842257883709583, 2.47810850507068, 2.137207928193361, 1.356402972357807, 0.6526777362947463, 0.8082410627984472, 1.8175661422692835, 1.7903064325172926, 1.599962999182675, 1.7583543483883486, 2.583911009863227, 1.0459578192388235, 1.3297190748887644, 3.336700748372109, 2.231297490509602, 1.6393301169136232, 0.8247249985190721, 0.6137671456429434, 0.5840321272692495, 1.8614597398841424, 2.0495967414479073, 2.046269709791339, 1.3534116944491568, 1.981805396778225, 2.4960897497204866, 2.8842379284745654, 1.7252348445211798, 2.1203139894222955, 0.9752459853970628, 1.0863939778772644, 2.3146023283202855, 2.7485126549083425, 2.9017553729044065, 1.1175880367673947, 1.3668869253158136, 0.591624503651431, 0.6693675869107045, 0.10058152096746115]","[0.0015978847465900534, 0.001582786327589302, 0.0015234970761443967, 0.0014328736520987492, 0.0012657370127249858, 0.0011272527196948923, 0.0014160051417850801, 0.0015074793454878943, 0.0016049143060459852, 0.001743161789423861, 0.002274723947917803, 0.0024628120946722713, 0.002605391405344616, 0.0026998435822807223, 0.0029788996800280214, 0.002746862449461099, 0.002223451162951861, 0.0020901293078474186, 0.00214704860194171, 0.0018223887676776592, 0.0017913053225360623, 0.0018654516209651011, 0.0017097543621255877, 0.0015958119652087288, 0.0016970812194296101, 0.0014613585414854867, 0.0013426140293938149, 0.0014511390780805042, 0.0014674260917196774, 0.0017313111181297652, 0.0019717609764995977, 0.0020547877160908157, 0.0024241514147872855, 0.0028770828335859372, 0.0026758867820000647, 0.002440239289658092, 0.0023506031221485583, 0.0019219354331573137, 0.0014987379205404848, 0.0012912275860581558, 0.0019368559716176836, 0.002066548907498165, 0.002260661338127501, 0.002345071140502382, 0.002170859084666259, 0.001813262866940672, 0.001694116155530608, 0.0016184415405499323, 0.0017880489239628366, 0.0018799283318750861, 0.0020318729364475685, 0.002004308992443278, 0.002098005296326979, 0.0021292219587140137, 0.00218419523085076, 0.0020460391300963846, 0.0019532115286253525, 0.001529157558156127, 0.0011324426006418052, 0.0009918267740117927, 0.0016064545613426722, 0.001553859767523478, 0.0016670943056220282, 0.001863288144057966, 0.0019319687347887653, 0.0018157934319846833, 0.0022440864815450293, 0.0026106701012464915, 0.0025348734137381557, 0.002430014585693918, 0.0023429196759092597, 0.0018978300881454604, 0.0013664240880866122, 0.0012135619311252502, 0.0014868036125278523, 0.0015308289307483832, 0.0016176636430607308, 0.001677343077479306, 0.0016974938312789632, 0.0014701276819459753, 0.002162225196035616, 0.001886756177219127, 0.0017954929440818829, 0.001860955318309656, 0.0016051911360206311, 0.001451152143611964, 0.0013825782592971627, 0.001309535309232941, 0.0011496481555588276, 0.0013751521876893854, 0.001879261921582939, 0.002375643877360119, 0.0025252054976738873, 0.002691010658921541, 0.002527587129859914, 0.002207873336374523, 0.001970209626772596, 0.0019815795053107097, 0.0019633519035928406, 0.0018911106593597837, 0.0011219778299869727, 0.001133754291822716, 0.0011757030865509506, 0.0013079600063454632, 0.0017013261995223196, 0.001983460774800182, 0.0021101014233425946, 0.0024682043094305583, 0.002439816634628452, 0.0022483959112845247, 0.0021572233773358793, 0.0021401420771798526, 0.0019723856609563896, 0.0019114531937782853, 0.0017125800600582633, 0.0017462927112189106, 0.0017494849465613878, 0.0015267046964021448, 0.0015142558719464603, 0.0016207620400082179, 0.0019153483475237004, 0.0017059780549760813, 0.0017927836143629772, 0.0018433812602166296, 0.0016422045891132462, 0.001572251495144043, 0.0016289926130080327, 0.001693326548389243, 0.0015808910752345342, 0.0015342472828771317, 0.0015849996097136803, 0.0016247183884013725, 0.0016342269250403745, 0.0016419277360961184, 0.0017899563718394012, 0.002115898125663299, 0.0021314770437021436, 0.001955758951111615, 0.0020757054059105245, 0.0019837547125640064, 0.0011714082456356222, 0.0010898560092695957, 0.0011655735394226054, 0.0012154616640279437, 0.0014189194997443627, 0.0017571798897770268, 0.0020473188652781076, 0.00239439249343705, 0.0025689111294651817, 0.002600260013519407, 0.0024968919579227565, 0.0024049758301565487, 0.0021923731735065846, 0.00205145443838816, 0.001869471706420602, 0.0017179123710542163, 0.0019933151166089927, 0.00213349272822483, 0.0022485716937061606, 0.002539006366135155, 0.0016253664974251094, 0.0015201492999647992, 0.0016783890412065208, 0.0018036102544389241, 0.0018958366475336312, 0.001987683164567849, 0.002084261684919821, 0.0021288686779457433, 0.0023564621794881888, 0.002600779926527178, 0.0026676603802197377, 0.002550940877952271, 0.0021985947907138146, 0.0016621381607987986, 0.0014829735401871386, 0.0014494672673730214, 0.001505647041920342, 0.0016479921279311425, 0.0017093378020670111, 0.0014460645420927203, 0.0017215906134914647, 0.001559924108294176, 0.001423124759825762, 0.0014062117009817497, 0.0014047210170272083, 0.001832269648317555, 0.0021238847040582504, 0.0021708012330242422, 0.002024247784061567, 0.002190621604322714, 0.0017793694441166847, 0.0017057123579554798, 0.0021794900634790537, 0.00239776962314549, 0.002168019533861523, 0.0021268053886484227, 0.002001317468523905, 0.001616616319824362, 0.0013764379680553938, 0.001380030348852661]","{'complete inhibition': 0, 'adapting inhibition': 1, 'partial inhibition': 2, 'no effect': 3, 'excitation': 4, 'biphasic IE': 5, 'biphasic EI': 6}",29.3,0.5401324190108755,0.09621780711357698,0.16026499999999472,0.8780599999999879,1.2,0.16159258170669433,0.02946683333333302,0.6085324999999955,0.730454999999995,True,0.2,[1. 1. 1. 1. 1. 1. 1. 1. 1. 1. 1. 1. 1. 1. 1. 1. 1. 1. 1. 1.],49.55449289829169,0.5666131889410525,0.019825359490550535,31.523576796490282,0.7263501926671041,0.02622362726098188,,,complete inhibition,0
221,AG8019,7,061422,1.7,2,Naive,80,8,right,/Users/johnparker/paper_repos/Aristieta_Parker_Gao_Gittis_Rubin_2024_D1_GPe/data/d1_msns/pre_processed_data/Naive_D1-MSNs_cell_body_stim/Neuron_0080,/Users/johnparker/paper_repos/Aristieta_Parker_Gao_Gittis_Rubin_2024_D1_GPe/data/d1_msns/pre_processed_data/Naive_D1-MSNs_cell_body_stim,Naive_D1-MSNs_cell_body_stim,True,25,250,0.025,/Users/johnparker/paper_repos/Aristieta_Parker_Gao_Gittis_Rubin_2024_D1_GPe/data/d1_msns/processed_data/Naive_D1-MSNs_cell_body_stim/Neuron_0080,10,0.05,"['adapting inhibition', 'biphasic IE', 'biphasic IE', 'biphasic IE', 'biphasic IE', 'biphasic IE', 'biphasic IE', 'biphasic IE', 'biphasic IE', 'biphasic IE']",[1 5 5 5 5 5 5 5 5 5],1.0,1.0,1.0,0.0,99,90,3,3,2,2,[0.30062226 0.5467265  0.57276411 ... 4.24917056 4.36218375 4.48022287],[0.36477733 0.61779229 0.76851649 ... 4.36218375 4.42545493 4.48022287],"{'complete inhibition': 0, 'adapting inhibition': 1, 'partial inhibition': 2, 'no effect': 3, 'excitation': 4, 'biphasic IE': 5, 'biphasic EI': 6}",53.7,0.41997297148861656,0.01866395746109161,0.009550000000015758,0.9890475000000045,56.5,0.971851654382713,0.018130593657008094,0.08626999999999896,0.995125000000003,False,4.6,"[1.  1.  0.5 0.7 0.4 0.2 0.2 0.4 0.8 0.5 0.6 1.1 1.  1.3 1.3 1.4 1.1 1.4
 1.4 1.2]",51.21422771110742,0.44785656220556647,0.01951901072705602,50.48201476527745,0.5906228660859648,0.01980005038291011,3.2568395729578006,1.8459422759677493,biphasic IE,5
222,AG8019,7,061422,1.1,3,Naive,87,5,right,/Users/johnparker/paper_repos/Aristieta_Parker_Gao_Gittis_Rubin_2024_D1_GPe/data/d1_msns/pre_processed_data/Naive_D1-MSNs_cell_body_stim/Neuron_0087,/Users/johnparker/paper_repos/Aristieta_Parker_Gao_Gittis_Rubin_2024_D1_GPe/data/d1_msns/pre_processed_data/Naive_D1-MSNs_cell_body_stim,Naive_D1-MSNs_cell_body_stim,True,25,250,0.025,/Users/johnparker/paper_repos/Aristieta_Parker_Gao_Gittis_Rubin_2024_D1_GPe/data/d1_msns/processed_data/Naive_D1-MSNs_cell_body_stim/Neuron_0087,10,0.05,"['complete inhibition', 'complete inhibition', 'complete inhibition', 'complete inhibition', 'complete inhibition', 'complete inhibition', 'complete inhibition', 'complete inhibition', 'complete inhibition', 'complete inhibition']",[0 0 0 0 0 0 0 0 0 0],1.0,1.0,1.0,0.0,99,90,3,3,2,2,[],[],"{'complete inhibition': 0, 'adapting inhibition': 1, 'partial inhibition': 2, 'no effect': 3, 'excitation': 4, 'biphasic IE': 5, 'biphasic EI': 6}",19.2,0.5811178626058507,0.05122921102150587,0.07853499999999088,0.9517124999999993,0.2,0.0,0.0,0.8893175000000042,0.8893175000000042,True,0.0,[1. 1. 1. 1. 1. 1. 1. 1. 1. 1. 1. 1. 1. 1. 1. 1. 1. 1. 1. 1.],14.498661564383246,0.86284774166138,0.06880838008415147,23.2709609982958,2.460535477783801,0.03777687772925769,,,complete inhibition,0
223,AG7960,1,062122,1.1,6,Naive,73,12,left,/Users/johnparker/paper_repos/Aristieta_Parker_Gao_Gittis_Rubin_2024_D1_GPe/data/d1_msns/pre_processed_data/Naive_D1-MSNs_cell_body_stim/Neuron_0073,/Users/johnparker/paper_repos/Aristieta_Parker_Gao_Gittis_Rubin_2024_D1_GPe/data/d1_msns/pre_processed_data/Naive_D1-MSNs_cell_body_stim,Naive_D1-MSNs_cell_body_stim,True,25,250,0.025,/Users/johnparker/paper_repos/Aristieta_Parker_Gao_Gittis_Rubin_2024_D1_GPe/data/d1_msns/processed_data/Naive_D1-MSNs_cell_body_stim/Neuron_0073,10,0.05,"['no effect', 'partial inhibition', 'adapting inhibition', 'biphasic IE', 'adapting inhibition', 'adapting inhibition', 'complete inhibition', 'biphasic EI', 'complete inhibition', 'complete inhibition']",[3 2 1 5 1 1 0 6 0 0],1.0,1.0,1.0,0.0,99,90,3,3,2,2,"[3.90780482e-63 3.90780482e-63 1.04678999e-61 ... 1.41107522e+00
 1.48347586e+00 1.50004862e+00]",[0.00205781 0.00206435 0.0022174  ... 0.02344219 0.02344219 0.02344219],"{'complete inhibition': 0, 'adapting inhibition': 1, 'partial inhibition': 2, 'no effect': 3, 'excitation': 4, 'biphasic IE': 5, 'biphasic EI': 6}",8.0,0.5120684866861224,0.0974450847763333,0.18361000000000516,0.8888324999999959,8.1,0.640325866359163,0.11501038507326618,0.17065249999999282,0.8737675000000038,True,1.9,"[1.1 0.9 0.7 0.8 0.7 0.6 0.6 0.3 0.5 0.3 0.3 0.3 0.5 0.3 0.4 0.4 0.6 0.6
 0.6 0.9]",11.618699415515778,1.1699536273395568,0.08590917721518987,4.259101892485418,1.0104375580275613,0.2214127884615384,0.9293036277916138,0.015078186267484871,no effect,3
224,AG8019,8,060922,1.1,6,Naive,18,10,left,/Users/johnparker/paper_repos/Aristieta_Parker_Gao_Gittis_Rubin_2024_D1_GPe/data/d1_msns/pre_processed_data/Naive_D1-MSNs_cell_body_stim/Neuron_0018,/Users/johnparker/paper_repos/Aristieta_Parker_Gao_Gittis_Rubin_2024_D1_GPe/data/d1_msns/pre_processed_data/Naive_D1-MSNs_cell_body_stim,Naive_D1-MSNs_cell_body_stim,True,25,250,0.025,/Users/johnparker/paper_repos/Aristieta_Parker_Gao_Gittis_Rubin_2024_D1_GPe/data/d1_msns/processed_data/Naive_D1-MSNs_cell_body_stim/Neuron_0018,10,0.05,"['complete inhibition', 'complete inhibition', 'complete inhibition', 'complete inhibition', 'complete inhibition', 'complete inhibition', 'complete inhibition', 'complete inhibition', 'complete inhibition', 'complete inhibition']",[0 0 0 0 0 0 0 0 0 0],1.0,1.0,1.0,0.0,99,90,3,3,2,2,[],[],"{'complete inhibition': 0, 'adapting inhibition': 1, 'partial inhibition': 2, 'no effect': 3, 'excitation': 4, 'biphasic IE': 5, 'biphasic EI': 6}",21.3,0.599901237745768,0.04750723763736227,0.02688999999999737,0.956422499999988,1.6,0.09095944433319862,0.10731062499999951,0.4690249999999928,0.6373949999999915,True,0.0,[1. 1. 1. 1. 1. 1. 1. 1. 1. 1. 1. 1. 1. 1. 1. 1. 1. 1. 1. 1.],23.362410412609982,0.7260904166170015,0.042743744531933504,13.805060698360444,2.648081120982448,0.07181866666666657,,,complete inhibition,0
225,AG8017,4,070722,1.7,2,Naive,27,5,right,/Users/johnparker/paper_repos/Aristieta_Parker_Gao_Gittis_Rubin_2024_D1_GPe/data/d1_msns/pre_processed_data/Naive_D1-MSNs_cell_body_stim/Neuron_0027,/Users/johnparker/paper_repos/Aristieta_Parker_Gao_Gittis_Rubin_2024_D1_GPe/data/d1_msns/pre_processed_data/Naive_D1-MSNs_cell_body_stim,Naive_D1-MSNs_cell_body_stim,True,25,250,0.025,/Users/johnparker/paper_repos/Aristieta_Parker_Gao_Gittis_Rubin_2024_D1_GPe/data/d1_msns/processed_data/Naive_D1-MSNs_cell_body_stim/Neuron_0027,10,0.05,"['complete inhibition', 'complete inhibition', 'complete inhibition', 'complete inhibition', 'complete inhibition', 'complete inhibition', 'complete inhibition', 'complete inhibition', 'complete inhibition', 'complete inhibition']",[0 0 0 0 0 0 0 0 0 0],1.0,1.0,1.0,0.0,99,90,3,3,2,2,[],[],"{'complete inhibition': 0, 'adapting inhibition': 1, 'partial inhibition': 2, 'no effect': 3, 'excitation': 4, 'biphasic IE': 5, 'biphasic EI': 6}",12.3,0.7129841435298012,0.08942466543872632,0.04335750000001681,0.9703000000000038,0.6,0.0341252699783964,0.025464999999999804,0.7793000000000013,0.8302300000000009,True,0.0,[1. 1. 1. 1. 1. 1. 1. 1. 1. 1. 1. 1. 1. 1. 1. 1. 1. 1. 1. 1.],9.70853167560155,0.8284526134131036,0.1029802713987474,11.690690226036867,0.8842230657445941,0.08321897746967084,,,complete inhibition,0
226,AG8017,4,070722,1.4,4,Naive,20,12,left,/Users/johnparker/paper_repos/Aristieta_Parker_Gao_Gittis_Rubin_2024_D1_GPe/data/d1_msns/pre_processed_data/Naive_D1-MSNs_cell_body_stim/Neuron_0020,/Users/johnparker/paper_repos/Aristieta_Parker_Gao_Gittis_Rubin_2024_D1_GPe/data/d1_msns/pre_processed_data/Naive_D1-MSNs_cell_body_stim,Naive_D1-MSNs_cell_body_stim,True,25,250,0.025,/Users/johnparker/paper_repos/Aristieta_Parker_Gao_Gittis_Rubin_2024_D1_GPe/data/d1_msns/processed_data/Naive_D1-MSNs_cell_body_stim/Neuron_0020,10,0.05,"['excitation', 'excitation', 'excitation', 'excitation', 'excitation', 'excitation', 'partial inhibition', 'partial inhibition', 'partial inhibition', 'complete inhibition']",[4 4 4 4 4 4 2 2 2 0],1.0,1.0,1.0,0.0,99,90,3,3,2,2,"[5.79985351e-03 2.13576565e-02 4.34360912e-02 ... 5.86991356e+00
 5.93564499e+00 6.08365469e+00]","[4.87407308e-03 5.79512643e-03 2.09684191e-02 ... 6.09972256e+00
 6.37633287e+00 6.67389821e+00]","{'complete inhibition': 0, 'adapting inhibition': 1, 'partial inhibition': 2, 'no effect': 3, 'excitation': 4, 'biphasic IE': 5, 'biphasic EI': 6}",48.6,0.5954484584721667,0.022278218766249053,0.012470000000001846,0.9824425000000098,61.4,0.6092160747971824,0.019368883100662197,0.11440250000001555,0.858117500000008,False,3.0,"[0.4 1.3 1.3 1.1 1.1 1.2 1.1 1.2 1.3 1.1 1.1 1.3 1.2 1.2 1.3 1.2 1.  1.3
 1.3 0.6]",46.65539974968312,0.6369748041948318,0.02100419871794872,27.52289921158154,1.4740786262017307,0.03399434782608694,3.7305468222853393,1.214427629414303,excitation,4
227,AG8017,4,070722,1.7,5,Naive,29,13,left,/Users/johnparker/paper_repos/Aristieta_Parker_Gao_Gittis_Rubin_2024_D1_GPe/data/d1_msns/pre_processed_data/Naive_D1-MSNs_cell_body_stim/Neuron_0029,/Users/johnparker/paper_repos/Aristieta_Parker_Gao_Gittis_Rubin_2024_D1_GPe/data/d1_msns/pre_processed_data/Naive_D1-MSNs_cell_body_stim,Naive_D1-MSNs_cell_body_stim,True,25,250,0.025,/Users/johnparker/paper_repos/Aristieta_Parker_Gao_Gittis_Rubin_2024_D1_GPe/data/d1_msns/processed_data/Naive_D1-MSNs_cell_body_stim/Neuron_0029,10,0.05,"['no effect', 'partial inhibition', 'partial inhibition', 'adapting inhibition', 'partial inhibition', 'partial inhibition', 'partial inhibition', 'adapting inhibition', 'biphasic EI', 'partial inhibition']",[3 2 2 1 2 2 2 1 6 2],1.0,1.0,1.0,0.0,99,90,3,3,2,2,"[3.19949982e-08 1.80624128e-07 1.10552505e-05 ... 4.64172453e+00
 4.67404101e+00 5.81109738e+00]",[0.00062947 0.00063595 0.00064869 ... 0.00881015 0.00908634 0.00908634],"{'complete inhibition': 0, 'adapting inhibition': 1, 'partial inhibition': 2, 'no effect': 3, 'excitation': 4, 'biphasic IE': 5, 'biphasic EI': 6}",46.8,0.4412807207942334,0.024770590168513733,0.01936500000000052,0.9810650000000081,36.2,0.5453986789810075,0.03298674930561864,0.020344999999997525,0.9541750000000022,True,2.3,"[0.8 0.5 0.1 0.3 0.2 0.3 0.3 0.4 0.4 0.4 0.5 0.5 0.7 0.4 0.5 0.5 0.6 0.7
 0.7 0.7]",62.48222071133295,0.3937605189040127,0.01568021640826873,10.551566494035239,1.074096535225572,0.09478649425287364,3.3562197452368348,0.0027789298743982854,partial inhibition,2
228,AG8019,8,060922,1.4,4,Naive,16,5cell1,left,/Users/johnparker/paper_repos/Aristieta_Parker_Gao_Gittis_Rubin_2024_D1_GPe/data/d1_msns/pre_processed_data/Naive_D1-MSNs_cell_body_stim/Neuron_0016,/Users/johnparker/paper_repos/Aristieta_Parker_Gao_Gittis_Rubin_2024_D1_GPe/data/d1_msns/pre_processed_data/Naive_D1-MSNs_cell_body_stim,Naive_D1-MSNs_cell_body_stim,True,25,250,0.025,/Users/johnparker/paper_repos/Aristieta_Parker_Gao_Gittis_Rubin_2024_D1_GPe/data/d1_msns/processed_data/Naive_D1-MSNs_cell_body_stim/Neuron_0016,10,0.05,"['complete inhibition', 'complete inhibition', 'complete inhibition', 'complete inhibition', 'complete inhibition', 'complete inhibition', 'complete inhibition', 'complete inhibition', 'complete inhibition', 'complete inhibition']",[0 0 0 0 0 0 0 0 0 0],1.0,1.0,1.0,0.0,99,90,3,3,2,2,[],[],"{'complete inhibition': 0, 'adapting inhibition': 1, 'partial inhibition': 2, 'no effect': 3, 'excitation': 4, 'biphasic IE': 5, 'biphasic EI': 6}",15.7,0.7277123576373551,0.09194336674226464,0.09503499999999435,0.7991800000000069,0.5,0.0,0.03044749999999965,0.7224524999999943,0.7528999999999939,True,0.0,[1. 1. 1. 1. 1. 1. 1. 1. 1. 1. 1. 1. 1. 1. 1. 1. 1. 1. 1. 1.],28.424135834352178,0.8164661796650702,0.03512251150747986,3.4324718373858296,1.0307240828115105,0.2315260765550235,,,complete inhibition,0
229,AG8019,8,060922,1.7,2,Naive,11,3,right,/Users/johnparker/paper_repos/Aristieta_Parker_Gao_Gittis_Rubin_2024_D1_GPe/data/d1_msns/pre_processed_data/Naive_D1-MSNs_cell_body_stim/Neuron_0011,/Users/johnparker/paper_repos/Aristieta_Parker_Gao_Gittis_Rubin_2024_D1_GPe/data/d1_msns/pre_processed_data/Naive_D1-MSNs_cell_body_stim,Naive_D1-MSNs_cell_body_stim,True,25,250,0.025,/Users/johnparker/paper_repos/Aristieta_Parker_Gao_Gittis_Rubin_2024_D1_GPe/data/d1_msns/processed_data/Naive_D1-MSNs_cell_body_stim/Neuron_0011,10,0.05,"['excitation', 'adapting inhibition', 'no effect', 'biphasic IE', 'biphasic EI', 'biphasic EI', 'adapting inhibition', 'partial inhibition', 'partial inhibition', 'no effect']",[4 1 3 5 6 6 1 2 2 3],1.0,1.0,1.0,0.0,99,90,3,3,2,2,[0.7918407  1.02638752 1.03476356 ... 6.11684297 6.46314912 7.17587592],[0.98886769 1.1114714  1.11978744 ... 5.88315362 6.11684297 6.46314912],"{'complete inhibition': 0, 'adapting inhibition': 1, 'partial inhibition': 2, 'no effect': 3, 'excitation': 4, 'biphasic IE': 5, 'biphasic EI': 6}",59.8,0.38272283538839524,0.017145275940707645,0.008700000000001751,0.9950375000000022,48.3,0.6279257671859565,0.02039660885569594,0.04301249999999328,0.9879575000000032,False,3.3,"[1.  0.6 0.4 0.5 0.  0.3 0.3 0.4 0.2 0.3 0.7 0.6 0.4 0.5 0.4 0.4 0.4 0.8
 0.3 0.2]",56.32459686623415,0.4312915963507406,0.017753603603603604,46.05793763917563,0.6939247091940787,0.021709255178492762,3.8061795511699716,2.0752844412395604,adapting inhibition,1
